workerId,zone,week,rainfallMm,temperatureC,aqi,activityScore,riskTier
0,Rourkela-Zone1,0,12.7,20.9,190.6,0.753,medium
0,Rourkela-Zone1,1,24.9,24.0,193.9,0.835,medium
0,Rourkela-Zone1,2,6.9,24.0,196.0,0.639,medium
0,Rourkela-Zone1,3,44.1,25.1,186.7,0.801,medium
0,Rourkela-Zone1,4,25.7,23.1,141.1,0.546,medium
0,Rourkela-Zone1,5,45.3,27.0,116.6,0.589,medium
0,Rourkela-Zone1,6,0.0,24.7,122.1,0.838,low
0,Rourkela-Zone1,7,13.6,28.2,101.6,0.693,low
0,Rourkela-Zone1,8,7.1,26.4,113.0,0.777,low
0,Rourkela-Zone1,9,42.5,29.2,118.1,0.559,medium
0,Rourkela-Zone1,10,4.4,32.2,114.0,0.579,medium
0,Rourkela-Zone1,11,21.1,29.6,108.3,0.695,medium
0,Rourkela-Zone1,12,12.7,32.3,114.6,0.713,low
0,Rourkela-Zone1,13,30.3,35.3,104.7,0.726,medium
0,Rourkela-Zone1,14,11.6,36.0,119.1,0.845,low
0,Rourkela-Zone1,15,0.0,34.6,119.1,0.784,low
0,Rourkela-Zone1,16,8.5,36.6,116.0,0.839,high
0,Rourkela-Zone1,17,2.9,37.9,125.0,0.684,low
0,Rourkela-Zone1,18,19.5,39.1,114.0,0.661,medium
0,Rourkela-Zone1,19,16.4,41.1,111.6,0.574,medium
0,Rourkela-Zone1,20,59.8,40.2,117.1,0.722,high
0,Rourkela-Zone1,21,36.3,41.2,110.7,0.792,medium
0,Rourkela-Zone1,22,21.3,42.3,109.7,0.639,medium
0,Rourkela-Zone1,23,88.1,42.9,109.4,0.737,high
0,Rourkela-Zone1,24,118.1,43.9,107.7,0.765,high
0,Rourkela-Zone1,25,149.8,44.2,108.3,0.772,low
0,Rourkela-Zone1,26,149.3,42.9,99.3,0.646,high
0,Rourkela-Zone1,27,175.4,44.7,100.0,0.597,high
0,Rourkela-Zone1,28,191.7,40.9,96.9,0.72,high
0,Rourkela-Zone1,29,211.7,41.6,103.4,0.553,high
0,Rourkela-Zone1,30,223.5,41.2,94.6,0.759,high
0,Rourkela-Zone1,31,270.0,41.9,88.4,0.661,high
0,Rourkela-Zone1,32,262.3,41.3,93.0,0.717,high
0,Rourkela-Zone1,33,289.2,40.8,84.9,0.467,high
0,Rourkela-Zone1,34,271.3,38.8,90.9,0.862,high
0,Rourkela-Zone1,35,261.5,36.1,95.7,0.823,high
0,Rourkela-Zone1,36,265.7,34.2,99.6,0.678,high
0,Rourkela-Zone1,37,245.6,34.5,96.6,0.669,high
0,Rourkela-Zone1,38,252.5,34.9,100.7,0.785,high
0,Rourkela-Zone1,39,202.9,31.1,174.0,0.726,high
0,Rourkela-Zone1,40,262.6,29.5,162.4,0.805,high
0,Rourkela-Zone1,41,179.5,28.6,172.4,0.554,high
0,Rourkela-Zone1,42,143.8,27.3,183.1,0.663,high
0,Rourkela-Zone1,43,129.1,29.7,188.0,0.807,high
0,Rourkela-Zone1,44,104.7,25.8,177.6,0.634,high
0,Rourkela-Zone1,45,34.6,25.1,195.7,0.749,medium
0,Rourkela-Zone1,46,27.1,26.8,203.0,0.703,medium
0,Rourkela-Zone1,47,19.4,24.2,203.7,0.707,medium
0,Rourkela-Zone1,48,4.4,22.9,196.4,0.78,medium
0,Rourkela-Zone1,49,16.7,23.5,195.4,0.728,medium
0,Rourkela-Zone1,50,18.1,22.1,190.4,0.719,medium
0,Rourkela-Zone1,51,19.9,26.5,201.4,0.691,medium
0,Rourkela-Zone1,52,0.0,16.7,201.0,0.581,medium
1,Puri-Zone1,0,125.9,22.3,186.0,0.813,high
1,Puri-Zone1,1,116.2,22.7,185.0,0.85,high
1,Puri-Zone1,2,77.3,23.1,189.1,0.923,high
1,Puri-Zone1,3,144.2,24.7,182.0,0.715,high
1,Puri-Zone1,4,104.0,23.6,137.7,0.871,high
1,Puri-Zone1,5,75.6,24.8,105.9,0.938,high
1,Puri-Zone1,6,77.2,25.1,109.7,0.92,high
1,Puri-Zone1,7,81.9,25.9,100.3,0.726,high
1,Puri-Zone1,8,105.0,27.3,110.9,0.735,high
1,Puri-Zone1,9,117.3,26.6,105.0,0.873,high
1,Puri-Zone1,10,105.1,29.5,106.1,0.853,high
1,Puri-Zone1,11,92.2,31.1,109.7,0.824,high
1,Puri-Zone1,12,104.3,33.4,109.0,0.568,high
1,Puri-Zone1,13,69.9,32.5,108.0,0.827,high
1,Puri-Zone1,14,132.9,34.1,110.4,0.775,high
1,Puri-Zone1,15,100.4,36.5,110.0,0.922,high
1,Puri-Zone1,16,72.5,36.9,111.0,0.747,high
1,Puri-Zone1,17,94.5,37.0,95.1,0.831,high
1,Puri-Zone1,18,118.3,37.5,115.7,0.666,high
1,Puri-Zone1,19,114.9,40.1,103.0,0.666,low
1,Puri-Zone1,20,113.4,42.0,109.1,0.837,high
1,Puri-Zone1,21,66.8,41.2,111.9,0.589,high
1,Puri-Zone1,22,168.6,42.4,94.4,0.992,high
1,Puri-Zone1,23,169.2,41.7,96.7,0.666,high
1,Puri-Zone1,24,223.9,41.5,88.4,0.781,high
1,Puri-Zone1,25,238.0,42.9,88.3,0.555,high
1,Puri-Zone1,26,282.3,43.3,92.1,0.741,high
1,Puri-Zone1,27,270.7,41.6,90.7,0.814,high
1,Puri-Zone1,28,286.8,41.9,83.1,0.806,high
1,Puri-Zone1,29,340.7,40.4,88.9,0.9,high
1,Puri-Zone1,30,335.2,42.2,81.0,0.673,high
1,Puri-Zone1,31,385.5,40.3,84.7,0.777,high
1,Puri-Zone1,32,385.3,40.4,81.3,0.878,high
1,Puri-Zone1,33,344.1,40.2,81.4,0.813,high
1,Puri-Zone1,34,373.5,39.4,77.7,0.865,low
1,Puri-Zone1,35,389.2,37.7,64.0,0.831,high
1,Puri-Zone1,36,358.5,35.0,76.6,0.718,high
1,Puri-Zone1,37,354.0,35.9,92.4,0.749,low
1,Puri-Zone1,38,315.8,36.3,103.7,0.804,high
1,Puri-Zone1,39,351.5,35.2,150.6,0.705,high
1,Puri-Zone1,40,291.4,33.1,171.6,0.915,high
1,Puri-Zone1,41,285.5,31.7,169.0,0.854,high
1,Puri-Zone1,42,247.4,27.8,169.7,0.901,high
1,Puri-Zone1,43,246.9,27.8,159.6,0.814,high
1,Puri-Zone1,44,197.4,26.4,181.7,0.715,high
1,Puri-Zone1,45,159.8,23.8,182.3,0.846,high
1,Puri-Zone1,46,101.3,24.8,181.4,0.917,high
1,Puri-Zone1,47,113.6,24.7,191.0,0.814,high
1,Puri-Zone1,48,105.8,24.6,174.6,0.693,high
1,Puri-Zone1,49,69.5,24.6,191.0,0.727,high
1,Puri-Zone1,50,75.1,24.2,196.6,0.789,high
1,Puri-Zone1,51,109.4,21.1,192.7,0.931,high
1,Puri-Zone1,52,13.9,21.5,190.0,0.965,medium
2,Cuttack-Zone1,0,20.0,23.7,196.3,0.817,medium
2,Cuttack-Zone1,1,53.9,23.0,203.3,0.939,high
2,Cuttack-Zone1,2,39.0,22.9,200.9,0.843,medium
2,Cuttack-Zone1,3,52.1,24.6,189.0,0.775,high
2,Cuttack-Zone1,4,42.3,25.4,151.7,0.961,medium
2,Cuttack-Zone1,5,29.4,25.2,116.0,0.917,medium
2,Cuttack-Zone1,6,33.7,25.9,117.0,0.924,medium
2,Cuttack-Zone1,7,32.3,27.7,117.3,0.886,medium
2,Cuttack-Zone1,8,26.4,27.3,120.7,0.933,medium
2,Cuttack-Zone1,9,18.2,26.7,110.9,0.929,low
2,Cuttack-Zone1,10,12.5,29.6,110.7,0.986,low
2,Cuttack-Zone1,11,14.1,32.2,118.6,0.821,low
2,Cuttack-Zone1,12,53.2,30.8,110.4,0.992,high
2,Cuttack-Zone1,13,45.8,31.3,105.1,0.976,medium
2,Cuttack-Zone1,14,12.8,35.2,118.6,0.935,low
2,Cuttack-Zone1,15,68.1,36.8,115.9,0.906,medium
2,Cuttack-Zone1,16,12.1,37.5,111.4,0.935,low
2,Cuttack-Zone1,17,63.9,38.5,104.0,0.834,high
2,Cuttack-Zone1,18,62.2,40.9,113.7,0.783,high
2,Cuttack-Zone1,19,33.3,38.5,111.6,0.899,medium
2,Cuttack-Zone1,20,26.4,39.6,116.0,0.983,medium
2,Cuttack-Zone1,21,31.7,41.9,114.3,0.988,medium
2,Cuttack-Zone1,22,62.7,39.8,117.4,1.0,high
2,Cuttack-Zone1,23,79.2,41.7,106.4,0.923,high
2,Cuttack-Zone1,24,159.5,42.0,102.3,1.0,high
2,Cuttack-Zone1,25,246.6,43.2,96.1,0.927,high
2,Cuttack-Zone1,26,198.7,41.4,97.4,0.817,high
2,Cuttack-Zone1,27,282.6,43.4,82.7,0.841,high
2,Cuttack-Zone1,28,235.4,40.8,94.9,1.0,high
2,Cuttack-Zone1,29,238.0,42.0,95.3,0.817,high
2,Cuttack-Zone1,30,288.1,42.8,83.0,0.804,high
2,Cuttack-Zone1,31,263.5,38.7,89.7,1.0,high
2,Cuttack-Zone1,32,334.1,40.7,72.4,0.926,high
2,Cuttack-Zone1,33,337.1,38.6,73.7,0.926,low
2,Cuttack-Zone1,34,302.3,38.0,94.7,0.891,high
2,Cuttack-Zone1,35,285.6,36.6,81.6,0.945,high
2,Cuttack-Zone1,36,313.4,35.3,77.0,0.975,high
2,Cuttack-Zone1,37,325.5,35.0,78.6,0.865,high
2,Cuttack-Zone1,38,264.2,34.8,115.7,1.0,high
2,Cuttack-Zone1,39,271.7,31.9,178.6,0.863,high
2,Cuttack-Zone1,40,247.0,29.6,171.7,0.761,high
2,Cuttack-Zone1,41,190.4,30.8,175.7,0.727,medium
2,Cuttack-Zone1,42,184.7,28.1,171.0,0.863,high
2,Cuttack-Zone1,43,185.3,26.9,174.4,0.861,high
2,Cuttack-Zone1,44,119.5,26.5,181.4,0.906,high
2,Cuttack-Zone1,45,144.4,25.5,180.1,1.0,high
2,Cuttack-Zone1,46,76.7,24.8,191.4,0.976,medium
2,Cuttack-Zone1,47,22.2,23.5,199.6,0.803,medium
2,Cuttack-Zone1,48,49.5,23.0,193.1,0.872,medium
2,Cuttack-Zone1,49,56.2,22.8,188.0,0.909,high
2,Cuttack-Zone1,50,55.0,22.8,190.0,0.948,high
2,Cuttack-Zone1,51,44.3,24.1,197.1,0.821,medium
2,Cuttack-Zone1,52,0.9,17.3,221.0,0.958,medium
3,Puri-Zone1,0,125.9,22.3,186.0,0.395,high
3,Puri-Zone1,1,116.2,22.7,185.0,0.481,high
3,Puri-Zone1,2,77.3,23.1,189.1,0.387,high
3,Puri-Zone1,3,144.2,24.7,182.0,0.522,high
3,Puri-Zone1,4,104.0,23.6,137.7,0.533,high
3,Puri-Zone1,5,75.6,24.8,105.9,0.438,high
3,Puri-Zone1,6,77.2,25.1,109.7,0.672,high
3,Puri-Zone1,7,81.9,25.9,100.3,0.475,high
3,Puri-Zone1,8,105.0,27.3,110.9,0.307,high
3,Puri-Zone1,9,117.3,26.6,105.0,0.517,high
3,Puri-Zone1,10,105.1,29.5,106.1,0.612,high
3,Puri-Zone1,11,92.2,31.1,109.7,0.386,high
3,Puri-Zone1,12,104.3,33.4,109.0,0.315,high
3,Puri-Zone1,13,69.9,32.5,108.0,0.514,high
3,Puri-Zone1,14,132.9,34.1,110.4,0.435,high
3,Puri-Zone1,15,100.4,36.5,110.0,0.455,low
3,Puri-Zone1,16,72.5,36.9,111.0,0.459,high
3,Puri-Zone1,17,94.5,37.0,95.1,0.345,high
3,Puri-Zone1,18,118.3,37.5,115.7,0.475,high
3,Puri-Zone1,19,114.9,40.1,103.0,0.435,high
3,Puri-Zone1,20,113.4,42.0,109.1,0.424,high
3,Puri-Zone1,21,66.8,41.2,111.9,0.422,high
3,Puri-Zone1,22,168.6,42.4,94.4,0.482,high
3,Puri-Zone1,23,169.2,41.7,96.7,0.594,low
3,Puri-Zone1,24,223.9,41.5,88.4,0.418,high
3,Puri-Zone1,25,238.0,42.9,88.3,0.458,high
3,Puri-Zone1,26,282.3,43.3,92.1,0.396,high
3,Puri-Zone1,27,270.7,41.6,90.7,0.552,high
3,Puri-Zone1,28,286.8,41.9,83.1,0.372,high
3,Puri-Zone1,29,340.7,40.4,88.9,0.48,high
3,Puri-Zone1,30,335.2,42.2,81.0,0.614,high
3,Puri-Zone1,31,385.5,40.3,84.7,0.561,high
3,Puri-Zone1,32,385.3,40.4,81.3,0.407,high
3,Puri-Zone1,33,344.1,40.2,81.4,0.486,high
3,Puri-Zone1,34,373.5,39.4,77.7,0.444,high
3,Puri-Zone1,35,389.2,37.7,64.0,0.389,high
3,Puri-Zone1,36,358.5,35.0,76.6,0.338,high
3,Puri-Zone1,37,354.0,35.9,92.4,0.363,high
3,Puri-Zone1,38,315.8,36.3,103.7,0.428,high
3,Puri-Zone1,39,351.5,35.2,150.6,0.546,high
3,Puri-Zone1,40,291.4,33.1,171.6,0.216,high
3,Puri-Zone1,41,285.5,31.7,169.0,0.311,high
3,Puri-Zone1,42,247.4,27.8,169.7,0.5,high
3,Puri-Zone1,43,246.9,27.8,159.6,0.485,high
3,Puri-Zone1,44,197.4,26.4,181.7,0.356,high
3,Puri-Zone1,45,159.8,23.8,182.3,0.433,high
3,Puri-Zone1,46,101.3,24.8,181.4,0.557,high
3,Puri-Zone1,47,113.6,24.7,191.0,0.415,high
3,Puri-Zone1,48,105.8,24.6,174.6,0.467,high
3,Puri-Zone1,49,69.5,24.6,191.0,0.443,high
3,Puri-Zone1,50,75.1,24.2,196.6,0.591,high
3,Puri-Zone1,51,109.4,21.1,192.7,0.603,high
3,Puri-Zone1,52,13.9,21.5,190.0,0.472,low
4,Puri-Zone1,0,125.9,22.3,186.0,0.777,high
4,Puri-Zone1,1,116.2,22.7,185.0,0.921,high
4,Puri-Zone1,2,77.3,23.1,189.1,1.0,high
4,Puri-Zone1,3,144.2,24.7,182.0,0.913,high
4,Puri-Zone1,4,104.0,23.6,137.7,0.848,high
4,Puri-Zone1,5,75.6,24.8,105.9,0.805,high
4,Puri-Zone1,6,77.2,25.1,109.7,0.823,high
4,Puri-Zone1,7,81.9,25.9,100.3,0.995,high
4,Puri-Zone1,8,105.0,27.3,110.9,0.862,high
4,Puri-Zone1,9,117.3,26.6,105.0,0.787,high
4,Puri-Zone1,10,105.1,29.5,106.1,0.849,high
4,Puri-Zone1,11,92.2,31.1,109.7,0.802,high
4,Puri-Zone1,12,104.3,33.4,109.0,0.98,high
4,Puri-Zone1,13,69.9,32.5,108.0,0.737,high
4,Puri-Zone1,14,132.9,34.1,110.4,0.599,high
4,Puri-Zone1,15,100.4,36.5,110.0,0.981,high
4,Puri-Zone1,16,72.5,36.9,111.0,0.718,high
4,Puri-Zone1,17,94.5,37.0,95.1,1.0,high
4,Puri-Zone1,18,118.3,37.5,115.7,1.0,low
4,Puri-Zone1,19,114.9,40.1,103.0,0.893,high
4,Puri-Zone1,20,113.4,42.0,109.1,0.82,high
4,Puri-Zone1,21,66.8,41.2,111.9,0.969,high
4,Puri-Zone1,22,168.6,42.4,94.4,0.789,high
4,Puri-Zone1,23,169.2,41.7,96.7,0.989,high
4,Puri-Zone1,24,223.9,41.5,88.4,0.911,high
4,Puri-Zone1,25,238.0,42.9,88.3,0.813,high
4,Puri-Zone1,26,282.3,43.3,92.1,0.914,high
4,Puri-Zone1,27,270.7,41.6,90.7,0.797,medium
4,Puri-Zone1,28,286.8,41.9,83.1,0.822,high
4,Puri-Zone1,29,340.7,40.4,88.9,0.749,high
4,Puri-Zone1,30,335.2,42.2,81.0,0.923,high
4,Puri-Zone1,31,385.5,40.3,84.7,0.851,high
4,Puri-Zone1,32,385.3,40.4,81.3,0.742,high
4,Puri-Zone1,33,344.1,40.2,81.4,0.983,high
4,Puri-Zone1,34,373.5,39.4,77.7,0.882,high
4,Puri-Zone1,35,389.2,37.7,64.0,0.979,high
4,Puri-Zone1,36,358.5,35.0,76.6,0.899,high
4,Puri-Zone1,37,354.0,35.9,92.4,0.829,high
4,Puri-Zone1,38,315.8,36.3,103.7,0.796,high
4,Puri-Zone1,39,351.5,35.2,150.6,0.936,high
4,Puri-Zone1,40,291.4,33.1,171.6,1.0,high
4,Puri-Zone1,41,285.5,31.7,169.0,0.926,high
4,Puri-Zone1,42,247.4,27.8,169.7,0.826,high
4,Puri-Zone1,43,246.9,27.8,159.6,0.904,high
4,Puri-Zone1,44,197.4,26.4,181.7,0.903,high
4,Puri-Zone1,45,159.8,23.8,182.3,0.849,high
4,Puri-Zone1,46,101.3,24.8,181.4,0.962,high
4,Puri-Zone1,47,113.6,24.7,191.0,0.74,high
4,Puri-Zone1,48,105.8,24.6,174.6,0.775,low
4,Puri-Zone1,49,69.5,24.6,191.0,0.807,high
4,Puri-Zone1,50,75.1,24.2,196.6,0.909,high
4,Puri-Zone1,51,109.4,21.1,192.7,0.897,high
4,Puri-Zone1,52,13.9,21.5,190.0,0.961,high
5,Bhubaneswar-Zone2,0,108.4,21.1,189.9,0.537,high
5,Bhubaneswar-Zone2,1,66.7,23.3,193.3,0.332,high
5,Bhubaneswar-Zone2,2,91.1,21.0,196.0,0.275,high
5,Bhubaneswar-Zone2,3,88.0,23.2,190.6,0.528,high
5,Bhubaneswar-Zone2,4,72.7,23.2,136.9,0.496,high
5,Bhubaneswar-Zone2,5,70.9,23.7,114.6,0.48,high
5,Bhubaneswar-Zone2,6,57.1,25.3,117.9,0.545,high
5,Bhubaneswar-Zone2,7,97.0,27.2,108.0,0.522,high
5,Bhubaneswar-Zone2,8,46.4,29.7,118.6,0.534,high
5,Bhubaneswar-Zone2,9,41.6,29.3,109.4,0.603,medium
5,Bhubaneswar-Zone2,10,89.7,31.0,125.9,0.708,high
5,Bhubaneswar-Zone2,11,48.2,31.0,113.4,0.425,medium
5,Bhubaneswar-Zone2,12,51.8,32.7,113.7,0.711,high
5,Bhubaneswar-Zone2,13,128.9,34.8,95.1,0.49,low
5,Bhubaneswar-Zone2,14,48.1,34.4,114.6,0.48,medium
5,Bhubaneswar-Zone2,15,83.4,36.8,106.0,0.582,high
5,Bhubaneswar-Zone2,16,85.1,37.7,110.0,0.341,high
5,Bhubaneswar-Zone2,17,79.0,37.4,102.9,0.597,high
5,Bhubaneswar-Zone2,18,104.4,39.9,105.0,0.673,high
5,Bhubaneswar-Zone2,19,111.3,41.9,103.0,0.492,high
5,Bhubaneswar-Zone2,20,72.2,41.6,115.3,0.485,high
5,Bhubaneswar-Zone2,21,49.8,41.0,114.1,0.588,medium
5,Bhubaneswar-Zone2,22,74.5,40.8,103.9,0.434,high
5,Bhubaneswar-Zone2,23,135.2,42.9,108.3,0.422,high
5,Bhubaneswar-Zone2,24,142.8,45.0,110.1,0.431,high
5,Bhubaneswar-Zone2,25,213.2,44.1,96.4,0.451,high
5,Bhubaneswar-Zone2,26,244.8,41.9,89.4,0.505,low
5,Bhubaneswar-Zone2,27,229.8,42.9,94.4,0.39,high
5,Bhubaneswar-Zone2,28,257.8,43.2,89.7,0.491,high
5,Bhubaneswar-Zone2,29,279.6,42.9,86.7,0.646,high
5,Bhubaneswar-Zone2,30,323.3,39.3,86.4,0.475,high
5,Bhubaneswar-Zone2,31,349.4,41.3,75.7,0.466,high
5,Bhubaneswar-Zone2,32,343.1,39.3,87.0,0.452,high
5,Bhubaneswar-Zone2,33,339.2,37.7,72.0,0.413,high
5,Bhubaneswar-Zone2,34,333.2,38.6,85.4,0.409,high
5,Bhubaneswar-Zone2,35,359.8,35.4,79.1,0.44,high
5,Bhubaneswar-Zone2,36,362.9,35.0,81.6,0.347,low
5,Bhubaneswar-Zone2,37,299.2,34.3,85.6,0.441,high
5,Bhubaneswar-Zone2,38,297.3,31.5,112.0,0.499,high
5,Bhubaneswar-Zone2,39,298.5,33.3,172.7,0.362,high
5,Bhubaneswar-Zone2,40,306.6,31.3,161.4,0.494,high
5,Bhubaneswar-Zone2,41,250.9,30.8,175.1,0.511,medium
5,Bhubaneswar-Zone2,42,222.5,32.6,174.1,0.357,high
5,Bhubaneswar-Zone2,43,240.7,28.6,180.7,0.454,high
5,Bhubaneswar-Zone2,44,170.7,25.8,181.1,0.58,high
5,Bhubaneswar-Zone2,45,115.2,27.1,179.3,0.453,low
5,Bhubaneswar-Zone2,46,103.4,24.2,181.1,0.368,high
5,Bhubaneswar-Zone2,47,123.4,26.9,181.4,0.524,high
5,Bhubaneswar-Zone2,48,92.9,23.7,190.6,0.427,high
5,Bhubaneswar-Zone2,49,71.1,23.2,195.3,0.61,high
5,Bhubaneswar-Zone2,50,89.6,23.4,189.3,0.504,high
5,Bhubaneswar-Zone2,51,31.0,23.1,195.4,0.432,medium
5,Bhubaneswar-Zone2,52,3.2,17.6,200.0,0.351,medium
6,Cuttack-Zone1,0,20.0,23.7,196.3,0.706,medium
6,Cuttack-Zone1,1,53.9,23.0,203.3,0.73,high
6,Cuttack-Zone1,2,39.0,22.9,200.9,0.631,medium
6,Cuttack-Zone1,3,52.1,24.6,189.0,0.694,high
6,Cuttack-Zone1,4,42.3,25.4,151.7,0.642,medium
6,Cuttack-Zone1,5,29.4,25.2,116.0,0.737,medium
6,Cuttack-Zone1,6,33.7,25.9,117.0,0.612,medium
6,Cuttack-Zone1,7,32.3,27.7,117.3,0.706,medium
6,Cuttack-Zone1,8,26.4,27.3,120.7,0.659,medium
6,Cuttack-Zone1,9,18.2,26.7,110.9,0.765,low
6,Cuttack-Zone1,10,12.5,29.6,110.7,0.858,low
6,Cuttack-Zone1,11,14.1,32.2,118.6,0.573,low
6,Cuttack-Zone1,12,53.2,30.8,110.4,0.685,high
6,Cuttack-Zone1,13,45.8,31.3,105.1,0.934,medium
6,Cuttack-Zone1,14,12.8,35.2,118.6,0.649,low
6,Cuttack-Zone1,15,68.1,36.8,115.9,0.648,high
6,Cuttack-Zone1,16,12.1,37.5,111.4,0.808,low
6,Cuttack-Zone1,17,63.9,38.5,104.0,0.691,high
6,Cuttack-Zone1,18,62.2,40.9,113.7,0.711,high
6,Cuttack-Zone1,19,33.3,38.5,111.6,0.87,medium
6,Cuttack-Zone1,20,26.4,39.6,116.0,0.759,medium
6,Cuttack-Zone1,21,31.7,41.9,114.3,0.66,medium
6,Cuttack-Zone1,22,62.7,39.8,117.4,0.813,low
6,Cuttack-Zone1,23,79.2,41.7,106.4,0.665,high
6,Cuttack-Zone1,24,159.5,42.0,102.3,0.863,high
6,Cuttack-Zone1,25,246.6,43.2,96.1,0.605,high
6,Cuttack-Zone1,26,198.7,41.4,97.4,0.653,high
6,Cuttack-Zone1,27,282.6,43.4,82.7,0.823,high
6,Cuttack-Zone1,28,235.4,40.8,94.9,0.498,high
6,Cuttack-Zone1,29,238.0,42.0,95.3,0.61,high
6,Cuttack-Zone1,30,288.1,42.8,83.0,0.838,high
6,Cuttack-Zone1,31,263.5,38.7,89.7,0.757,high
6,Cuttack-Zone1,32,334.1,40.7,72.4,0.654,high
6,Cuttack-Zone1,33,337.1,38.6,73.7,0.558,high
6,Cuttack-Zone1,34,302.3,38.0,94.7,0.583,medium
6,Cuttack-Zone1,35,285.6,36.6,81.6,0.636,high
6,Cuttack-Zone1,36,313.4,35.3,77.0,0.623,high
6,Cuttack-Zone1,37,325.5,35.0,78.6,0.659,high
6,Cuttack-Zone1,38,264.2,34.8,115.7,0.776,high
6,Cuttack-Zone1,39,271.7,31.9,178.6,0.841,high
6,Cuttack-Zone1,40,247.0,29.6,171.7,0.677,high
6,Cuttack-Zone1,41,190.4,30.8,175.7,0.707,high
6,Cuttack-Zone1,42,184.7,28.1,171.0,0.632,high
6,Cuttack-Zone1,43,185.3,26.9,174.4,0.678,high
6,Cuttack-Zone1,44,119.5,26.5,181.4,0.636,high
6,Cuttack-Zone1,45,144.4,25.5,180.1,0.668,high
6,Cuttack-Zone1,46,76.7,24.8,191.4,0.499,high
6,Cuttack-Zone1,47,22.2,23.5,199.6,0.644,medium
6,Cuttack-Zone1,48,49.5,23.0,193.1,0.67,medium
6,Cuttack-Zone1,49,56.2,22.8,188.0,0.702,high
6,Cuttack-Zone1,50,55.0,22.8,190.0,0.525,high
6,Cuttack-Zone1,51,44.3,24.1,197.1,0.531,medium
6,Cuttack-Zone1,52,0.9,17.3,221.0,0.698,medium
7,Cuttack-Zone1,0,20.0,23.7,196.3,0.629,medium
7,Cuttack-Zone1,1,53.9,23.0,203.3,0.725,high
7,Cuttack-Zone1,2,39.0,22.9,200.9,0.87,medium
7,Cuttack-Zone1,3,52.1,24.6,189.0,0.621,high
7,Cuttack-Zone1,4,42.3,25.4,151.7,0.66,medium
7,Cuttack-Zone1,5,29.4,25.2,116.0,0.843,medium
7,Cuttack-Zone1,6,33.7,25.9,117.0,0.564,medium
7,Cuttack-Zone1,7,32.3,27.7,117.3,0.726,medium
7,Cuttack-Zone1,8,26.4,27.3,120.7,0.98,medium
7,Cuttack-Zone1,9,18.2,26.7,110.9,0.776,low
7,Cuttack-Zone1,10,12.5,29.6,110.7,0.837,low
7,Cuttack-Zone1,11,14.1,32.2,118.6,0.702,low
7,Cuttack-Zone1,12,53.2,30.8,110.4,0.619,high
7,Cuttack-Zone1,13,45.8,31.3,105.1,0.913,medium
7,Cuttack-Zone1,14,12.8,35.2,118.6,0.903,low
7,Cuttack-Zone1,15,68.1,36.8,115.9,0.679,high
7,Cuttack-Zone1,16,12.1,37.5,111.4,0.754,low
7,Cuttack-Zone1,17,63.9,38.5,104.0,0.749,high
7,Cuttack-Zone1,18,62.2,40.9,113.7,0.812,high
7,Cuttack-Zone1,19,33.3,38.5,111.6,0.554,medium
7,Cuttack-Zone1,20,26.4,39.6,116.0,0.739,medium
7,Cuttack-Zone1,21,31.7,41.9,114.3,0.565,medium
7,Cuttack-Zone1,22,62.7,39.8,117.4,0.94,high
7,Cuttack-Zone1,23,79.2,41.7,106.4,0.883,high
7,Cuttack-Zone1,24,159.5,42.0,102.3,0.664,high
7,Cuttack-Zone1,25,246.6,43.2,96.1,0.958,high
7,Cuttack-Zone1,26,198.7,41.4,97.4,0.63,high
7,Cuttack-Zone1,27,282.6,43.4,82.7,0.763,low
7,Cuttack-Zone1,28,235.4,40.8,94.9,0.746,high
7,Cuttack-Zone1,29,238.0,42.0,95.3,0.806,high
7,Cuttack-Zone1,30,288.1,42.8,83.0,0.453,high
7,Cuttack-Zone1,31,263.5,38.7,89.7,0.745,high
7,Cuttack-Zone1,32,334.1,40.7,72.4,0.708,high
7,Cuttack-Zone1,33,337.1,38.6,73.7,0.669,high
7,Cuttack-Zone1,34,302.3,38.0,94.7,0.787,high
7,Cuttack-Zone1,35,285.6,36.6,81.6,0.684,high
7,Cuttack-Zone1,36,313.4,35.3,77.0,0.833,high
7,Cuttack-Zone1,37,325.5,35.0,78.6,0.842,high
7,Cuttack-Zone1,38,264.2,34.8,115.7,0.798,low
7,Cuttack-Zone1,39,271.7,31.9,178.6,0.868,low
7,Cuttack-Zone1,40,247.0,29.6,171.7,0.603,high
7,Cuttack-Zone1,41,190.4,30.8,175.7,0.816,high
7,Cuttack-Zone1,42,184.7,28.1,171.0,0.865,high
7,Cuttack-Zone1,43,185.3,26.9,174.4,0.67,high
7,Cuttack-Zone1,44,119.5,26.5,181.4,0.768,medium
7,Cuttack-Zone1,45,144.4,25.5,180.1,0.958,high
7,Cuttack-Zone1,46,76.7,24.8,191.4,0.825,high
7,Cuttack-Zone1,47,22.2,23.5,199.6,0.786,medium
7,Cuttack-Zone1,48,49.5,23.0,193.1,0.826,medium
7,Cuttack-Zone1,49,56.2,22.8,188.0,0.733,high
7,Cuttack-Zone1,50,55.0,22.8,190.0,0.585,high
7,Cuttack-Zone1,51,44.3,24.1,197.1,0.637,medium
7,Cuttack-Zone1,52,0.9,17.3,221.0,0.81,medium
8,Cuttack-Zone1,0,20.0,23.7,196.3,0.239,medium
8,Cuttack-Zone1,1,53.9,23.0,203.3,0.27,high
8,Cuttack-Zone1,2,39.0,22.9,200.9,0.163,medium
8,Cuttack-Zone1,3,52.1,24.6,189.0,0.304,high
8,Cuttack-Zone1,4,42.3,25.4,151.7,0.152,medium
8,Cuttack-Zone1,5,29.4,25.2,116.0,0.438,medium
8,Cuttack-Zone1,6,33.7,25.9,117.0,0.318,medium
8,Cuttack-Zone1,7,32.3,27.7,117.3,0.418,medium
8,Cuttack-Zone1,8,26.4,27.3,120.7,0.253,medium
8,Cuttack-Zone1,9,18.2,26.7,110.9,0.336,medium
8,Cuttack-Zone1,10,12.5,29.6,110.7,0.402,low
8,Cuttack-Zone1,11,14.1,32.2,118.6,0.373,medium
8,Cuttack-Zone1,12,53.2,30.8,110.4,0.202,high
8,Cuttack-Zone1,13,45.8,31.3,105.1,0.324,medium
8,Cuttack-Zone1,14,12.8,35.2,118.6,0.134,medium
8,Cuttack-Zone1,15,68.1,36.8,115.9,0.315,high
8,Cuttack-Zone1,16,12.1,37.5,111.4,0.255,medium
8,Cuttack-Zone1,17,63.9,38.5,104.0,0.319,high
8,Cuttack-Zone1,18,62.2,40.9,113.7,0.232,high
8,Cuttack-Zone1,19,33.3,38.5,111.6,0.43,medium
8,Cuttack-Zone1,20,26.4,39.6,116.0,0.39,medium
8,Cuttack-Zone1,21,31.7,41.9,114.3,0.269,medium
8,Cuttack-Zone1,22,62.7,39.8,117.4,0.302,high
8,Cuttack-Zone1,23,79.2,41.7,106.4,0.412,high
8,Cuttack-Zone1,24,159.5,42.0,102.3,0.311,high
8,Cuttack-Zone1,25,246.6,43.2,96.1,0.516,high
8,Cuttack-Zone1,26,198.7,41.4,97.4,0.37,high
8,Cuttack-Zone1,27,282.6,43.4,82.7,0.236,high
8,Cuttack-Zone1,28,235.4,40.8,94.9,0.212,high
8,Cuttack-Zone1,29,238.0,42.0,95.3,0.423,high
8,Cuttack-Zone1,30,288.1,42.8,83.0,0.274,high
8,Cuttack-Zone1,31,263.5,38.7,89.7,0.332,high
8,Cuttack-Zone1,32,334.1,40.7,72.4,0.034,high
8,Cuttack-Zone1,33,337.1,38.6,73.7,0.319,high
8,Cuttack-Zone1,34,302.3,38.0,94.7,0.177,low
8,Cuttack-Zone1,35,285.6,36.6,81.6,0.176,high
8,Cuttack-Zone1,36,313.4,35.3,77.0,0.101,high
8,Cuttack-Zone1,37,325.5,35.0,78.6,0.451,high
8,Cuttack-Zone1,38,264.2,34.8,115.7,0.357,high
8,Cuttack-Zone1,39,271.7,31.9,178.6,0.38,high
8,Cuttack-Zone1,40,247.0,29.6,171.7,0.385,high
8,Cuttack-Zone1,41,190.4,30.8,175.7,0.301,high
8,Cuttack-Zone1,42,184.7,28.1,171.0,0.283,high
8,Cuttack-Zone1,43,185.3,26.9,174.4,0.514,high
8,Cuttack-Zone1,44,119.5,26.5,181.4,0.329,high
8,Cuttack-Zone1,45,144.4,25.5,180.1,0.286,high
8,Cuttack-Zone1,46,76.7,24.8,191.4,0.225,high
8,Cuttack-Zone1,47,22.2,23.5,199.6,0.328,medium
8,Cuttack-Zone1,48,49.5,23.0,193.1,0.335,high
8,Cuttack-Zone1,49,56.2,22.8,188.0,0.326,high
8,Cuttack-Zone1,50,55.0,22.8,190.0,0.559,high
8,Cuttack-Zone1,51,44.3,24.1,197.1,0.396,medium
8,Cuttack-Zone1,52,0.9,17.3,221.0,0.307,medium
9,Puri-Zone1,0,125.9,22.3,186.0,0.716,high
9,Puri-Zone1,1,116.2,22.7,185.0,0.678,high
9,Puri-Zone1,2,77.3,23.1,189.1,0.693,high
9,Puri-Zone1,3,144.2,24.7,182.0,0.688,high
9,Puri-Zone1,4,104.0,23.6,137.7,0.778,high
9,Puri-Zone1,5,75.6,24.8,105.9,0.739,high
9,Puri-Zone1,6,77.2,25.1,109.7,0.636,high
9,Puri-Zone1,7,81.9,25.9,100.3,0.68,high
9,Puri-Zone1,8,105.0,27.3,110.9,0.838,high
9,Puri-Zone1,9,117.3,26.6,105.0,0.953,high
9,Puri-Zone1,10,105.1,29.5,106.1,0.843,high
9,Puri-Zone1,11,92.2,31.1,109.7,0.817,high
9,Puri-Zone1,12,104.3,33.4,109.0,0.959,high
9,Puri-Zone1,13,69.9,32.5,108.0,0.671,high
9,Puri-Zone1,14,132.9,34.1,110.4,0.698,high
9,Puri-Zone1,15,100.4,36.5,110.0,0.796,high
9,Puri-Zone1,16,72.5,36.9,111.0,0.78,high
9,Puri-Zone1,17,94.5,37.0,95.1,0.782,high
9,Puri-Zone1,18,118.3,37.5,115.7,0.72,high
9,Puri-Zone1,19,114.9,40.1,103.0,0.784,high
9,Puri-Zone1,20,113.4,42.0,109.1,0.605,high
9,Puri-Zone1,21,66.8,41.2,111.9,0.912,high
9,Puri-Zone1,22,168.6,42.4,94.4,0.797,high
9,Puri-Zone1,23,169.2,41.7,96.7,0.848,high
9,Puri-Zone1,24,223.9,41.5,88.4,0.79,high
9,Puri-Zone1,25,238.0,42.9,88.3,0.855,high
9,Puri-Zone1,26,282.3,43.3,92.1,0.771,high
9,Puri-Zone1,27,270.7,41.6,90.7,0.889,high
9,Puri-Zone1,28,286.8,41.9,83.1,0.675,medium
9,Puri-Zone1,29,340.7,40.4,88.9,0.656,high
9,Puri-Zone1,30,335.2,42.2,81.0,0.749,high
9,Puri-Zone1,31,385.5,40.3,84.7,0.765,high
9,Puri-Zone1,32,385.3,40.4,81.3,0.602,medium
9,Puri-Zone1,33,344.1,40.2,81.4,0.634,high
9,Puri-Zone1,34,373.5,39.4,77.7,0.784,high
9,Puri-Zone1,35,389.2,37.7,64.0,0.759,high
9,Puri-Zone1,36,358.5,35.0,76.6,0.877,high
9,Puri-Zone1,37,354.0,35.9,92.4,0.527,high
9,Puri-Zone1,38,315.8,36.3,103.7,0.825,high
9,Puri-Zone1,39,351.5,35.2,150.6,0.762,high
9,Puri-Zone1,40,291.4,33.1,171.6,0.993,high
9,Puri-Zone1,41,285.5,31.7,169.0,0.614,high
9,Puri-Zone1,42,247.4,27.8,169.7,0.777,high
9,Puri-Zone1,43,246.9,27.8,159.6,0.714,medium
9,Puri-Zone1,44,197.4,26.4,181.7,0.707,high
9,Puri-Zone1,45,159.8,23.8,182.3,0.807,high
9,Puri-Zone1,46,101.3,24.8,181.4,0.767,high
9,Puri-Zone1,47,113.6,24.7,191.0,0.945,high
9,Puri-Zone1,48,105.8,24.6,174.6,0.746,high
9,Puri-Zone1,49,69.5,24.6,191.0,0.669,high
9,Puri-Zone1,50,75.1,24.2,196.6,0.812,high
9,Puri-Zone1,51,109.4,21.1,192.7,0.733,low
9,Puri-Zone1,52,13.9,21.5,190.0,0.765,medium
10,Rourkela-Zone1,0,12.7,20.9,190.6,1.0,medium
10,Rourkela-Zone1,1,24.9,24.0,193.9,0.99,medium
10,Rourkela-Zone1,2,6.9,24.0,196.0,1.0,medium
10,Rourkela-Zone1,3,44.1,25.1,186.7,1.0,medium
10,Rourkela-Zone1,4,25.7,23.1,141.1,0.965,medium
10,Rourkela-Zone1,5,45.3,27.0,116.6,0.918,medium
10,Rourkela-Zone1,6,0.0,24.7,122.1,0.891,low
10,Rourkela-Zone1,7,13.6,28.2,101.6,0.81,low
10,Rourkela-Zone1,8,7.1,26.4,113.0,0.832,low
10,Rourkela-Zone1,9,42.5,29.2,118.1,0.806,medium
10,Rourkela-Zone1,10,4.4,32.2,114.0,0.977,low
10,Rourkela-Zone1,11,21.1,29.6,108.3,1.0,medium
10,Rourkela-Zone1,12,12.7,32.3,114.6,1.0,low
10,Rourkela-Zone1,13,30.3,35.3,104.7,0.809,medium
10,Rourkela-Zone1,14,11.6,36.0,119.1,0.896,low
10,Rourkela-Zone1,15,0.0,34.6,119.1,0.907,low
10,Rourkela-Zone1,16,8.5,36.6,116.0,0.814,medium
10,Rourkela-Zone1,17,2.9,37.9,125.0,0.97,low
10,Rourkela-Zone1,18,19.5,39.1,114.0,1.0,medium
10,Rourkela-Zone1,19,16.4,41.1,111.6,0.88,medium
10,Rourkela-Zone1,20,59.8,40.2,117.1,1.0,high
10,Rourkela-Zone1,21,36.3,41.2,110.7,1.0,medium
10,Rourkela-Zone1,22,21.3,42.3,109.7,0.948,medium
10,Rourkela-Zone1,23,88.1,42.9,109.4,0.984,high
10,Rourkela-Zone1,24,118.1,43.9,107.7,0.935,high
10,Rourkela-Zone1,25,149.8,44.2,108.3,1.0,high
10,Rourkela-Zone1,26,149.3,42.9,99.3,0.978,high
10,Rourkela-Zone1,27,175.4,44.7,100.0,1.0,high
10,Rourkela-Zone1,28,191.7,40.9,96.9,1.0,medium
10,Rourkela-Zone1,29,211.7,41.6,103.4,0.804,medium
10,Rourkela-Zone1,30,223.5,41.2,94.6,0.968,high
10,Rourkela-Zone1,31,270.0,41.9,88.4,1.0,high
10,Rourkela-Zone1,32,262.3,41.3,93.0,0.919,high
10,Rourkela-Zone1,33,289.2,40.8,84.9,1.0,high
10,Rourkela-Zone1,34,271.3,38.8,90.9,0.871,high
10,Rourkela-Zone1,35,261.5,36.1,95.7,1.0,high
10,Rourkela-Zone1,36,265.7,34.2,99.6,0.909,medium
10,Rourkela-Zone1,37,245.6,34.5,96.6,0.8,high
10,Rourkela-Zone1,38,252.5,34.9,100.7,1.0,medium
10,Rourkela-Zone1,39,202.9,31.1,174.0,1.0,medium
10,Rourkela-Zone1,40,262.6,29.5,162.4,0.908,high
10,Rourkela-Zone1,41,179.5,28.6,172.4,0.908,high
10,Rourkela-Zone1,42,143.8,27.3,183.1,1.0,high
10,Rourkela-Zone1,43,129.1,29.7,188.0,0.876,high
10,Rourkela-Zone1,44,104.7,25.8,177.6,1.0,high
10,Rourkela-Zone1,45,34.6,25.1,195.7,1.0,medium
10,Rourkela-Zone1,46,27.1,26.8,203.0,0.881,medium
10,Rourkela-Zone1,47,19.4,24.2,203.7,0.874,medium
10,Rourkela-Zone1,48,4.4,22.9,196.4,1.0,medium
10,Rourkela-Zone1,49,16.7,23.5,195.4,0.891,medium
10,Rourkela-Zone1,50,18.1,22.1,190.4,0.838,medium
10,Rourkela-Zone1,51,19.9,26.5,201.4,0.787,medium
10,Rourkela-Zone1,52,0.0,16.7,201.0,1.0,medium
11,Cuttack-Zone1,0,20.0,23.7,196.3,1.0,low
11,Cuttack-Zone1,1,53.9,23.0,203.3,0.907,high
11,Cuttack-Zone1,2,39.0,22.9,200.9,0.845,medium
11,Cuttack-Zone1,3,52.1,24.6,189.0,1.0,high
11,Cuttack-Zone1,4,42.3,25.4,151.7,0.891,medium
11,Cuttack-Zone1,5,29.4,25.2,116.0,0.855,medium
11,Cuttack-Zone1,6,33.7,25.9,117.0,0.905,medium
11,Cuttack-Zone1,7,32.3,27.7,117.3,0.818,low
11,Cuttack-Zone1,8,26.4,27.3,120.7,0.954,medium
11,Cuttack-Zone1,9,18.2,26.7,110.9,0.73,low
11,Cuttack-Zone1,10,12.5,29.6,110.7,0.737,low
11,Cuttack-Zone1,11,14.1,32.2,118.6,0.966,low
11,Cuttack-Zone1,12,53.2,30.8,110.4,0.953,high
11,Cuttack-Zone1,13,45.8,31.3,105.1,0.621,medium
11,Cuttack-Zone1,14,12.8,35.2,118.6,0.852,low
11,Cuttack-Zone1,15,68.1,36.8,115.9,0.788,high
11,Cuttack-Zone1,16,12.1,37.5,111.4,1.0,medium
11,Cuttack-Zone1,17,63.9,38.5,104.0,0.967,high
11,Cuttack-Zone1,18,62.2,40.9,113.7,0.896,high
11,Cuttack-Zone1,19,33.3,38.5,111.6,1.0,medium
11,Cuttack-Zone1,20,26.4,39.6,116.0,0.861,medium
11,Cuttack-Zone1,21,31.7,41.9,114.3,0.682,medium
11,Cuttack-Zone1,22,62.7,39.8,117.4,0.794,high
11,Cuttack-Zone1,23,79.2,41.7,106.4,0.878,high
11,Cuttack-Zone1,24,159.5,42.0,102.3,0.883,high
11,Cuttack-Zone1,25,246.6,43.2,96.1,0.956,high
11,Cuttack-Zone1,26,198.7,41.4,97.4,0.804,medium
11,Cuttack-Zone1,27,282.6,43.4,82.7,0.971,high
11,Cuttack-Zone1,28,235.4,40.8,94.9,1.0,high
11,Cuttack-Zone1,29,238.0,42.0,95.3,0.867,high
11,Cuttack-Zone1,30,288.1,42.8,83.0,0.796,high
11,Cuttack-Zone1,31,263.5,38.7,89.7,0.985,high
11,Cuttack-Zone1,32,334.1,40.7,72.4,0.708,high
11,Cuttack-Zone1,33,337.1,38.6,73.7,0.791,high
11,Cuttack-Zone1,34,302.3,38.0,94.7,0.845,high
11,Cuttack-Zone1,35,285.6,36.6,81.6,1.0,high
11,Cuttack-Zone1,36,313.4,35.3,77.0,0.794,high
11,Cuttack-Zone1,37,325.5,35.0,78.6,0.876,high
11,Cuttack-Zone1,38,264.2,34.8,115.7,0.856,high
11,Cuttack-Zone1,39,271.7,31.9,178.6,0.886,high
11,Cuttack-Zone1,40,247.0,29.6,171.7,0.824,high
11,Cuttack-Zone1,41,190.4,30.8,175.7,0.857,high
11,Cuttack-Zone1,42,184.7,28.1,171.0,0.833,high
11,Cuttack-Zone1,43,185.3,26.9,174.4,0.899,high
11,Cuttack-Zone1,44,119.5,26.5,181.4,0.864,high
11,Cuttack-Zone1,45,144.4,25.5,180.1,0.725,high
11,Cuttack-Zone1,46,76.7,24.8,191.4,0.897,high
11,Cuttack-Zone1,47,22.2,23.5,199.6,0.851,medium
11,Cuttack-Zone1,48,49.5,23.0,193.1,0.715,medium
11,Cuttack-Zone1,49,56.2,22.8,188.0,0.88,high
11,Cuttack-Zone1,50,55.0,22.8,190.0,0.867,low
11,Cuttack-Zone1,51,44.3,24.1,197.1,1.0,medium
11,Cuttack-Zone1,52,0.9,17.3,221.0,0.797,medium
12,Puri-Zone1,0,125.9,22.3,186.0,0.844,high
12,Puri-Zone1,1,116.2,22.7,185.0,0.717,high
12,Puri-Zone1,2,77.3,23.1,189.1,0.474,high
12,Puri-Zone1,3,144.2,24.7,182.0,0.853,high
12,Puri-Zone1,4,104.0,23.6,137.7,0.475,low
12,Puri-Zone1,5,75.6,24.8,105.9,0.656,high
12,Puri-Zone1,6,77.2,25.1,109.7,0.855,high
12,Puri-Zone1,7,81.9,25.9,100.3,0.542,high
12,Puri-Zone1,8,105.0,27.3,110.9,0.495,low
12,Puri-Zone1,9,117.3,26.6,105.0,0.783,high
12,Puri-Zone1,10,105.1,29.5,106.1,0.607,high
12,Puri-Zone1,11,92.2,31.1,109.7,0.477,high
12,Puri-Zone1,12,104.3,33.4,109.0,0.601,high
12,Puri-Zone1,13,69.9,32.5,108.0,0.682,high
12,Puri-Zone1,14,132.9,34.1,110.4,0.553,high
12,Puri-Zone1,15,100.4,36.5,110.0,0.625,high
12,Puri-Zone1,16,72.5,36.9,111.0,0.479,high
12,Puri-Zone1,17,94.5,37.0,95.1,0.596,high
12,Puri-Zone1,18,118.3,37.5,115.7,0.641,high
12,Puri-Zone1,19,114.9,40.1,103.0,0.631,high
12,Puri-Zone1,20,113.4,42.0,109.1,0.72,high
12,Puri-Zone1,21,66.8,41.2,111.9,0.542,high
12,Puri-Zone1,22,168.6,42.4,94.4,0.675,high
12,Puri-Zone1,23,169.2,41.7,96.7,0.696,high
12,Puri-Zone1,24,223.9,41.5,88.4,0.615,high
12,Puri-Zone1,25,238.0,42.9,88.3,0.709,high
12,Puri-Zone1,26,282.3,43.3,92.1,0.799,high
12,Puri-Zone1,27,270.7,41.6,90.7,0.803,high
12,Puri-Zone1,28,286.8,41.9,83.1,0.612,high
12,Puri-Zone1,29,340.7,40.4,88.9,0.729,high
12,Puri-Zone1,30,335.2,42.2,81.0,0.592,high
12,Puri-Zone1,31,385.5,40.3,84.7,0.772,high
12,Puri-Zone1,32,385.3,40.4,81.3,0.6,high
12,Puri-Zone1,33,344.1,40.2,81.4,0.786,high
12,Puri-Zone1,34,373.5,39.4,77.7,0.725,high
12,Puri-Zone1,35,389.2,37.7,64.0,0.601,high
12,Puri-Zone1,36,358.5,35.0,76.6,0.739,high
12,Puri-Zone1,37,354.0,35.9,92.4,0.616,high
12,Puri-Zone1,38,315.8,36.3,103.7,0.966,high
12,Puri-Zone1,39,351.5,35.2,150.6,0.634,high
12,Puri-Zone1,40,291.4,33.1,171.6,0.64,high
12,Puri-Zone1,41,285.5,31.7,169.0,0.369,high
12,Puri-Zone1,42,247.4,27.8,169.7,0.679,high
12,Puri-Zone1,43,246.9,27.8,159.6,0.508,high
12,Puri-Zone1,44,197.4,26.4,181.7,0.737,low
12,Puri-Zone1,45,159.8,23.8,182.3,0.539,high
12,Puri-Zone1,46,101.3,24.8,181.4,0.612,medium
12,Puri-Zone1,47,113.6,24.7,191.0,0.612,high
12,Puri-Zone1,48,105.8,24.6,174.6,0.725,high
12,Puri-Zone1,49,69.5,24.6,191.0,0.735,high
12,Puri-Zone1,50,75.1,24.2,196.6,0.629,high
12,Puri-Zone1,51,109.4,21.1,192.7,0.717,high
12,Puri-Zone1,52,13.9,21.5,190.0,0.612,medium
13,Bhubaneswar-Zone2,0,108.4,21.1,189.9,0.957,high
13,Bhubaneswar-Zone2,1,66.7,23.3,193.3,1.0,high
13,Bhubaneswar-Zone2,2,91.1,21.0,196.0,0.885,high
13,Bhubaneswar-Zone2,3,88.0,23.2,190.6,0.801,high
13,Bhubaneswar-Zone2,4,72.7,23.2,136.9,0.864,high
13,Bhubaneswar-Zone2,5,70.9,23.7,114.6,0.894,high
13,Bhubaneswar-Zone2,6,57.1,25.3,117.9,1.0,high
13,Bhubaneswar-Zone2,7,97.0,27.2,108.0,0.909,high
13,Bhubaneswar-Zone2,8,46.4,29.7,118.6,1.0,medium
13,Bhubaneswar-Zone2,9,41.6,29.3,109.4,0.709,medium
13,Bhubaneswar-Zone2,10,89.7,31.0,125.9,0.835,high
13,Bhubaneswar-Zone2,11,48.2,31.0,113.4,0.666,medium
13,Bhubaneswar-Zone2,12,51.8,32.7,113.7,0.9,high
13,Bhubaneswar-Zone2,13,128.9,34.8,95.1,1.0,high
13,Bhubaneswar-Zone2,14,48.1,34.4,114.6,0.958,medium
13,Bhubaneswar-Zone2,15,83.4,36.8,106.0,0.843,high
13,Bhubaneswar-Zone2,16,85.1,37.7,110.0,0.763,high
13,Bhubaneswar-Zone2,17,79.0,37.4,102.9,0.973,high
13,Bhubaneswar-Zone2,18,104.4,39.9,105.0,0.854,high
13,Bhubaneswar-Zone2,19,111.3,41.9,103.0,0.875,high
13,Bhubaneswar-Zone2,20,72.2,41.6,115.3,0.84,high
13,Bhubaneswar-Zone2,21,49.8,41.0,114.1,0.855,medium
13,Bhubaneswar-Zone2,22,74.5,40.8,103.9,0.819,high
13,Bhubaneswar-Zone2,23,135.2,42.9,108.3,0.938,high
13,Bhubaneswar-Zone2,24,142.8,45.0,110.1,0.964,high
13,Bhubaneswar-Zone2,25,213.2,44.1,96.4,0.857,high
13,Bhubaneswar-Zone2,26,244.8,41.9,89.4,1.0,high
13,Bhubaneswar-Zone2,27,229.8,42.9,94.4,0.995,high
13,Bhubaneswar-Zone2,28,257.8,43.2,89.7,0.746,high
13,Bhubaneswar-Zone2,29,279.6,42.9,86.7,0.967,high
13,Bhubaneswar-Zone2,30,323.3,39.3,86.4,0.85,high
13,Bhubaneswar-Zone2,31,349.4,41.3,75.7,0.985,high
13,Bhubaneswar-Zone2,32,343.1,39.3,87.0,0.861,high
13,Bhubaneswar-Zone2,33,339.2,37.7,72.0,0.928,high
13,Bhubaneswar-Zone2,34,333.2,38.6,85.4,0.959,high
13,Bhubaneswar-Zone2,35,359.8,35.4,79.1,0.937,high
13,Bhubaneswar-Zone2,36,362.9,35.0,81.6,0.865,high
13,Bhubaneswar-Zone2,37,299.2,34.3,85.6,0.832,low
13,Bhubaneswar-Zone2,38,297.3,31.5,112.0,1.0,high
13,Bhubaneswar-Zone2,39,298.5,33.3,172.7,0.979,high
13,Bhubaneswar-Zone2,40,306.6,31.3,161.4,0.981,high
13,Bhubaneswar-Zone2,41,250.9,30.8,175.1,1.0,high
13,Bhubaneswar-Zone2,42,222.5,32.6,174.1,0.879,high
13,Bhubaneswar-Zone2,43,240.7,28.6,180.7,0.862,high
13,Bhubaneswar-Zone2,44,170.7,25.8,181.1,0.935,high
13,Bhubaneswar-Zone2,45,115.2,27.1,179.3,0.937,medium
13,Bhubaneswar-Zone2,46,103.4,24.2,181.1,0.947,high
13,Bhubaneswar-Zone2,47,123.4,26.9,181.4,0.999,high
13,Bhubaneswar-Zone2,48,92.9,23.7,190.6,0.867,high
13,Bhubaneswar-Zone2,49,71.1,23.2,195.3,0.938,high
13,Bhubaneswar-Zone2,50,89.6,23.4,189.3,0.977,high
13,Bhubaneswar-Zone2,51,31.0,23.1,195.4,0.935,medium
13,Bhubaneswar-Zone2,52,3.2,17.6,200.0,0.885,medium
14,Rourkela-Zone1,0,12.7,20.9,190.6,0.903,medium
14,Rourkela-Zone1,1,24.9,24.0,193.9,0.86,medium
14,Rourkela-Zone1,2,6.9,24.0,196.0,1.0,high
14,Rourkela-Zone1,3,44.1,25.1,186.7,1.0,medium
14,Rourkela-Zone1,4,25.7,23.1,141.1,0.883,medium
14,Rourkela-Zone1,5,45.3,27.0,116.6,1.0,medium
14,Rourkela-Zone1,6,0.0,24.7,122.1,0.756,low
14,Rourkela-Zone1,7,13.6,28.2,101.6,1.0,low
14,Rourkela-Zone1,8,7.1,26.4,113.0,1.0,low
14,Rourkela-Zone1,9,42.5,29.2,118.1,0.809,high
14,Rourkela-Zone1,10,4.4,32.2,114.0,1.0,low
14,Rourkela-Zone1,11,21.1,29.6,108.3,0.992,medium
14,Rourkela-Zone1,12,12.7,32.3,114.6,0.952,low
14,Rourkela-Zone1,13,30.3,35.3,104.7,0.968,medium
14,Rourkela-Zone1,14,11.6,36.0,119.1,1.0,low
14,Rourkela-Zone1,15,0.0,34.6,119.1,1.0,low
14,Rourkela-Zone1,16,8.5,36.6,116.0,0.819,low
14,Rourkela-Zone1,17,2.9,37.9,125.0,0.962,low
14,Rourkela-Zone1,18,19.5,39.1,114.0,0.837,medium
14,Rourkela-Zone1,19,16.4,41.1,111.6,0.857,medium
14,Rourkela-Zone1,20,59.8,40.2,117.1,0.885,high
14,Rourkela-Zone1,21,36.3,41.2,110.7,0.781,medium
14,Rourkela-Zone1,22,21.3,42.3,109.7,0.831,medium
14,Rourkela-Zone1,23,88.1,42.9,109.4,1.0,high
14,Rourkela-Zone1,24,118.1,43.9,107.7,0.856,high
14,Rourkela-Zone1,25,149.8,44.2,108.3,1.0,high
14,Rourkela-Zone1,26,149.3,42.9,99.3,0.939,high
14,Rourkela-Zone1,27,175.4,44.7,100.0,0.977,high
14,Rourkela-Zone1,28,191.7,40.9,96.9,0.982,high
14,Rourkela-Zone1,29,211.7,41.6,103.4,0.827,high
14,Rourkela-Zone1,30,223.5,41.2,94.6,1.0,high
14,Rourkela-Zone1,31,270.0,41.9,88.4,0.799,high
14,Rourkela-Zone1,32,262.3,41.3,93.0,0.852,high
14,Rourkela-Zone1,33,289.2,40.8,84.9,0.98,high
14,Rourkela-Zone1,34,271.3,38.8,90.9,0.821,high
14,Rourkela-Zone1,35,261.5,36.1,95.7,0.726,high
14,Rourkela-Zone1,36,265.7,34.2,99.6,1.0,high
14,Rourkela-Zone1,37,245.6,34.5,96.6,0.902,high
14,Rourkela-Zone1,38,252.5,34.9,100.7,0.959,high
14,Rourkela-Zone1,39,202.9,31.1,174.0,0.969,high
14,Rourkela-Zone1,40,262.6,29.5,162.4,1.0,high
14,Rourkela-Zone1,41,179.5,28.6,172.4,0.932,high
14,Rourkela-Zone1,42,143.8,27.3,183.1,0.945,high
14,Rourkela-Zone1,43,129.1,29.7,188.0,0.884,high
14,Rourkela-Zone1,44,104.7,25.8,177.6,0.982,high
14,Rourkela-Zone1,45,34.6,25.1,195.7,1.0,medium
14,Rourkela-Zone1,46,27.1,26.8,203.0,0.912,medium
14,Rourkela-Zone1,47,19.4,24.2,203.7,0.872,high
14,Rourkela-Zone1,48,4.4,22.9,196.4,0.892,low
14,Rourkela-Zone1,49,16.7,23.5,195.4,1.0,medium
14,Rourkela-Zone1,50,18.1,22.1,190.4,1.0,high
14,Rourkela-Zone1,51,19.9,26.5,201.4,0.985,medium
14,Rourkela-Zone1,52,0.0,16.7,201.0,0.747,medium
15,Bhubaneswar-Zone2,0,108.4,21.1,189.9,0.53,low
15,Bhubaneswar-Zone2,1,66.7,23.3,193.3,0.648,high
15,Bhubaneswar-Zone2,2,91.1,21.0,196.0,0.84,high
15,Bhubaneswar-Zone2,3,88.0,23.2,190.6,0.733,high
15,Bhubaneswar-Zone2,4,72.7,23.2,136.9,0.543,high
15,Bhubaneswar-Zone2,5,70.9,23.7,114.6,0.72,high
15,Bhubaneswar-Zone2,6,57.1,25.3,117.9,0.473,high
15,Bhubaneswar-Zone2,7,97.0,27.2,108.0,0.746,high
15,Bhubaneswar-Zone2,8,46.4,29.7,118.6,0.772,high
15,Bhubaneswar-Zone2,9,41.6,29.3,109.4,0.639,medium
15,Bhubaneswar-Zone2,10,89.7,31.0,125.9,0.789,high
15,Bhubaneswar-Zone2,11,48.2,31.0,113.4,0.703,high
15,Bhubaneswar-Zone2,12,51.8,32.7,113.7,0.748,high
15,Bhubaneswar-Zone2,13,128.9,34.8,95.1,0.552,high
15,Bhubaneswar-Zone2,14,48.1,34.4,114.6,0.77,medium
15,Bhubaneswar-Zone2,15,83.4,36.8,106.0,0.563,high
15,Bhubaneswar-Zone2,16,85.1,37.7,110.0,0.721,high
15,Bhubaneswar-Zone2,17,79.0,37.4,102.9,0.778,high
15,Bhubaneswar-Zone2,18,104.4,39.9,105.0,0.731,low
15,Bhubaneswar-Zone2,19,111.3,41.9,103.0,0.839,high
15,Bhubaneswar-Zone2,20,72.2,41.6,115.3,0.769,high
15,Bhubaneswar-Zone2,21,49.8,41.0,114.1,0.688,medium
15,Bhubaneswar-Zone2,22,74.5,40.8,103.9,0.739,high
15,Bhubaneswar-Zone2,23,135.2,42.9,108.3,0.707,high
15,Bhubaneswar-Zone2,24,142.8,45.0,110.1,0.568,high
15,Bhubaneswar-Zone2,25,213.2,44.1,96.4,0.859,high
15,Bhubaneswar-Zone2,26,244.8,41.9,89.4,0.841,low
15,Bhubaneswar-Zone2,27,229.8,42.9,94.4,0.602,high
15,Bhubaneswar-Zone2,28,257.8,43.2,89.7,0.668,high
15,Bhubaneswar-Zone2,29,279.6,42.9,86.7,0.716,high
15,Bhubaneswar-Zone2,30,323.3,39.3,86.4,0.763,high
15,Bhubaneswar-Zone2,31,349.4,41.3,75.7,0.667,high
15,Bhubaneswar-Zone2,32,343.1,39.3,87.0,0.704,high
15,Bhubaneswar-Zone2,33,339.2,37.7,72.0,0.712,high
15,Bhubaneswar-Zone2,34,333.2,38.6,85.4,0.691,high
15,Bhubaneswar-Zone2,35,359.8,35.4,79.1,0.665,high
15,Bhubaneswar-Zone2,36,362.9,35.0,81.6,0.635,high
15,Bhubaneswar-Zone2,37,299.2,34.3,85.6,0.756,high
15,Bhubaneswar-Zone2,38,297.3,31.5,112.0,0.715,high
15,Bhubaneswar-Zone2,39,298.5,33.3,172.7,0.644,high
15,Bhubaneswar-Zone2,40,306.6,31.3,161.4,0.82,high
15,Bhubaneswar-Zone2,41,250.9,30.8,175.1,0.672,high
15,Bhubaneswar-Zone2,42,222.5,32.6,174.1,0.606,high
15,Bhubaneswar-Zone2,43,240.7,28.6,180.7,0.738,high
15,Bhubaneswar-Zone2,44,170.7,25.8,181.1,0.561,medium
15,Bhubaneswar-Zone2,45,115.2,27.1,179.3,0.606,high
15,Bhubaneswar-Zone2,46,103.4,24.2,181.1,0.554,low
15,Bhubaneswar-Zone2,47,123.4,26.9,181.4,0.768,high
15,Bhubaneswar-Zone2,48,92.9,23.7,190.6,0.833,high
15,Bhubaneswar-Zone2,49,71.1,23.2,195.3,0.613,high
15,Bhubaneswar-Zone2,50,89.6,23.4,189.3,0.784,medium
15,Bhubaneswar-Zone2,51,31.0,23.1,195.4,0.667,medium
15,Bhubaneswar-Zone2,52,3.2,17.6,200.0,0.787,medium
16,Rourkela-Zone1,0,12.7,20.9,190.6,0.608,medium
16,Rourkela-Zone1,1,24.9,24.0,193.9,0.806,medium
16,Rourkela-Zone1,2,6.9,24.0,196.0,0.77,medium
16,Rourkela-Zone1,3,44.1,25.1,186.7,0.503,medium
16,Rourkela-Zone1,4,25.7,23.1,141.1,0.725,medium
16,Rourkela-Zone1,5,45.3,27.0,116.6,0.603,medium
16,Rourkela-Zone1,6,0.0,24.7,122.1,0.709,low
16,Rourkela-Zone1,7,13.6,28.2,101.6,0.672,low
16,Rourkela-Zone1,8,7.1,26.4,113.0,0.892,low
16,Rourkela-Zone1,9,42.5,29.2,118.1,0.766,medium
16,Rourkela-Zone1,10,4.4,32.2,114.0,0.677,low
16,Rourkela-Zone1,11,21.1,29.6,108.3,0.732,medium
16,Rourkela-Zone1,12,12.7,32.3,114.6,0.8,low
16,Rourkela-Zone1,13,30.3,35.3,104.7,0.711,medium
16,Rourkela-Zone1,14,11.6,36.0,119.1,0.88,low
16,Rourkela-Zone1,15,0.0,34.6,119.1,0.715,low
16,Rourkela-Zone1,16,8.5,36.6,116.0,0.747,low
16,Rourkela-Zone1,17,2.9,37.9,125.0,0.699,low
16,Rourkela-Zone1,18,19.5,39.1,114.0,0.64,medium
16,Rourkela-Zone1,19,16.4,41.1,111.6,0.667,medium
16,Rourkela-Zone1,20,59.8,40.2,117.1,0.704,high
16,Rourkela-Zone1,21,36.3,41.2,110.7,0.825,medium
16,Rourkela-Zone1,22,21.3,42.3,109.7,0.846,medium
16,Rourkela-Zone1,23,88.1,42.9,109.4,0.895,high
16,Rourkela-Zone1,24,118.1,43.9,107.7,0.638,high
16,Rourkela-Zone1,25,149.8,44.2,108.3,0.787,high
16,Rourkela-Zone1,26,149.3,42.9,99.3,0.831,high
16,Rourkela-Zone1,27,175.4,44.7,100.0,0.62,high
16,Rourkela-Zone1,28,191.7,40.9,96.9,0.721,high
16,Rourkela-Zone1,29,211.7,41.6,103.4,0.541,high
16,Rourkela-Zone1,30,223.5,41.2,94.6,0.774,high
16,Rourkela-Zone1,31,270.0,41.9,88.4,0.844,low
16,Rourkela-Zone1,32,262.3,41.3,93.0,0.631,high
16,Rourkela-Zone1,33,289.2,40.8,84.9,0.62,high
16,Rourkela-Zone1,34,271.3,38.8,90.9,0.607,high
16,Rourkela-Zone1,35,261.5,36.1,95.7,0.629,high
16,Rourkela-Zone1,36,265.7,34.2,99.6,0.778,high
16,Rourkela-Zone1,37,245.6,34.5,96.6,0.726,high
16,Rourkela-Zone1,38,252.5,34.9,100.7,0.794,high
16,Rourkela-Zone1,39,202.9,31.1,174.0,0.859,high
16,Rourkela-Zone1,40,262.6,29.5,162.4,0.743,high
16,Rourkela-Zone1,41,179.5,28.6,172.4,0.724,high
16,Rourkela-Zone1,42,143.8,27.3,183.1,0.91,high
16,Rourkela-Zone1,43,129.1,29.7,188.0,0.679,low
16,Rourkela-Zone1,44,104.7,25.8,177.6,0.948,high
16,Rourkela-Zone1,45,34.6,25.1,195.7,0.73,medium
16,Rourkela-Zone1,46,27.1,26.8,203.0,0.642,low
16,Rourkela-Zone1,47,19.4,24.2,203.7,0.708,medium
16,Rourkela-Zone1,48,4.4,22.9,196.4,0.772,medium
16,Rourkela-Zone1,49,16.7,23.5,195.4,0.783,medium
16,Rourkela-Zone1,50,18.1,22.1,190.4,0.861,medium
16,Rourkela-Zone1,51,19.9,26.5,201.4,0.688,medium
16,Rourkela-Zone1,52,0.0,16.7,201.0,0.73,medium
17,Puri-Zone1,0,125.9,22.3,186.0,0.952,high
17,Puri-Zone1,1,116.2,22.7,185.0,0.913,high
17,Puri-Zone1,2,77.3,23.1,189.1,0.839,high
17,Puri-Zone1,3,144.2,24.7,182.0,1.0,high
17,Puri-Zone1,4,104.0,23.6,137.7,0.921,high
17,Puri-Zone1,5,75.6,24.8,105.9,0.76,high
17,Puri-Zone1,6,77.2,25.1,109.7,0.797,high
17,Puri-Zone1,7,81.9,25.9,100.3,0.878,high
17,Puri-Zone1,8,105.0,27.3,110.9,0.856,high
17,Puri-Zone1,9,117.3,26.6,105.0,0.78,high
17,Puri-Zone1,10,105.1,29.5,106.1,0.803,high
17,Puri-Zone1,11,92.2,31.1,109.7,1.0,high
17,Puri-Zone1,12,104.3,33.4,109.0,1.0,high
17,Puri-Zone1,13,69.9,32.5,108.0,0.814,high
17,Puri-Zone1,14,132.9,34.1,110.4,0.999,high
17,Puri-Zone1,15,100.4,36.5,110.0,0.991,high
17,Puri-Zone1,16,72.5,36.9,111.0,1.0,high
17,Puri-Zone1,17,94.5,37.0,95.1,0.843,high
17,Puri-Zone1,18,118.3,37.5,115.7,0.88,high
17,Puri-Zone1,19,114.9,40.1,103.0,1.0,high
17,Puri-Zone1,20,113.4,42.0,109.1,0.856,high
17,Puri-Zone1,21,66.8,41.2,111.9,0.967,low
17,Puri-Zone1,22,168.6,42.4,94.4,0.884,high
17,Puri-Zone1,23,169.2,41.7,96.7,0.801,high
17,Puri-Zone1,24,223.9,41.5,88.4,0.997,high
17,Puri-Zone1,25,238.0,42.9,88.3,0.929,high
17,Puri-Zone1,26,282.3,43.3,92.1,0.976,high
17,Puri-Zone1,27,270.7,41.6,90.7,0.838,high
17,Puri-Zone1,28,286.8,41.9,83.1,0.868,high
17,Puri-Zone1,29,340.7,40.4,88.9,1.0,high
17,Puri-Zone1,30,335.2,42.2,81.0,0.892,high
17,Puri-Zone1,31,385.5,40.3,84.7,0.865,high
17,Puri-Zone1,32,385.3,40.4,81.3,0.998,high
17,Puri-Zone1,33,344.1,40.2,81.4,0.84,high
17,Puri-Zone1,34,373.5,39.4,77.7,0.871,high
17,Puri-Zone1,35,389.2,37.7,64.0,0.918,high
17,Puri-Zone1,36,358.5,35.0,76.6,0.965,high
17,Puri-Zone1,37,354.0,35.9,92.4,0.897,high
17,Puri-Zone1,38,315.8,36.3,103.7,0.773,high
17,Puri-Zone1,39,351.5,35.2,150.6,0.981,high
17,Puri-Zone1,40,291.4,33.1,171.6,1.0,high
17,Puri-Zone1,41,285.5,31.7,169.0,0.862,high
17,Puri-Zone1,42,247.4,27.8,169.7,0.89,high
17,Puri-Zone1,43,246.9,27.8,159.6,1.0,high
17,Puri-Zone1,44,197.4,26.4,181.7,0.984,high
17,Puri-Zone1,45,159.8,23.8,182.3,0.95,high
17,Puri-Zone1,46,101.3,24.8,181.4,0.954,high
17,Puri-Zone1,47,113.6,24.7,191.0,0.8,high
17,Puri-Zone1,48,105.8,24.6,174.6,0.893,high
17,Puri-Zone1,49,69.5,24.6,191.0,0.918,high
17,Puri-Zone1,50,75.1,24.2,196.6,0.835,medium
17,Puri-Zone1,51,109.4,21.1,192.7,0.867,high
17,Puri-Zone1,52,13.9,21.5,190.0,0.951,medium
18,Bhubaneswar-Zone1,0,49.0,21.8,193.4,0.796,medium
18,Bhubaneswar-Zone1,1,77.8,23.1,182.0,0.916,high
18,Bhubaneswar-Zone1,2,27.0,23.8,197.1,0.687,medium
18,Bhubaneswar-Zone1,3,32.5,23.1,193.3,0.832,medium
18,Bhubaneswar-Zone1,4,67.9,25.4,131.0,0.759,high
18,Bhubaneswar-Zone1,5,37.2,24.4,116.6,0.71,medium
18,Bhubaneswar-Zone1,6,45.8,26.3,107.7,0.649,medium
18,Bhubaneswar-Zone1,7,109.5,27.1,101.0,0.779,high
18,Bhubaneswar-Zone1,8,26.4,27.9,123.0,0.731,medium
18,Bhubaneswar-Zone1,9,61.9,27.4,112.9,0.771,high
18,Bhubaneswar-Zone1,10,59.1,31.8,121.6,0.638,high
18,Bhubaneswar-Zone1,11,32.6,31.7,106.6,0.776,medium
18,Bhubaneswar-Zone1,12,48.3,31.4,115.1,0.77,medium
18,Bhubaneswar-Zone1,13,55.6,33.5,107.3,0.84,high
18,Bhubaneswar-Zone1,14,37.3,32.8,121.4,0.906,medium
18,Bhubaneswar-Zone1,15,24.6,36.4,111.0,0.8,medium
18,Bhubaneswar-Zone1,16,91.3,37.6,114.3,0.703,high
18,Bhubaneswar-Zone1,17,48.1,39.2,118.1,0.779,medium
18,Bhubaneswar-Zone1,18,42.5,39.3,118.9,0.739,medium
18,Bhubaneswar-Zone1,19,77.0,39.9,110.1,0.798,high
18,Bhubaneswar-Zone1,20,47.5,40.4,112.1,0.603,medium
18,Bhubaneswar-Zone1,21,40.6,40.8,113.6,0.866,medium
18,Bhubaneswar-Zone1,22,106.5,43.3,98.6,0.685,high
18,Bhubaneswar-Zone1,23,108.8,39.8,95.1,0.681,high
18,Bhubaneswar-Zone1,24,131.7,42.3,109.6,0.764,high
18,Bhubaneswar-Zone1,25,172.0,44.7,95.6,0.739,high
18,Bhubaneswar-Zone1,26,233.2,43.0,91.6,0.798,low
18,Bhubaneswar-Zone1,27,239.5,39.7,100.0,0.774,high
18,Bhubaneswar-Zone1,28,277.5,41.6,82.4,0.916,high
18,Bhubaneswar-Zone1,29,266.7,44.0,80.0,0.721,high
18,Bhubaneswar-Zone1,30,288.9,41.6,86.7,0.666,high
18,Bhubaneswar-Zone1,31,315.4,37.7,94.3,0.686,high
18,Bhubaneswar-Zone1,32,347.5,38.7,80.1,0.713,high
18,Bhubaneswar-Zone1,33,310.4,40.2,84.4,0.703,high
18,Bhubaneswar-Zone1,34,360.4,35.9,81.1,0.728,high
18,Bhubaneswar-Zone1,35,379.1,39.7,78.3,0.694,high
18,Bhubaneswar-Zone1,36,336.6,37.5,77.7,0.846,high
18,Bhubaneswar-Zone1,37,342.3,34.8,76.1,0.707,high
18,Bhubaneswar-Zone1,38,316.9,32.3,111.4,0.642,high
18,Bhubaneswar-Zone1,39,305.7,31.8,166.1,0.658,high
18,Bhubaneswar-Zone1,40,248.4,30.8,169.3,0.64,high
18,Bhubaneswar-Zone1,41,221.0,28.0,179.9,0.545,high
18,Bhubaneswar-Zone1,42,190.3,28.7,179.9,0.717,high
18,Bhubaneswar-Zone1,43,201.3,28.2,167.6,0.73,high
18,Bhubaneswar-Zone1,44,162.7,26.5,180.9,0.6,high
18,Bhubaneswar-Zone1,45,104.4,24.5,193.9,0.715,high
18,Bhubaneswar-Zone1,46,101.0,27.6,195.9,0.742,high
18,Bhubaneswar-Zone1,47,24.5,25.1,193.1,0.777,medium
18,Bhubaneswar-Zone1,48,43.1,26.0,193.1,0.811,medium
18,Bhubaneswar-Zone1,49,36.6,22.9,204.1,0.84,medium
18,Bhubaneswar-Zone1,50,40.1,21.7,205.1,0.685,medium
18,Bhubaneswar-Zone1,51,59.8,22.2,197.9,0.69,high
18,Bhubaneswar-Zone1,52,22.7,20.0,193.0,0.65,medium
19,Rourkela-Zone1,0,12.7,20.9,190.6,0.541,medium
19,Rourkela-Zone1,1,24.9,24.0,193.9,0.707,medium
19,Rourkela-Zone1,2,6.9,24.0,196.0,0.534,medium
19,Rourkela-Zone1,3,44.1,25.1,186.7,0.325,medium
19,Rourkela-Zone1,4,25.7,23.1,141.1,0.422,medium
19,Rourkela-Zone1,5,45.3,27.0,116.6,0.548,medium
19,Rourkela-Zone1,6,0.0,24.7,122.1,0.288,medium
19,Rourkela-Zone1,7,13.6,28.2,101.6,0.577,low
19,Rourkela-Zone1,8,7.1,26.4,113.0,0.453,low
19,Rourkela-Zone1,9,42.5,29.2,118.1,0.653,medium
19,Rourkela-Zone1,10,4.4,32.2,114.0,0.67,low
19,Rourkela-Zone1,11,21.1,29.6,108.3,0.501,medium
19,Rourkela-Zone1,12,12.7,32.3,114.6,0.536,low
19,Rourkela-Zone1,13,30.3,35.3,104.7,0.547,medium
19,Rourkela-Zone1,14,11.6,36.0,119.1,0.586,low
19,Rourkela-Zone1,15,0.0,34.6,119.1,0.543,low
19,Rourkela-Zone1,16,8.5,36.6,116.0,0.556,low
19,Rourkela-Zone1,17,2.9,37.9,125.0,0.449,low
19,Rourkela-Zone1,18,19.5,39.1,114.0,0.477,medium
19,Rourkela-Zone1,19,16.4,41.1,111.6,0.547,high
19,Rourkela-Zone1,20,59.8,40.2,117.1,0.56,high
19,Rourkela-Zone1,21,36.3,41.2,110.7,0.606,medium
19,Rourkela-Zone1,22,21.3,42.3,109.7,0.532,medium
19,Rourkela-Zone1,23,88.1,42.9,109.4,0.549,high
19,Rourkela-Zone1,24,118.1,43.9,107.7,0.498,high
19,Rourkela-Zone1,25,149.8,44.2,108.3,0.488,high
19,Rourkela-Zone1,26,149.3,42.9,99.3,0.487,high
19,Rourkela-Zone1,27,175.4,44.7,100.0,0.548,high
19,Rourkela-Zone1,28,191.7,40.9,96.9,0.469,high
19,Rourkela-Zone1,29,211.7,41.6,103.4,0.268,high
19,Rourkela-Zone1,30,223.5,41.2,94.6,0.521,high
19,Rourkela-Zone1,31,270.0,41.9,88.4,0.435,high
19,Rourkela-Zone1,32,262.3,41.3,93.0,0.57,high
19,Rourkela-Zone1,33,289.2,40.8,84.9,0.498,high
19,Rourkela-Zone1,34,271.3,38.8,90.9,0.604,high
19,Rourkela-Zone1,35,261.5,36.1,95.7,0.443,high
19,Rourkela-Zone1,36,265.7,34.2,99.6,0.383,medium
19,Rourkela-Zone1,37,245.6,34.5,96.6,0.715,high
19,Rourkela-Zone1,38,252.5,34.9,100.7,0.473,high
19,Rourkela-Zone1,39,202.9,31.1,174.0,0.611,high
19,Rourkela-Zone1,40,262.6,29.5,162.4,0.526,high
19,Rourkela-Zone1,41,179.5,28.6,172.4,0.512,high
19,Rourkela-Zone1,42,143.8,27.3,183.1,0.416,high
19,Rourkela-Zone1,43,129.1,29.7,188.0,0.61,high
19,Rourkela-Zone1,44,104.7,25.8,177.6,0.656,high
19,Rourkela-Zone1,45,34.6,25.1,195.7,0.607,medium
19,Rourkela-Zone1,46,27.1,26.8,203.0,0.489,medium
19,Rourkela-Zone1,47,19.4,24.2,203.7,0.521,medium
19,Rourkela-Zone1,48,4.4,22.9,196.4,0.538,medium
19,Rourkela-Zone1,49,16.7,23.5,195.4,0.619,medium
19,Rourkela-Zone1,50,18.1,22.1,190.4,0.67,medium
19,Rourkela-Zone1,51,19.9,26.5,201.4,0.531,medium
19,Rourkela-Zone1,52,0.0,16.7,201.0,0.376,medium
20,Bhubaneswar-Zone2,0,108.4,21.1,189.9,0.485,high
20,Bhubaneswar-Zone2,1,66.7,23.3,193.3,0.59,high
20,Bhubaneswar-Zone2,2,91.1,21.0,196.0,0.762,high
20,Bhubaneswar-Zone2,3,88.0,23.2,190.6,0.723,high
20,Bhubaneswar-Zone2,4,72.7,23.2,136.9,0.735,high
20,Bhubaneswar-Zone2,5,70.9,23.7,114.6,0.596,high
20,Bhubaneswar-Zone2,6,57.1,25.3,117.9,0.624,high
20,Bhubaneswar-Zone2,7,97.0,27.2,108.0,0.758,high
20,Bhubaneswar-Zone2,8,46.4,29.7,118.6,0.831,medium
20,Bhubaneswar-Zone2,9,41.6,29.3,109.4,0.761,medium
20,Bhubaneswar-Zone2,10,89.7,31.0,125.9,0.761,high
20,Bhubaneswar-Zone2,11,48.2,31.0,113.4,0.592,medium
20,Bhubaneswar-Zone2,12,51.8,32.7,113.7,0.731,high
20,Bhubaneswar-Zone2,13,128.9,34.8,95.1,0.537,high
20,Bhubaneswar-Zone2,14,48.1,34.4,114.6,0.776,low
20,Bhubaneswar-Zone2,15,83.4,36.8,106.0,0.701,high
20,Bhubaneswar-Zone2,16,85.1,37.7,110.0,0.706,high
20,Bhubaneswar-Zone2,17,79.0,37.4,102.9,0.545,high
20,Bhubaneswar-Zone2,18,104.4,39.9,105.0,0.677,high
20,Bhubaneswar-Zone2,19,111.3,41.9,103.0,0.639,high
20,Bhubaneswar-Zone2,20,72.2,41.6,115.3,0.822,high
20,Bhubaneswar-Zone2,21,49.8,41.0,114.1,0.659,medium
20,Bhubaneswar-Zone2,22,74.5,40.8,103.9,0.898,high
20,Bhubaneswar-Zone2,23,135.2,42.9,108.3,0.656,high
20,Bhubaneswar-Zone2,24,142.8,45.0,110.1,0.707,high
20,Bhubaneswar-Zone2,25,213.2,44.1,96.4,0.797,low
20,Bhubaneswar-Zone2,26,244.8,41.9,89.4,0.502,high
20,Bhubaneswar-Zone2,27,229.8,42.9,94.4,0.775,high
20,Bhubaneswar-Zone2,28,257.8,43.2,89.7,0.713,high
20,Bhubaneswar-Zone2,29,279.6,42.9,86.7,0.596,high
20,Bhubaneswar-Zone2,30,323.3,39.3,86.4,0.729,high
20,Bhubaneswar-Zone2,31,349.4,41.3,75.7,0.699,high
20,Bhubaneswar-Zone2,32,343.1,39.3,87.0,0.706,high
20,Bhubaneswar-Zone2,33,339.2,37.7,72.0,0.684,high
20,Bhubaneswar-Zone2,34,333.2,38.6,85.4,0.589,high
20,Bhubaneswar-Zone2,35,359.8,35.4,79.1,0.631,low
20,Bhubaneswar-Zone2,36,362.9,35.0,81.6,0.735,high
20,Bhubaneswar-Zone2,37,299.2,34.3,85.6,0.863,high
20,Bhubaneswar-Zone2,38,297.3,31.5,112.0,0.692,high
20,Bhubaneswar-Zone2,39,298.5,33.3,172.7,0.734,high
20,Bhubaneswar-Zone2,40,306.6,31.3,161.4,0.757,high
20,Bhubaneswar-Zone2,41,250.9,30.8,175.1,0.741,high
20,Bhubaneswar-Zone2,42,222.5,32.6,174.1,0.727,high
20,Bhubaneswar-Zone2,43,240.7,28.6,180.7,0.478,high
20,Bhubaneswar-Zone2,44,170.7,25.8,181.1,0.802,high
20,Bhubaneswar-Zone2,45,115.2,27.1,179.3,0.692,high
20,Bhubaneswar-Zone2,46,103.4,24.2,181.1,0.625,high
20,Bhubaneswar-Zone2,47,123.4,26.9,181.4,0.428,high
20,Bhubaneswar-Zone2,48,92.9,23.7,190.6,0.589,medium
20,Bhubaneswar-Zone2,49,71.1,23.2,195.3,0.651,high
20,Bhubaneswar-Zone2,50,89.6,23.4,189.3,0.643,high
20,Bhubaneswar-Zone2,51,31.0,23.1,195.4,0.469,medium
20,Bhubaneswar-Zone2,52,3.2,17.6,200.0,0.696,medium
21,Puri-Zone1,0,125.9,22.3,186.0,1.0,high
21,Puri-Zone1,1,116.2,22.7,185.0,0.99,high
21,Puri-Zone1,2,77.3,23.1,189.1,1.0,high
21,Puri-Zone1,3,144.2,24.7,182.0,0.984,high
21,Puri-Zone1,4,104.0,23.6,137.7,0.844,high
21,Puri-Zone1,5,75.6,24.8,105.9,0.918,high
21,Puri-Zone1,6,77.2,25.1,109.7,0.889,high
21,Puri-Zone1,7,81.9,25.9,100.3,0.898,high
21,Puri-Zone1,8,105.0,27.3,110.9,0.711,high
21,Puri-Zone1,9,117.3,26.6,105.0,0.934,high
21,Puri-Zone1,10,105.1,29.5,106.1,0.756,high
21,Puri-Zone1,11,92.2,31.1,109.7,0.8,high
21,Puri-Zone1,12,104.3,33.4,109.0,0.81,high
21,Puri-Zone1,13,69.9,32.5,108.0,0.831,medium
21,Puri-Zone1,14,132.9,34.1,110.4,0.902,high
21,Puri-Zone1,15,100.4,36.5,110.0,0.906,high
21,Puri-Zone1,16,72.5,36.9,111.0,0.847,high
21,Puri-Zone1,17,94.5,37.0,95.1,0.997,high
21,Puri-Zone1,18,118.3,37.5,115.7,0.751,high
21,Puri-Zone1,19,114.9,40.1,103.0,1.0,high
21,Puri-Zone1,20,113.4,42.0,109.1,0.963,high
21,Puri-Zone1,21,66.8,41.2,111.9,0.769,high
21,Puri-Zone1,22,168.6,42.4,94.4,0.891,high
21,Puri-Zone1,23,169.2,41.7,96.7,0.977,low
21,Puri-Zone1,24,223.9,41.5,88.4,0.882,high
21,Puri-Zone1,25,238.0,42.9,88.3,0.855,high
21,Puri-Zone1,26,282.3,43.3,92.1,0.993,high
21,Puri-Zone1,27,270.7,41.6,90.7,0.926,high
21,Puri-Zone1,28,286.8,41.9,83.1,0.956,high
21,Puri-Zone1,29,340.7,40.4,88.9,1.0,high
21,Puri-Zone1,30,335.2,42.2,81.0,0.931,high
21,Puri-Zone1,31,385.5,40.3,84.7,1.0,high
21,Puri-Zone1,32,385.3,40.4,81.3,0.854,medium
21,Puri-Zone1,33,344.1,40.2,81.4,0.952,high
21,Puri-Zone1,34,373.5,39.4,77.7,0.808,high
21,Puri-Zone1,35,389.2,37.7,64.0,0.791,high
21,Puri-Zone1,36,358.5,35.0,76.6,0.737,high
21,Puri-Zone1,37,354.0,35.9,92.4,0.727,high
21,Puri-Zone1,38,315.8,36.3,103.7,0.77,high
21,Puri-Zone1,39,351.5,35.2,150.6,0.853,high
21,Puri-Zone1,40,291.4,33.1,171.6,0.924,high
21,Puri-Zone1,41,285.5,31.7,169.0,0.946,high
21,Puri-Zone1,42,247.4,27.8,169.7,0.919,high
21,Puri-Zone1,43,246.9,27.8,159.6,1.0,high
21,Puri-Zone1,44,197.4,26.4,181.7,1.0,high
21,Puri-Zone1,45,159.8,23.8,182.3,0.878,high
21,Puri-Zone1,46,101.3,24.8,181.4,0.81,high
21,Puri-Zone1,47,113.6,24.7,191.0,1.0,high
21,Puri-Zone1,48,105.8,24.6,174.6,1.0,high
21,Puri-Zone1,49,69.5,24.6,191.0,1.0,high
21,Puri-Zone1,50,75.1,24.2,196.6,0.85,high
21,Puri-Zone1,51,109.4,21.1,192.7,0.797,high
21,Puri-Zone1,52,13.9,21.5,190.0,0.935,medium
22,Rourkela-Zone1,0,12.7,20.9,190.6,0.779,medium
22,Rourkela-Zone1,1,24.9,24.0,193.9,0.69,medium
22,Rourkela-Zone1,2,6.9,24.0,196.0,0.474,medium
22,Rourkela-Zone1,3,44.1,25.1,186.7,0.699,medium
22,Rourkela-Zone1,4,25.7,23.1,141.1,0.611,medium
22,Rourkela-Zone1,5,45.3,27.0,116.6,0.572,medium
22,Rourkela-Zone1,6,0.0,24.7,122.1,0.534,low
22,Rourkela-Zone1,7,13.6,28.2,101.6,0.572,low
22,Rourkela-Zone1,8,7.1,26.4,113.0,0.575,low
22,Rourkela-Zone1,9,42.5,29.2,118.1,0.511,medium
22,Rourkela-Zone1,10,4.4,32.2,114.0,0.424,low
22,Rourkela-Zone1,11,21.1,29.6,108.3,0.575,medium
22,Rourkela-Zone1,12,12.7,32.3,114.6,0.811,low
22,Rourkela-Zone1,13,30.3,35.3,104.7,0.665,low
22,Rourkela-Zone1,14,11.6,36.0,119.1,0.709,low
22,Rourkela-Zone1,15,0.0,34.6,119.1,0.526,low
22,Rourkela-Zone1,16,8.5,36.6,116.0,0.651,low
22,Rourkela-Zone1,17,2.9,37.9,125.0,0.647,low
22,Rourkela-Zone1,18,19.5,39.1,114.0,0.647,medium
22,Rourkela-Zone1,19,16.4,41.1,111.6,0.537,medium
22,Rourkela-Zone1,20,59.8,40.2,117.1,0.596,high
22,Rourkela-Zone1,21,36.3,41.2,110.7,0.674,medium
22,Rourkela-Zone1,22,21.3,42.3,109.7,0.43,high
22,Rourkela-Zone1,23,88.1,42.9,109.4,0.522,high
22,Rourkela-Zone1,24,118.1,43.9,107.7,0.9,high
22,Rourkela-Zone1,25,149.8,44.2,108.3,0.762,high
22,Rourkela-Zone1,26,149.3,42.9,99.3,0.544,high
22,Rourkela-Zone1,27,175.4,44.7,100.0,0.702,high
22,Rourkela-Zone1,28,191.7,40.9,96.9,0.752,high
22,Rourkela-Zone1,29,211.7,41.6,103.4,0.622,high
22,Rourkela-Zone1,30,223.5,41.2,94.6,0.716,high
22,Rourkela-Zone1,31,270.0,41.9,88.4,0.609,high
22,Rourkela-Zone1,32,262.3,41.3,93.0,0.776,high
22,Rourkela-Zone1,33,289.2,40.8,84.9,0.64,high
22,Rourkela-Zone1,34,271.3,38.8,90.9,0.59,high
22,Rourkela-Zone1,35,261.5,36.1,95.7,0.611,high
22,Rourkela-Zone1,36,265.7,34.2,99.6,0.686,high
22,Rourkela-Zone1,37,245.6,34.5,96.6,0.6,high
22,Rourkela-Zone1,38,252.5,34.9,100.7,0.728,high
22,Rourkela-Zone1,39,202.9,31.1,174.0,0.68,high
22,Rourkela-Zone1,40,262.6,29.5,162.4,0.408,high
22,Rourkela-Zone1,41,179.5,28.6,172.4,0.808,high
22,Rourkela-Zone1,42,143.8,27.3,183.1,0.466,high
22,Rourkela-Zone1,43,129.1,29.7,188.0,0.478,high
22,Rourkela-Zone1,44,104.7,25.8,177.6,0.737,high
22,Rourkela-Zone1,45,34.6,25.1,195.7,0.747,medium
22,Rourkela-Zone1,46,27.1,26.8,203.0,0.689,medium
22,Rourkela-Zone1,47,19.4,24.2,203.7,0.636,medium
22,Rourkela-Zone1,48,4.4,22.9,196.4,0.771,high
22,Rourkela-Zone1,49,16.7,23.5,195.4,0.462,medium
22,Rourkela-Zone1,50,18.1,22.1,190.4,0.562,medium
22,Rourkela-Zone1,51,19.9,26.5,201.4,0.85,medium
22,Rourkela-Zone1,52,0.0,16.7,201.0,0.684,medium
23,Bhubaneswar-Zone1,0,49.0,21.8,193.4,0.696,medium
23,Bhubaneswar-Zone1,1,77.8,23.1,182.0,0.506,high
23,Bhubaneswar-Zone1,2,27.0,23.8,197.1,0.589,medium
23,Bhubaneswar-Zone1,3,32.5,23.1,193.3,0.708,medium
23,Bhubaneswar-Zone1,4,67.9,25.4,131.0,0.75,high
23,Bhubaneswar-Zone1,5,37.2,24.4,116.6,0.556,medium
23,Bhubaneswar-Zone1,6,45.8,26.3,107.7,0.514,medium
23,Bhubaneswar-Zone1,7,109.5,27.1,101.0,0.696,high
23,Bhubaneswar-Zone1,8,26.4,27.9,123.0,0.611,medium
23,Bhubaneswar-Zone1,9,61.9,27.4,112.9,0.493,high
23,Bhubaneswar-Zone1,10,59.1,31.8,121.6,0.475,high
23,Bhubaneswar-Zone1,11,32.6,31.7,106.6,0.586,medium
23,Bhubaneswar-Zone1,12,48.3,31.4,115.1,0.753,medium
23,Bhubaneswar-Zone1,13,55.6,33.5,107.3,0.766,high
23,Bhubaneswar-Zone1,14,37.3,32.8,121.4,0.674,medium
23,Bhubaneswar-Zone1,15,24.6,36.4,111.0,0.662,medium
23,Bhubaneswar-Zone1,16,91.3,37.6,114.3,0.609,high
23,Bhubaneswar-Zone1,17,48.1,39.2,118.1,0.425,medium
23,Bhubaneswar-Zone1,18,42.5,39.3,118.9,0.756,medium
23,Bhubaneswar-Zone1,19,77.0,39.9,110.1,0.686,high
23,Bhubaneswar-Zone1,20,47.5,40.4,112.1,0.563,medium
23,Bhubaneswar-Zone1,21,40.6,40.8,113.6,0.783,medium
23,Bhubaneswar-Zone1,22,106.5,43.3,98.6,0.529,high
23,Bhubaneswar-Zone1,23,108.8,39.8,95.1,0.76,high
23,Bhubaneswar-Zone1,24,131.7,42.3,109.6,0.472,high
23,Bhubaneswar-Zone1,25,172.0,44.7,95.6,0.903,high
23,Bhubaneswar-Zone1,26,233.2,43.0,91.6,0.51,high
23,Bhubaneswar-Zone1,27,239.5,39.7,100.0,0.766,high
23,Bhubaneswar-Zone1,28,277.5,41.6,82.4,0.583,high
23,Bhubaneswar-Zone1,29,266.7,44.0,80.0,0.707,high
23,Bhubaneswar-Zone1,30,288.9,41.6,86.7,0.824,high
23,Bhubaneswar-Zone1,31,315.4,37.7,94.3,0.619,high
23,Bhubaneswar-Zone1,32,347.5,38.7,80.1,0.89,high
23,Bhubaneswar-Zone1,33,310.4,40.2,84.4,0.827,high
23,Bhubaneswar-Zone1,34,360.4,35.9,81.1,0.498,high
23,Bhubaneswar-Zone1,35,379.1,39.7,78.3,0.646,high
23,Bhubaneswar-Zone1,36,336.6,37.5,77.7,0.623,high
23,Bhubaneswar-Zone1,37,342.3,34.8,76.1,0.652,high
23,Bhubaneswar-Zone1,38,316.9,32.3,111.4,0.61,high
23,Bhubaneswar-Zone1,39,305.7,31.8,166.1,0.557,high
23,Bhubaneswar-Zone1,40,248.4,30.8,169.3,0.64,high
23,Bhubaneswar-Zone1,41,221.0,28.0,179.9,0.704,high
23,Bhubaneswar-Zone1,42,190.3,28.7,179.9,0.395,high
23,Bhubaneswar-Zone1,43,201.3,28.2,167.6,0.739,high
23,Bhubaneswar-Zone1,44,162.7,26.5,180.9,0.664,high
23,Bhubaneswar-Zone1,45,104.4,24.5,193.9,0.802,high
23,Bhubaneswar-Zone1,46,101.0,27.6,195.9,0.602,high
23,Bhubaneswar-Zone1,47,24.5,25.1,193.1,0.588,medium
23,Bhubaneswar-Zone1,48,43.1,26.0,193.1,0.567,medium
23,Bhubaneswar-Zone1,49,36.6,22.9,204.1,0.698,medium
23,Bhubaneswar-Zone1,50,40.1,21.7,205.1,0.462,medium
23,Bhubaneswar-Zone1,51,59.8,22.2,197.9,0.573,high
23,Bhubaneswar-Zone1,52,22.7,20.0,193.0,0.666,medium
24,Bhubaneswar-Zone1,0,49.0,21.8,193.4,0.643,medium
24,Bhubaneswar-Zone1,1,77.8,23.1,182.0,0.802,high
24,Bhubaneswar-Zone1,2,27.0,23.8,197.1,0.926,medium
24,Bhubaneswar-Zone1,3,32.5,23.1,193.3,0.911,medium
24,Bhubaneswar-Zone1,4,67.9,25.4,131.0,0.782,high
24,Bhubaneswar-Zone1,5,37.2,24.4,116.6,0.892,medium
24,Bhubaneswar-Zone1,6,45.8,26.3,107.7,0.84,medium
24,Bhubaneswar-Zone1,7,109.5,27.1,101.0,0.812,high
24,Bhubaneswar-Zone1,8,26.4,27.9,123.0,0.857,medium
24,Bhubaneswar-Zone1,9,61.9,27.4,112.9,0.756,medium
24,Bhubaneswar-Zone1,10,59.1,31.8,121.6,0.71,high
24,Bhubaneswar-Zone1,11,32.6,31.7,106.6,0.72,medium
24,Bhubaneswar-Zone1,12,48.3,31.4,115.1,0.997,medium
24,Bhubaneswar-Zone1,13,55.6,33.5,107.3,0.792,high
24,Bhubaneswar-Zone1,14,37.3,32.8,121.4,0.714,medium
24,Bhubaneswar-Zone1,15,24.6,36.4,111.0,0.901,medium
24,Bhubaneswar-Zone1,16,91.3,37.6,114.3,0.796,high
24,Bhubaneswar-Zone1,17,48.1,39.2,118.1,0.804,medium
24,Bhubaneswar-Zone1,18,42.5,39.3,118.9,0.862,medium
24,Bhubaneswar-Zone1,19,77.0,39.9,110.1,0.866,high
24,Bhubaneswar-Zone1,20,47.5,40.4,112.1,0.694,medium
24,Bhubaneswar-Zone1,21,40.6,40.8,113.6,0.764,medium
24,Bhubaneswar-Zone1,22,106.5,43.3,98.6,0.655,high
24,Bhubaneswar-Zone1,23,108.8,39.8,95.1,0.828,high
24,Bhubaneswar-Zone1,24,131.7,42.3,109.6,0.982,high
24,Bhubaneswar-Zone1,25,172.0,44.7,95.6,0.698,high
24,Bhubaneswar-Zone1,26,233.2,43.0,91.6,0.638,high
24,Bhubaneswar-Zone1,27,239.5,39.7,100.0,0.729,high
24,Bhubaneswar-Zone1,28,277.5,41.6,82.4,0.769,high
24,Bhubaneswar-Zone1,29,266.7,44.0,80.0,0.867,high
24,Bhubaneswar-Zone1,30,288.9,41.6,86.7,0.758,high
24,Bhubaneswar-Zone1,31,315.4,37.7,94.3,0.829,high
24,Bhubaneswar-Zone1,32,347.5,38.7,80.1,0.743,high
24,Bhubaneswar-Zone1,33,310.4,40.2,84.4,0.774,high
24,Bhubaneswar-Zone1,34,360.4,35.9,81.1,0.711,high
24,Bhubaneswar-Zone1,35,379.1,39.7,78.3,0.681,high
24,Bhubaneswar-Zone1,36,336.6,37.5,77.7,0.871,high
24,Bhubaneswar-Zone1,37,342.3,34.8,76.1,0.749,high
24,Bhubaneswar-Zone1,38,316.9,32.3,111.4,0.837,high
24,Bhubaneswar-Zone1,39,305.7,31.8,166.1,0.71,high
24,Bhubaneswar-Zone1,40,248.4,30.8,169.3,0.793,high
24,Bhubaneswar-Zone1,41,221.0,28.0,179.9,0.584,high
24,Bhubaneswar-Zone1,42,190.3,28.7,179.9,0.756,high
24,Bhubaneswar-Zone1,43,201.3,28.2,167.6,0.72,high
24,Bhubaneswar-Zone1,44,162.7,26.5,180.9,0.912,high
24,Bhubaneswar-Zone1,45,104.4,24.5,193.9,0.667,high
24,Bhubaneswar-Zone1,46,101.0,27.6,195.9,0.778,high
24,Bhubaneswar-Zone1,47,24.5,25.1,193.1,0.826,medium
24,Bhubaneswar-Zone1,48,43.1,26.0,193.1,0.895,medium
24,Bhubaneswar-Zone1,49,36.6,22.9,204.1,0.88,medium
24,Bhubaneswar-Zone1,50,40.1,21.7,205.1,0.786,high
24,Bhubaneswar-Zone1,51,59.8,22.2,197.9,0.8,high
24,Bhubaneswar-Zone1,52,22.7,20.0,193.0,0.786,medium
25,Cuttack-Zone1,0,20.0,23.7,196.3,0.802,medium
25,Cuttack-Zone1,1,53.9,23.0,203.3,0.916,high
25,Cuttack-Zone1,2,39.0,22.9,200.9,0.949,medium
25,Cuttack-Zone1,3,52.1,24.6,189.0,0.783,high
25,Cuttack-Zone1,4,42.3,25.4,151.7,0.613,medium
25,Cuttack-Zone1,5,29.4,25.2,116.0,0.73,medium
25,Cuttack-Zone1,6,33.7,25.9,117.0,0.566,medium
25,Cuttack-Zone1,7,32.3,27.7,117.3,0.763,medium
25,Cuttack-Zone1,8,26.4,27.3,120.7,0.727,medium
25,Cuttack-Zone1,9,18.2,26.7,110.9,0.698,high
25,Cuttack-Zone1,10,12.5,29.6,110.7,0.686,low
25,Cuttack-Zone1,11,14.1,32.2,118.6,0.668,low
25,Cuttack-Zone1,12,53.2,30.8,110.4,0.885,high
25,Cuttack-Zone1,13,45.8,31.3,105.1,0.906,medium
25,Cuttack-Zone1,14,12.8,35.2,118.6,0.733,low
25,Cuttack-Zone1,15,68.1,36.8,115.9,0.809,high
25,Cuttack-Zone1,16,12.1,37.5,111.4,0.78,low
25,Cuttack-Zone1,17,63.9,38.5,104.0,0.669,high
25,Cuttack-Zone1,18,62.2,40.9,113.7,0.681,high
25,Cuttack-Zone1,19,33.3,38.5,111.6,0.808,medium
25,Cuttack-Zone1,20,26.4,39.6,116.0,0.911,medium
25,Cuttack-Zone1,21,31.7,41.9,114.3,0.828,medium
25,Cuttack-Zone1,22,62.7,39.8,117.4,0.75,high
25,Cuttack-Zone1,23,79.2,41.7,106.4,0.946,high
25,Cuttack-Zone1,24,159.5,42.0,102.3,0.768,high
25,Cuttack-Zone1,25,246.6,43.2,96.1,0.707,high
25,Cuttack-Zone1,26,198.7,41.4,97.4,0.989,high
25,Cuttack-Zone1,27,282.6,43.4,82.7,0.815,high
25,Cuttack-Zone1,28,235.4,40.8,94.9,0.971,high
25,Cuttack-Zone1,29,238.0,42.0,95.3,0.806,high
25,Cuttack-Zone1,30,288.1,42.8,83.0,0.808,high
25,Cuttack-Zone1,31,263.5,38.7,89.7,0.665,medium
25,Cuttack-Zone1,32,334.1,40.7,72.4,0.765,high
25,Cuttack-Zone1,33,337.1,38.6,73.7,0.735,high
25,Cuttack-Zone1,34,302.3,38.0,94.7,0.858,medium
25,Cuttack-Zone1,35,285.6,36.6,81.6,0.714,high
25,Cuttack-Zone1,36,313.4,35.3,77.0,0.883,high
25,Cuttack-Zone1,37,325.5,35.0,78.6,0.798,high
25,Cuttack-Zone1,38,264.2,34.8,115.7,0.801,high
25,Cuttack-Zone1,39,271.7,31.9,178.6,0.883,high
25,Cuttack-Zone1,40,247.0,29.6,171.7,0.724,high
25,Cuttack-Zone1,41,190.4,30.8,175.7,0.882,high
25,Cuttack-Zone1,42,184.7,28.1,171.0,0.725,high
25,Cuttack-Zone1,43,185.3,26.9,174.4,0.797,high
25,Cuttack-Zone1,44,119.5,26.5,181.4,0.724,high
25,Cuttack-Zone1,45,144.4,25.5,180.1,0.826,high
25,Cuttack-Zone1,46,76.7,24.8,191.4,0.823,high
25,Cuttack-Zone1,47,22.2,23.5,199.6,0.81,high
25,Cuttack-Zone1,48,49.5,23.0,193.1,0.756,medium
25,Cuttack-Zone1,49,56.2,22.8,188.0,0.831,high
25,Cuttack-Zone1,50,55.0,22.8,190.0,0.644,high
25,Cuttack-Zone1,51,44.3,24.1,197.1,0.835,medium
25,Cuttack-Zone1,52,0.9,17.3,221.0,0.75,medium
26,Cuttack-Zone1,0,20.0,23.7,196.3,0.5,medium
26,Cuttack-Zone1,1,53.9,23.0,203.3,0.378,high
26,Cuttack-Zone1,2,39.0,22.9,200.9,0.355,high
26,Cuttack-Zone1,3,52.1,24.6,189.0,0.358,high
26,Cuttack-Zone1,4,42.3,25.4,151.7,0.344,medium
26,Cuttack-Zone1,5,29.4,25.2,116.0,0.233,medium
26,Cuttack-Zone1,6,33.7,25.9,117.0,0.46,medium
26,Cuttack-Zone1,7,32.3,27.7,117.3,0.603,medium
26,Cuttack-Zone1,8,26.4,27.3,120.7,0.546,medium
26,Cuttack-Zone1,9,18.2,26.7,110.9,0.314,medium
26,Cuttack-Zone1,10,12.5,29.6,110.7,0.335,medium
26,Cuttack-Zone1,11,14.1,32.2,118.6,0.533,medium
26,Cuttack-Zone1,12,53.2,30.8,110.4,0.482,high
26,Cuttack-Zone1,13,45.8,31.3,105.1,0.387,high
26,Cuttack-Zone1,14,12.8,35.2,118.6,0.605,low
26,Cuttack-Zone1,15,68.1,36.8,115.9,0.417,high
26,Cuttack-Zone1,16,12.1,37.5,111.4,0.285,medium
26,Cuttack-Zone1,17,63.9,38.5,104.0,0.425,high
26,Cuttack-Zone1,18,62.2,40.9,113.7,0.399,high
26,Cuttack-Zone1,19,33.3,38.5,111.6,0.434,medium
26,Cuttack-Zone1,20,26.4,39.6,116.0,0.442,medium
26,Cuttack-Zone1,21,31.7,41.9,114.3,0.683,medium
26,Cuttack-Zone1,22,62.7,39.8,117.4,0.4,high
26,Cuttack-Zone1,23,79.2,41.7,106.4,0.592,high
26,Cuttack-Zone1,24,159.5,42.0,102.3,0.41,high
26,Cuttack-Zone1,25,246.6,43.2,96.1,0.297,high
26,Cuttack-Zone1,26,198.7,41.4,97.4,0.608,high
26,Cuttack-Zone1,27,282.6,43.4,82.7,0.339,high
26,Cuttack-Zone1,28,235.4,40.8,94.9,0.37,high
26,Cuttack-Zone1,29,238.0,42.0,95.3,0.5,high
26,Cuttack-Zone1,30,288.1,42.8,83.0,0.366,high
26,Cuttack-Zone1,31,263.5,38.7,89.7,0.351,high
26,Cuttack-Zone1,32,334.1,40.7,72.4,0.513,high
26,Cuttack-Zone1,33,337.1,38.6,73.7,0.479,high
26,Cuttack-Zone1,34,302.3,38.0,94.7,0.563,high
26,Cuttack-Zone1,35,285.6,36.6,81.6,0.435,high
26,Cuttack-Zone1,36,313.4,35.3,77.0,0.2,high
26,Cuttack-Zone1,37,325.5,35.0,78.6,0.196,high
26,Cuttack-Zone1,38,264.2,34.8,115.7,0.355,high
26,Cuttack-Zone1,39,271.7,31.9,178.6,0.644,high
26,Cuttack-Zone1,40,247.0,29.6,171.7,0.488,high
26,Cuttack-Zone1,41,190.4,30.8,175.7,0.523,high
26,Cuttack-Zone1,42,184.7,28.1,171.0,0.623,high
26,Cuttack-Zone1,43,185.3,26.9,174.4,0.502,high
26,Cuttack-Zone1,44,119.5,26.5,181.4,0.487,high
26,Cuttack-Zone1,45,144.4,25.5,180.1,0.526,high
26,Cuttack-Zone1,46,76.7,24.8,191.4,0.48,high
26,Cuttack-Zone1,47,22.2,23.5,199.6,0.426,medium
26,Cuttack-Zone1,48,49.5,23.0,193.1,0.447,medium
26,Cuttack-Zone1,49,56.2,22.8,188.0,0.503,high
26,Cuttack-Zone1,50,55.0,22.8,190.0,0.345,high
26,Cuttack-Zone1,51,44.3,24.1,197.1,0.495,medium
26,Cuttack-Zone1,52,0.9,17.3,221.0,0.467,medium
27,Bhubaneswar-Zone2,0,108.4,21.1,189.9,0.229,high
27,Bhubaneswar-Zone2,1,66.7,23.3,193.3,0.391,high
27,Bhubaneswar-Zone2,2,91.1,21.0,196.0,0.448,high
27,Bhubaneswar-Zone2,3,88.0,23.2,190.6,0.379,high
27,Bhubaneswar-Zone2,4,72.7,23.2,136.9,0.598,high
27,Bhubaneswar-Zone2,5,70.9,23.7,114.6,0.32,high
27,Bhubaneswar-Zone2,6,57.1,25.3,117.9,0.485,high
27,Bhubaneswar-Zone2,7,97.0,27.2,108.0,0.431,high
27,Bhubaneswar-Zone2,8,46.4,29.7,118.6,0.571,medium
27,Bhubaneswar-Zone2,9,41.6,29.3,109.4,0.385,medium
27,Bhubaneswar-Zone2,10,89.7,31.0,125.9,0.432,high
27,Bhubaneswar-Zone2,11,48.2,31.0,113.4,0.366,medium
27,Bhubaneswar-Zone2,12,51.8,32.7,113.7,0.543,high
27,Bhubaneswar-Zone2,13,128.9,34.8,95.1,0.37,high
27,Bhubaneswar-Zone2,14,48.1,34.4,114.6,0.57,medium
27,Bhubaneswar-Zone2,15,83.4,36.8,106.0,0.463,high
27,Bhubaneswar-Zone2,16,85.1,37.7,110.0,0.445,high
27,Bhubaneswar-Zone2,17,79.0,37.4,102.9,0.449,high
27,Bhubaneswar-Zone2,18,104.4,39.9,105.0,0.428,high
27,Bhubaneswar-Zone2,19,111.3,41.9,103.0,0.658,high
27,Bhubaneswar-Zone2,20,72.2,41.6,115.3,0.45,high
27,Bhubaneswar-Zone2,21,49.8,41.0,114.1,0.42,medium
27,Bhubaneswar-Zone2,22,74.5,40.8,103.9,0.509,high
27,Bhubaneswar-Zone2,23,135.2,42.9,108.3,0.403,high
27,Bhubaneswar-Zone2,24,142.8,45.0,110.1,0.288,high
27,Bhubaneswar-Zone2,25,213.2,44.1,96.4,0.514,high
27,Bhubaneswar-Zone2,26,244.8,41.9,89.4,0.508,high
27,Bhubaneswar-Zone2,27,229.8,42.9,94.4,0.297,high
27,Bhubaneswar-Zone2,28,257.8,43.2,89.7,0.568,medium
27,Bhubaneswar-Zone2,29,279.6,42.9,86.7,0.407,high
27,Bhubaneswar-Zone2,30,323.3,39.3,86.4,0.45,high
27,Bhubaneswar-Zone2,31,349.4,41.3,75.7,0.624,high
27,Bhubaneswar-Zone2,32,343.1,39.3,87.0,0.431,high
27,Bhubaneswar-Zone2,33,339.2,37.7,72.0,0.522,high
27,Bhubaneswar-Zone2,34,333.2,38.6,85.4,0.389,high
27,Bhubaneswar-Zone2,35,359.8,35.4,79.1,0.564,high
27,Bhubaneswar-Zone2,36,362.9,35.0,81.6,0.379,high
27,Bhubaneswar-Zone2,37,299.2,34.3,85.6,0.454,high
27,Bhubaneswar-Zone2,38,297.3,31.5,112.0,0.518,high
27,Bhubaneswar-Zone2,39,298.5,33.3,172.7,0.649,high
27,Bhubaneswar-Zone2,40,306.6,31.3,161.4,0.485,high
27,Bhubaneswar-Zone2,41,250.9,30.8,175.1,0.437,medium
27,Bhubaneswar-Zone2,42,222.5,32.6,174.1,0.429,high
27,Bhubaneswar-Zone2,43,240.7,28.6,180.7,0.538,high
27,Bhubaneswar-Zone2,44,170.7,25.8,181.1,0.344,high
27,Bhubaneswar-Zone2,45,115.2,27.1,179.3,0.51,high
27,Bhubaneswar-Zone2,46,103.4,24.2,181.1,0.391,high
27,Bhubaneswar-Zone2,47,123.4,26.9,181.4,0.277,high
27,Bhubaneswar-Zone2,48,92.9,23.7,190.6,0.549,medium
27,Bhubaneswar-Zone2,49,71.1,23.2,195.3,0.306,high
27,Bhubaneswar-Zone2,50,89.6,23.4,189.3,0.566,high
27,Bhubaneswar-Zone2,51,31.0,23.1,195.4,0.328,medium
27,Bhubaneswar-Zone2,52,3.2,17.6,200.0,0.502,medium
28,Rourkela-Zone1,0,12.7,20.9,190.6,0.604,medium
28,Rourkela-Zone1,1,24.9,24.0,193.9,0.357,medium
28,Rourkela-Zone1,2,6.9,24.0,196.0,0.549,medium
28,Rourkela-Zone1,3,44.1,25.1,186.7,0.535,medium
28,Rourkela-Zone1,4,25.7,23.1,141.1,0.482,medium
28,Rourkela-Zone1,5,45.3,27.0,116.6,0.283,medium
28,Rourkela-Zone1,6,0.0,24.7,122.1,0.508,low
28,Rourkela-Zone1,7,13.6,28.2,101.6,0.486,low
28,Rourkela-Zone1,8,7.1,26.4,113.0,0.557,low
28,Rourkela-Zone1,9,42.5,29.2,118.1,0.359,medium
28,Rourkela-Zone1,10,4.4,32.2,114.0,0.598,low
28,Rourkela-Zone1,11,21.1,29.6,108.3,0.48,medium
28,Rourkela-Zone1,12,12.7,32.3,114.6,0.459,medium
28,Rourkela-Zone1,13,30.3,35.3,104.7,0.604,medium
28,Rourkela-Zone1,14,11.6,36.0,119.1,0.612,low
28,Rourkela-Zone1,15,0.0,34.6,119.1,0.317,medium
28,Rourkela-Zone1,16,8.5,36.6,116.0,0.474,low
28,Rourkela-Zone1,17,2.9,37.9,125.0,0.479,low
28,Rourkela-Zone1,18,19.5,39.1,114.0,0.578,medium
28,Rourkela-Zone1,19,16.4,41.1,111.6,0.617,medium
28,Rourkela-Zone1,20,59.8,40.2,117.1,0.261,high
28,Rourkela-Zone1,21,36.3,41.2,110.7,0.502,medium
28,Rourkela-Zone1,22,21.3,42.3,109.7,0.414,medium
28,Rourkela-Zone1,23,88.1,42.9,109.4,0.517,high
28,Rourkela-Zone1,24,118.1,43.9,107.7,0.391,high
28,Rourkela-Zone1,25,149.8,44.2,108.3,0.66,high
28,Rourkela-Zone1,26,149.3,42.9,99.3,0.522,high
28,Rourkela-Zone1,27,175.4,44.7,100.0,0.447,high
28,Rourkela-Zone1,28,191.7,40.9,96.9,0.585,medium
28,Rourkela-Zone1,29,211.7,41.6,103.4,0.381,high
28,Rourkela-Zone1,30,223.5,41.2,94.6,0.631,high
28,Rourkela-Zone1,31,270.0,41.9,88.4,0.503,high
28,Rourkela-Zone1,32,262.3,41.3,93.0,0.468,high
28,Rourkela-Zone1,33,289.2,40.8,84.9,0.514,high
28,Rourkela-Zone1,34,271.3,38.8,90.9,0.196,low
28,Rourkela-Zone1,35,261.5,36.1,95.7,0.404,high
28,Rourkela-Zone1,36,265.7,34.2,99.6,0.538,high
28,Rourkela-Zone1,37,245.6,34.5,96.6,0.413,high
28,Rourkela-Zone1,38,252.5,34.9,100.7,0.612,high
28,Rourkela-Zone1,39,202.9,31.1,174.0,0.45,high
28,Rourkela-Zone1,40,262.6,29.5,162.4,0.614,high
28,Rourkela-Zone1,41,179.5,28.6,172.4,0.388,high
28,Rourkela-Zone1,42,143.8,27.3,183.1,0.425,high
28,Rourkela-Zone1,43,129.1,29.7,188.0,0.441,high
28,Rourkela-Zone1,44,104.7,25.8,177.6,0.428,high
28,Rourkela-Zone1,45,34.6,25.1,195.7,0.557,medium
28,Rourkela-Zone1,46,27.1,26.8,203.0,0.556,medium
28,Rourkela-Zone1,47,19.4,24.2,203.7,0.494,medium
28,Rourkela-Zone1,48,4.4,22.9,196.4,0.537,medium
28,Rourkela-Zone1,49,16.7,23.5,195.4,0.742,medium
28,Rourkela-Zone1,50,18.1,22.1,190.4,0.512,medium
28,Rourkela-Zone1,51,19.9,26.5,201.4,0.553,medium
28,Rourkela-Zone1,52,0.0,16.7,201.0,0.392,medium
29,Rourkela-Zone1,0,12.7,20.9,190.6,0.76,medium
29,Rourkela-Zone1,1,24.9,24.0,193.9,0.689,high
29,Rourkela-Zone1,2,6.9,24.0,196.0,0.83,medium
29,Rourkela-Zone1,3,44.1,25.1,186.7,0.832,medium
29,Rourkela-Zone1,4,25.7,23.1,141.1,0.927,medium
29,Rourkela-Zone1,5,45.3,27.0,116.6,0.95,low
29,Rourkela-Zone1,6,0.0,24.7,122.1,0.649,low
29,Rourkela-Zone1,7,13.6,28.2,101.6,0.771,medium
29,Rourkela-Zone1,8,7.1,26.4,113.0,0.907,low
29,Rourkela-Zone1,9,42.5,29.2,118.1,0.909,medium
29,Rourkela-Zone1,10,4.4,32.2,114.0,0.789,low
29,Rourkela-Zone1,11,21.1,29.6,108.3,0.718,medium
29,Rourkela-Zone1,12,12.7,32.3,114.6,0.845,low
29,Rourkela-Zone1,13,30.3,35.3,104.7,0.832,medium
29,Rourkela-Zone1,14,11.6,36.0,119.1,0.843,low
29,Rourkela-Zone1,15,0.0,34.6,119.1,0.87,low
29,Rourkela-Zone1,16,8.5,36.6,116.0,0.742,low
29,Rourkela-Zone1,17,2.9,37.9,125.0,0.768,low
29,Rourkela-Zone1,18,19.5,39.1,114.0,0.824,medium
29,Rourkela-Zone1,19,16.4,41.1,111.6,0.774,medium
29,Rourkela-Zone1,20,59.8,40.2,117.1,0.782,high
29,Rourkela-Zone1,21,36.3,41.2,110.7,0.981,low
29,Rourkela-Zone1,22,21.3,42.3,109.7,0.622,medium
29,Rourkela-Zone1,23,88.1,42.9,109.4,0.821,high
29,Rourkela-Zone1,24,118.1,43.9,107.7,0.819,high
29,Rourkela-Zone1,25,149.8,44.2,108.3,0.792,high
29,Rourkela-Zone1,26,149.3,42.9,99.3,0.889,high
29,Rourkela-Zone1,27,175.4,44.7,100.0,0.829,high
29,Rourkela-Zone1,28,191.7,40.9,96.9,0.855,high
29,Rourkela-Zone1,29,211.7,41.6,103.4,0.722,high
29,Rourkela-Zone1,30,223.5,41.2,94.6,0.691,high
29,Rourkela-Zone1,31,270.0,41.9,88.4,0.878,high
29,Rourkela-Zone1,32,262.3,41.3,93.0,0.894,high
29,Rourkela-Zone1,33,289.2,40.8,84.9,0.712,high
29,Rourkela-Zone1,34,271.3,38.8,90.9,0.642,high
29,Rourkela-Zone1,35,261.5,36.1,95.7,0.911,high
29,Rourkela-Zone1,36,265.7,34.2,99.6,0.852,high
29,Rourkela-Zone1,37,245.6,34.5,96.6,0.684,high
29,Rourkela-Zone1,38,252.5,34.9,100.7,0.9,high
29,Rourkela-Zone1,39,202.9,31.1,174.0,0.775,high
29,Rourkela-Zone1,40,262.6,29.5,162.4,0.759,high
29,Rourkela-Zone1,41,179.5,28.6,172.4,0.737,high
29,Rourkela-Zone1,42,143.8,27.3,183.1,0.716,high
29,Rourkela-Zone1,43,129.1,29.7,188.0,0.835,high
29,Rourkela-Zone1,44,104.7,25.8,177.6,0.918,medium
29,Rourkela-Zone1,45,34.6,25.1,195.7,0.725,medium
29,Rourkela-Zone1,46,27.1,26.8,203.0,0.993,medium
29,Rourkela-Zone1,47,19.4,24.2,203.7,0.788,medium
29,Rourkela-Zone1,48,4.4,22.9,196.4,0.813,medium
29,Rourkela-Zone1,49,16.7,23.5,195.4,0.802,medium
29,Rourkela-Zone1,50,18.1,22.1,190.4,0.774,medium
29,Rourkela-Zone1,51,19.9,26.5,201.4,0.902,medium
29,Rourkela-Zone1,52,0.0,16.7,201.0,0.813,medium
30,Cuttack-Zone1,0,20.0,23.7,196.3,0.736,medium
30,Cuttack-Zone1,1,53.9,23.0,203.3,0.729,high
30,Cuttack-Zone1,2,39.0,22.9,200.9,0.737,medium
30,Cuttack-Zone1,3,52.1,24.6,189.0,0.688,high
30,Cuttack-Zone1,4,42.3,25.4,151.7,0.692,high
30,Cuttack-Zone1,5,29.4,25.2,116.0,0.81,high
30,Cuttack-Zone1,6,33.7,25.9,117.0,0.666,medium
30,Cuttack-Zone1,7,32.3,27.7,117.3,0.74,high
30,Cuttack-Zone1,8,26.4,27.3,120.7,0.699,medium
30,Cuttack-Zone1,9,18.2,26.7,110.9,0.746,low
30,Cuttack-Zone1,10,12.5,29.6,110.7,0.654,low
30,Cuttack-Zone1,11,14.1,32.2,118.6,0.777,low
30,Cuttack-Zone1,12,53.2,30.8,110.4,0.796,high
30,Cuttack-Zone1,13,45.8,31.3,105.1,0.627,medium
30,Cuttack-Zone1,14,12.8,35.2,118.6,0.649,low
30,Cuttack-Zone1,15,68.1,36.8,115.9,0.601,high
30,Cuttack-Zone1,16,12.1,37.5,111.4,0.697,low
30,Cuttack-Zone1,17,63.9,38.5,104.0,0.728,high
30,Cuttack-Zone1,18,62.2,40.9,113.7,0.879,high
30,Cuttack-Zone1,19,33.3,38.5,111.6,0.663,low
30,Cuttack-Zone1,20,26.4,39.6,116.0,0.6,medium
30,Cuttack-Zone1,21,31.7,41.9,114.3,0.796,low
30,Cuttack-Zone1,22,62.7,39.8,117.4,0.663,high
30,Cuttack-Zone1,23,79.2,41.7,106.4,0.57,high
30,Cuttack-Zone1,24,159.5,42.0,102.3,0.749,high
30,Cuttack-Zone1,25,246.6,43.2,96.1,0.523,high
30,Cuttack-Zone1,26,198.7,41.4,97.4,0.837,high
30,Cuttack-Zone1,27,282.6,43.4,82.7,0.73,high
30,Cuttack-Zone1,28,235.4,40.8,94.9,0.787,high
30,Cuttack-Zone1,29,238.0,42.0,95.3,0.7,high
30,Cuttack-Zone1,30,288.1,42.8,83.0,0.795,high
30,Cuttack-Zone1,31,263.5,38.7,89.7,0.709,high
30,Cuttack-Zone1,32,334.1,40.7,72.4,0.73,high
30,Cuttack-Zone1,33,337.1,38.6,73.7,0.685,high
30,Cuttack-Zone1,34,302.3,38.0,94.7,0.821,high
30,Cuttack-Zone1,35,285.6,36.6,81.6,0.731,high
30,Cuttack-Zone1,36,313.4,35.3,77.0,0.615,low
30,Cuttack-Zone1,37,325.5,35.0,78.6,0.831,high
30,Cuttack-Zone1,38,264.2,34.8,115.7,0.88,high
30,Cuttack-Zone1,39,271.7,31.9,178.6,0.674,high
30,Cuttack-Zone1,40,247.0,29.6,171.7,0.811,high
30,Cuttack-Zone1,41,190.4,30.8,175.7,0.639,high
30,Cuttack-Zone1,42,184.7,28.1,171.0,0.769,high
30,Cuttack-Zone1,43,185.3,26.9,174.4,0.88,high
30,Cuttack-Zone1,44,119.5,26.5,181.4,0.891,high
30,Cuttack-Zone1,45,144.4,25.5,180.1,0.733,high
30,Cuttack-Zone1,46,76.7,24.8,191.4,0.742,high
30,Cuttack-Zone1,47,22.2,23.5,199.6,0.667,low
30,Cuttack-Zone1,48,49.5,23.0,193.1,0.697,medium
30,Cuttack-Zone1,49,56.2,22.8,188.0,0.816,high
30,Cuttack-Zone1,50,55.0,22.8,190.0,0.885,high
30,Cuttack-Zone1,51,44.3,24.1,197.1,0.74,medium
30,Cuttack-Zone1,52,0.9,17.3,221.0,0.541,medium
31,Rourkela-Zone1,0,12.7,20.9,190.6,1.0,medium
31,Rourkela-Zone1,1,24.9,24.0,193.9,0.793,medium
31,Rourkela-Zone1,2,6.9,24.0,196.0,0.831,medium
31,Rourkela-Zone1,3,44.1,25.1,186.7,1.0,medium
31,Rourkela-Zone1,4,25.7,23.1,141.1,0.941,medium
31,Rourkela-Zone1,5,45.3,27.0,116.6,0.89,medium
31,Rourkela-Zone1,6,0.0,24.7,122.1,1.0,low
31,Rourkela-Zone1,7,13.6,28.2,101.6,0.966,low
31,Rourkela-Zone1,8,7.1,26.4,113.0,1.0,low
31,Rourkela-Zone1,9,42.5,29.2,118.1,1.0,medium
31,Rourkela-Zone1,10,4.4,32.2,114.0,0.97,low
31,Rourkela-Zone1,11,21.1,29.6,108.3,0.973,medium
31,Rourkela-Zone1,12,12.7,32.3,114.6,1.0,low
31,Rourkela-Zone1,13,30.3,35.3,104.7,0.94,medium
31,Rourkela-Zone1,14,11.6,36.0,119.1,0.86,low
31,Rourkela-Zone1,15,0.0,34.6,119.1,1.0,low
31,Rourkela-Zone1,16,8.5,36.6,116.0,0.92,low
31,Rourkela-Zone1,17,2.9,37.9,125.0,0.978,low
31,Rourkela-Zone1,18,19.5,39.1,114.0,0.75,medium
31,Rourkela-Zone1,19,16.4,41.1,111.6,0.936,medium
31,Rourkela-Zone1,20,59.8,40.2,117.1,0.897,high
31,Rourkela-Zone1,21,36.3,41.2,110.7,0.747,medium
31,Rourkela-Zone1,22,21.3,42.3,109.7,0.939,medium
31,Rourkela-Zone1,23,88.1,42.9,109.4,0.942,high
31,Rourkela-Zone1,24,118.1,43.9,107.7,0.986,high
31,Rourkela-Zone1,25,149.8,44.2,108.3,1.0,high
31,Rourkela-Zone1,26,149.3,42.9,99.3,1.0,high
31,Rourkela-Zone1,27,175.4,44.7,100.0,0.903,high
31,Rourkela-Zone1,28,191.7,40.9,96.9,0.968,high
31,Rourkela-Zone1,29,211.7,41.6,103.4,1.0,medium
31,Rourkela-Zone1,30,223.5,41.2,94.6,0.906,high
31,Rourkela-Zone1,31,270.0,41.9,88.4,0.989,high
31,Rourkela-Zone1,32,262.3,41.3,93.0,0.932,high
31,Rourkela-Zone1,33,289.2,40.8,84.9,0.946,high
31,Rourkela-Zone1,34,271.3,38.8,90.9,0.872,high
31,Rourkela-Zone1,35,261.5,36.1,95.7,0.85,high
31,Rourkela-Zone1,36,265.7,34.2,99.6,1.0,high
31,Rourkela-Zone1,37,245.6,34.5,96.6,0.95,high
31,Rourkela-Zone1,38,252.5,34.9,100.7,0.925,high
31,Rourkela-Zone1,39,202.9,31.1,174.0,0.927,high
31,Rourkela-Zone1,40,262.6,29.5,162.4,1.0,high
31,Rourkela-Zone1,41,179.5,28.6,172.4,0.86,high
31,Rourkela-Zone1,42,143.8,27.3,183.1,1.0,high
31,Rourkela-Zone1,43,129.1,29.7,188.0,0.972,medium
31,Rourkela-Zone1,44,104.7,25.8,177.6,0.912,high
31,Rourkela-Zone1,45,34.6,25.1,195.7,0.91,medium
31,Rourkela-Zone1,46,27.1,26.8,203.0,0.932,medium
31,Rourkela-Zone1,47,19.4,24.2,203.7,1.0,medium
31,Rourkela-Zone1,48,4.4,22.9,196.4,0.842,medium
31,Rourkela-Zone1,49,16.7,23.5,195.4,0.89,medium
31,Rourkela-Zone1,50,18.1,22.1,190.4,1.0,medium
31,Rourkela-Zone1,51,19.9,26.5,201.4,1.0,medium
31,Rourkela-Zone1,52,0.0,16.7,201.0,0.834,medium
32,Rourkela-Zone1,0,12.7,20.9,190.6,0.974,medium
32,Rourkela-Zone1,1,24.9,24.0,193.9,0.863,medium
32,Rourkela-Zone1,2,6.9,24.0,196.0,0.721,medium
32,Rourkela-Zone1,3,44.1,25.1,186.7,0.895,medium
32,Rourkela-Zone1,4,25.7,23.1,141.1,1.0,medium
32,Rourkela-Zone1,5,45.3,27.0,116.6,1.0,high
32,Rourkela-Zone1,6,0.0,24.7,122.1,0.746,low
32,Rourkela-Zone1,7,13.6,28.2,101.6,0.882,low
32,Rourkela-Zone1,8,7.1,26.4,113.0,0.882,low
32,Rourkela-Zone1,9,42.5,29.2,118.1,0.942,medium
32,Rourkela-Zone1,10,4.4,32.2,114.0,0.886,low
32,Rourkela-Zone1,11,21.1,29.6,108.3,0.744,medium
32,Rourkela-Zone1,12,12.7,32.3,114.6,0.778,low
32,Rourkela-Zone1,13,30.3,35.3,104.7,1.0,medium
32,Rourkela-Zone1,14,11.6,36.0,119.1,0.874,low
32,Rourkela-Zone1,15,0.0,34.6,119.1,0.92,low
32,Rourkela-Zone1,16,8.5,36.6,116.0,1.0,low
32,Rourkela-Zone1,17,2.9,37.9,125.0,0.865,low
32,Rourkela-Zone1,18,19.5,39.1,114.0,0.737,medium
32,Rourkela-Zone1,19,16.4,41.1,111.6,0.926,medium
32,Rourkela-Zone1,20,59.8,40.2,117.1,0.946,high
32,Rourkela-Zone1,21,36.3,41.2,110.7,0.838,medium
32,Rourkela-Zone1,22,21.3,42.3,109.7,0.806,medium
32,Rourkela-Zone1,23,88.1,42.9,109.4,1.0,high
32,Rourkela-Zone1,24,118.1,43.9,107.7,0.965,high
32,Rourkela-Zone1,25,149.8,44.2,108.3,0.869,high
32,Rourkela-Zone1,26,149.3,42.9,99.3,0.798,high
32,Rourkela-Zone1,27,175.4,44.7,100.0,0.983,high
32,Rourkela-Zone1,28,191.7,40.9,96.9,0.897,high
32,Rourkela-Zone1,29,211.7,41.6,103.4,0.829,high
32,Rourkela-Zone1,30,223.5,41.2,94.6,0.973,high
32,Rourkela-Zone1,31,270.0,41.9,88.4,0.623,high
32,Rourkela-Zone1,32,262.3,41.3,93.0,0.905,high
32,Rourkela-Zone1,33,289.2,40.8,84.9,0.951,high
32,Rourkela-Zone1,34,271.3,38.8,90.9,0.974,high
32,Rourkela-Zone1,35,261.5,36.1,95.7,1.0,high
32,Rourkela-Zone1,36,265.7,34.2,99.6,0.753,high
32,Rourkela-Zone1,37,245.6,34.5,96.6,0.822,high
32,Rourkela-Zone1,38,252.5,34.9,100.7,0.931,high
32,Rourkela-Zone1,39,202.9,31.1,174.0,1.0,high
32,Rourkela-Zone1,40,262.6,29.5,162.4,1.0,high
32,Rourkela-Zone1,41,179.5,28.6,172.4,1.0,high
32,Rourkela-Zone1,42,143.8,27.3,183.1,1.0,high
32,Rourkela-Zone1,43,129.1,29.7,188.0,0.961,high
32,Rourkela-Zone1,44,104.7,25.8,177.6,0.858,high
32,Rourkela-Zone1,45,34.6,25.1,195.7,0.774,medium
32,Rourkela-Zone1,46,27.1,26.8,203.0,1.0,medium
32,Rourkela-Zone1,47,19.4,24.2,203.7,0.98,medium
32,Rourkela-Zone1,48,4.4,22.9,196.4,0.893,medium
32,Rourkela-Zone1,49,16.7,23.5,195.4,0.912,medium
32,Rourkela-Zone1,50,18.1,22.1,190.4,0.97,medium
32,Rourkela-Zone1,51,19.9,26.5,201.4,0.855,medium
32,Rourkela-Zone1,52,0.0,16.7,201.0,1.0,medium
33,Bhubaneswar-Zone1,0,49.0,21.8,193.4,0.982,medium
33,Bhubaneswar-Zone1,1,77.8,23.1,182.0,0.876,high
33,Bhubaneswar-Zone1,2,27.0,23.8,197.1,1.0,medium
33,Bhubaneswar-Zone1,3,32.5,23.1,193.3,1.0,medium
33,Bhubaneswar-Zone1,4,67.9,25.4,131.0,0.923,high
33,Bhubaneswar-Zone1,5,37.2,24.4,116.6,0.96,medium
33,Bhubaneswar-Zone1,6,45.8,26.3,107.7,0.99,medium
33,Bhubaneswar-Zone1,7,109.5,27.1,101.0,1.0,high
33,Bhubaneswar-Zone1,8,26.4,27.9,123.0,1.0,medium
33,Bhubaneswar-Zone1,9,61.9,27.4,112.9,1.0,high
33,Bhubaneswar-Zone1,10,59.1,31.8,121.6,1.0,high
33,Bhubaneswar-Zone1,11,32.6,31.7,106.6,0.944,medium
33,Bhubaneswar-Zone1,12,48.3,31.4,115.1,0.859,medium
33,Bhubaneswar-Zone1,13,55.6,33.5,107.3,0.991,high
33,Bhubaneswar-Zone1,14,37.3,32.8,121.4,0.877,medium
33,Bhubaneswar-Zone1,15,24.6,36.4,111.0,0.977,medium
33,Bhubaneswar-Zone1,16,91.3,37.6,114.3,1.0,high
33,Bhubaneswar-Zone1,17,48.1,39.2,118.1,1.0,medium
33,Bhubaneswar-Zone1,18,42.5,39.3,118.9,1.0,medium
33,Bhubaneswar-Zone1,19,77.0,39.9,110.1,1.0,high
33,Bhubaneswar-Zone1,20,47.5,40.4,112.1,0.874,medium
33,Bhubaneswar-Zone1,21,40.6,40.8,113.6,0.914,medium
33,Bhubaneswar-Zone1,22,106.5,43.3,98.6,1.0,high
33,Bhubaneswar-Zone1,23,108.8,39.8,95.1,1.0,high
33,Bhubaneswar-Zone1,24,131.7,42.3,109.6,0.819,high
33,Bhubaneswar-Zone1,25,172.0,44.7,95.6,1.0,high
33,Bhubaneswar-Zone1,26,233.2,43.0,91.6,0.928,high
33,Bhubaneswar-Zone1,27,239.5,39.7,100.0,1.0,high
33,Bhubaneswar-Zone1,28,277.5,41.6,82.4,0.983,high
33,Bhubaneswar-Zone1,29,266.7,44.0,80.0,0.864,high
33,Bhubaneswar-Zone1,30,288.9,41.6,86.7,1.0,high
33,Bhubaneswar-Zone1,31,315.4,37.7,94.3,0.98,high
33,Bhubaneswar-Zone1,32,347.5,38.7,80.1,0.824,high
33,Bhubaneswar-Zone1,33,310.4,40.2,84.4,1.0,high
33,Bhubaneswar-Zone1,34,360.4,35.9,81.1,0.926,high
33,Bhubaneswar-Zone1,35,379.1,39.7,78.3,1.0,high
33,Bhubaneswar-Zone1,36,336.6,37.5,77.7,0.888,high
33,Bhubaneswar-Zone1,37,342.3,34.8,76.1,1.0,high
33,Bhubaneswar-Zone1,38,316.9,32.3,111.4,1.0,high
33,Bhubaneswar-Zone1,39,305.7,31.8,166.1,0.767,high
33,Bhubaneswar-Zone1,40,248.4,30.8,169.3,0.864,high
33,Bhubaneswar-Zone1,41,221.0,28.0,179.9,0.888,high
33,Bhubaneswar-Zone1,42,190.3,28.7,179.9,0.848,high
33,Bhubaneswar-Zone1,43,201.3,28.2,167.6,0.962,high
33,Bhubaneswar-Zone1,44,162.7,26.5,180.9,1.0,high
33,Bhubaneswar-Zone1,45,104.4,24.5,193.9,1.0,high
33,Bhubaneswar-Zone1,46,101.0,27.6,195.9,1.0,high
33,Bhubaneswar-Zone1,47,24.5,25.1,193.1,1.0,medium
33,Bhubaneswar-Zone1,48,43.1,26.0,193.1,0.977,medium
33,Bhubaneswar-Zone1,49,36.6,22.9,204.1,0.925,medium
33,Bhubaneswar-Zone1,50,40.1,21.7,205.1,0.89,medium
33,Bhubaneswar-Zone1,51,59.8,22.2,197.9,0.966,high
33,Bhubaneswar-Zone1,52,22.7,20.0,193.0,0.892,medium
34,Cuttack-Zone1,0,20.0,23.7,196.3,0.804,medium
34,Cuttack-Zone1,1,53.9,23.0,203.3,0.68,high
34,Cuttack-Zone1,2,39.0,22.9,200.9,0.721,medium
34,Cuttack-Zone1,3,52.1,24.6,189.0,0.877,high
34,Cuttack-Zone1,4,42.3,25.4,151.7,0.888,medium
34,Cuttack-Zone1,5,29.4,25.2,116.0,0.884,medium
34,Cuttack-Zone1,6,33.7,25.9,117.0,0.764,medium
34,Cuttack-Zone1,7,32.3,27.7,117.3,0.714,medium
34,Cuttack-Zone1,8,26.4,27.3,120.7,0.82,medium
34,Cuttack-Zone1,9,18.2,26.7,110.9,0.682,low
34,Cuttack-Zone1,10,12.5,29.6,110.7,0.844,low
34,Cuttack-Zone1,11,14.1,32.2,118.6,0.706,low
34,Cuttack-Zone1,12,53.2,30.8,110.4,0.748,high
34,Cuttack-Zone1,13,45.8,31.3,105.1,0.846,medium
34,Cuttack-Zone1,14,12.8,35.2,118.6,0.587,low
34,Cuttack-Zone1,15,68.1,36.8,115.9,0.71,high
34,Cuttack-Zone1,16,12.1,37.5,111.4,0.807,low
34,Cuttack-Zone1,17,63.9,38.5,104.0,0.828,low
34,Cuttack-Zone1,18,62.2,40.9,113.7,0.725,high
34,Cuttack-Zone1,19,33.3,38.5,111.6,0.669,medium
34,Cuttack-Zone1,20,26.4,39.6,116.0,0.653,medium
34,Cuttack-Zone1,21,31.7,41.9,114.3,0.875,medium
34,Cuttack-Zone1,22,62.7,39.8,117.4,0.851,high
34,Cuttack-Zone1,23,79.2,41.7,106.4,0.785,low
34,Cuttack-Zone1,24,159.5,42.0,102.3,0.701,high
34,Cuttack-Zone1,25,246.6,43.2,96.1,0.685,high
34,Cuttack-Zone1,26,198.7,41.4,97.4,0.77,high
34,Cuttack-Zone1,27,282.6,43.4,82.7,0.855,high
34,Cuttack-Zone1,28,235.4,40.8,94.9,0.719,high
34,Cuttack-Zone1,29,238.0,42.0,95.3,0.685,high
34,Cuttack-Zone1,30,288.1,42.8,83.0,0.725,high
34,Cuttack-Zone1,31,263.5,38.7,89.7,0.886,high
34,Cuttack-Zone1,32,334.1,40.7,72.4,0.772,high
34,Cuttack-Zone1,33,337.1,38.6,73.7,0.78,high
34,Cuttack-Zone1,34,302.3,38.0,94.7,0.736,high
34,Cuttack-Zone1,35,285.6,36.6,81.6,0.752,high
34,Cuttack-Zone1,36,313.4,35.3,77.0,0.769,high
34,Cuttack-Zone1,37,325.5,35.0,78.6,0.848,high
34,Cuttack-Zone1,38,264.2,34.8,115.7,0.872,high
34,Cuttack-Zone1,39,271.7,31.9,178.6,0.861,high
34,Cuttack-Zone1,40,247.0,29.6,171.7,0.708,high
34,Cuttack-Zone1,41,190.4,30.8,175.7,0.789,high
34,Cuttack-Zone1,42,184.7,28.1,171.0,0.769,high
34,Cuttack-Zone1,43,185.3,26.9,174.4,0.785,high
34,Cuttack-Zone1,44,119.5,26.5,181.4,0.812,high
34,Cuttack-Zone1,45,144.4,25.5,180.1,0.901,high
34,Cuttack-Zone1,46,76.7,24.8,191.4,0.933,high
34,Cuttack-Zone1,47,22.2,23.5,199.6,0.901,medium
34,Cuttack-Zone1,48,49.5,23.0,193.1,0.735,medium
34,Cuttack-Zone1,49,56.2,22.8,188.0,0.818,high
34,Cuttack-Zone1,50,55.0,22.8,190.0,0.776,high
34,Cuttack-Zone1,51,44.3,24.1,197.1,0.568,medium
34,Cuttack-Zone1,52,0.9,17.3,221.0,0.914,medium
35,Puri-Zone1,0,125.9,22.3,186.0,0.539,medium
35,Puri-Zone1,1,116.2,22.7,185.0,0.692,high
35,Puri-Zone1,2,77.3,23.1,189.1,0.329,high
35,Puri-Zone1,3,144.2,24.7,182.0,0.528,high
35,Puri-Zone1,4,104.0,23.6,137.7,0.634,high
35,Puri-Zone1,5,75.6,24.8,105.9,0.587,high
35,Puri-Zone1,6,77.2,25.1,109.7,0.607,high
35,Puri-Zone1,7,81.9,25.9,100.3,0.517,high
35,Puri-Zone1,8,105.0,27.3,110.9,0.58,high
35,Puri-Zone1,9,117.3,26.6,105.0,0.525,high
35,Puri-Zone1,10,105.1,29.5,106.1,0.597,medium
35,Puri-Zone1,11,92.2,31.1,109.7,0.389,high
35,Puri-Zone1,12,104.3,33.4,109.0,0.307,high
35,Puri-Zone1,13,69.9,32.5,108.0,0.568,high
35,Puri-Zone1,14,132.9,34.1,110.4,0.73,high
35,Puri-Zone1,15,100.4,36.5,110.0,0.451,high
35,Puri-Zone1,16,72.5,36.9,111.0,0.587,high
35,Puri-Zone1,17,94.5,37.0,95.1,0.566,high
35,Puri-Zone1,18,118.3,37.5,115.7,0.653,high
35,Puri-Zone1,19,114.9,40.1,103.0,0.661,high
35,Puri-Zone1,20,113.4,42.0,109.1,0.806,high
35,Puri-Zone1,21,66.8,41.2,111.9,0.615,high
35,Puri-Zone1,22,168.6,42.4,94.4,0.51,high
35,Puri-Zone1,23,169.2,41.7,96.7,0.534,high
35,Puri-Zone1,24,223.9,41.5,88.4,0.544,high
35,Puri-Zone1,25,238.0,42.9,88.3,0.526,high
35,Puri-Zone1,26,282.3,43.3,92.1,0.757,high
35,Puri-Zone1,27,270.7,41.6,90.7,0.656,high
35,Puri-Zone1,28,286.8,41.9,83.1,0.428,high
35,Puri-Zone1,29,340.7,40.4,88.9,0.639,high
35,Puri-Zone1,30,335.2,42.2,81.0,0.485,high
35,Puri-Zone1,31,385.5,40.3,84.7,0.66,high
35,Puri-Zone1,32,385.3,40.4,81.3,0.701,high
35,Puri-Zone1,33,344.1,40.2,81.4,0.568,high
35,Puri-Zone1,34,373.5,39.4,77.7,0.533,high
35,Puri-Zone1,35,389.2,37.7,64.0,0.738,high
35,Puri-Zone1,36,358.5,35.0,76.6,0.521,high
35,Puri-Zone1,37,354.0,35.9,92.4,0.511,high
35,Puri-Zone1,38,315.8,36.3,103.7,0.496,high
35,Puri-Zone1,39,351.5,35.2,150.6,0.582,high
35,Puri-Zone1,40,291.4,33.1,171.6,0.615,medium
35,Puri-Zone1,41,285.5,31.7,169.0,0.563,high
35,Puri-Zone1,42,247.4,27.8,169.7,0.697,high
35,Puri-Zone1,43,246.9,27.8,159.6,0.622,high
35,Puri-Zone1,44,197.4,26.4,181.7,0.502,high
35,Puri-Zone1,45,159.8,23.8,182.3,0.583,high
35,Puri-Zone1,46,101.3,24.8,181.4,0.598,low
35,Puri-Zone1,47,113.6,24.7,191.0,0.712,high
35,Puri-Zone1,48,105.8,24.6,174.6,0.701,high
35,Puri-Zone1,49,69.5,24.6,191.0,0.536,high
35,Puri-Zone1,50,75.1,24.2,196.6,0.652,high
35,Puri-Zone1,51,109.4,21.1,192.7,0.618,high
35,Puri-Zone1,52,13.9,21.5,190.0,0.462,medium
36,Cuttack-Zone1,0,20.0,23.7,196.3,0.391,medium
36,Cuttack-Zone1,1,53.9,23.0,203.3,0.306,high
36,Cuttack-Zone1,2,39.0,22.9,200.9,0.289,medium
36,Cuttack-Zone1,3,52.1,24.6,189.0,0.461,medium
36,Cuttack-Zone1,4,42.3,25.4,151.7,0.56,low
36,Cuttack-Zone1,5,29.4,25.2,116.0,0.511,medium
36,Cuttack-Zone1,6,33.7,25.9,117.0,0.544,medium
36,Cuttack-Zone1,7,32.3,27.7,117.3,0.516,medium
36,Cuttack-Zone1,8,26.4,27.3,120.7,0.387,medium
36,Cuttack-Zone1,9,18.2,26.7,110.9,0.525,low
36,Cuttack-Zone1,10,12.5,29.6,110.7,0.572,low
36,Cuttack-Zone1,11,14.1,32.2,118.6,0.47,low
36,Cuttack-Zone1,12,53.2,30.8,110.4,0.482,high
36,Cuttack-Zone1,13,45.8,31.3,105.1,0.391,medium
36,Cuttack-Zone1,14,12.8,35.2,118.6,0.488,low
36,Cuttack-Zone1,15,68.1,36.8,115.9,0.369,high
36,Cuttack-Zone1,16,12.1,37.5,111.4,0.521,low
36,Cuttack-Zone1,17,63.9,38.5,104.0,0.499,high
36,Cuttack-Zone1,18,62.2,40.9,113.7,0.4,high
36,Cuttack-Zone1,19,33.3,38.5,111.6,0.536,low
36,Cuttack-Zone1,20,26.4,39.6,116.0,0.517,medium
36,Cuttack-Zone1,21,31.7,41.9,114.3,0.422,medium
36,Cuttack-Zone1,22,62.7,39.8,117.4,0.484,high
36,Cuttack-Zone1,23,79.2,41.7,106.4,0.378,high
36,Cuttack-Zone1,24,159.5,42.0,102.3,0.525,high
36,Cuttack-Zone1,25,246.6,43.2,96.1,0.332,high
36,Cuttack-Zone1,26,198.7,41.4,97.4,0.485,high
36,Cuttack-Zone1,27,282.6,43.4,82.7,0.561,high
36,Cuttack-Zone1,28,235.4,40.8,94.9,0.509,high
36,Cuttack-Zone1,29,238.0,42.0,95.3,0.375,high
36,Cuttack-Zone1,30,288.1,42.8,83.0,0.595,high
36,Cuttack-Zone1,31,263.5,38.7,89.7,0.461,high
36,Cuttack-Zone1,32,334.1,40.7,72.4,0.464,high
36,Cuttack-Zone1,33,337.1,38.6,73.7,0.522,high
36,Cuttack-Zone1,34,302.3,38.0,94.7,0.131,high
36,Cuttack-Zone1,35,285.6,36.6,81.6,0.377,high
36,Cuttack-Zone1,36,313.4,35.3,77.0,0.425,high
36,Cuttack-Zone1,37,325.5,35.0,78.6,0.576,high
36,Cuttack-Zone1,38,264.2,34.8,115.7,0.308,high
36,Cuttack-Zone1,39,271.7,31.9,178.6,0.501,high
36,Cuttack-Zone1,40,247.0,29.6,171.7,0.386,high
36,Cuttack-Zone1,41,190.4,30.8,175.7,0.428,high
36,Cuttack-Zone1,42,184.7,28.1,171.0,0.37,high
36,Cuttack-Zone1,43,185.3,26.9,174.4,0.407,high
36,Cuttack-Zone1,44,119.5,26.5,181.4,0.454,high
36,Cuttack-Zone1,45,144.4,25.5,180.1,0.445,high
36,Cuttack-Zone1,46,76.7,24.8,191.4,0.384,high
36,Cuttack-Zone1,47,22.2,23.5,199.6,0.254,medium
36,Cuttack-Zone1,48,49.5,23.0,193.1,0.373,medium
36,Cuttack-Zone1,49,56.2,22.8,188.0,0.378,high
36,Cuttack-Zone1,50,55.0,22.8,190.0,0.525,high
36,Cuttack-Zone1,51,44.3,24.1,197.1,0.366,medium
36,Cuttack-Zone1,52,0.9,17.3,221.0,0.559,medium
37,Puri-Zone1,0,125.9,22.3,186.0,0.812,high
37,Puri-Zone1,1,116.2,22.7,185.0,0.801,high
37,Puri-Zone1,2,77.3,23.1,189.1,1.0,high
37,Puri-Zone1,3,144.2,24.7,182.0,0.954,high
37,Puri-Zone1,4,104.0,23.6,137.7,0.863,high
37,Puri-Zone1,5,75.6,24.8,105.9,0.81,high
37,Puri-Zone1,6,77.2,25.1,109.7,0.816,high
37,Puri-Zone1,7,81.9,25.9,100.3,1.0,high
37,Puri-Zone1,8,105.0,27.3,110.9,0.964,medium
37,Puri-Zone1,9,117.3,26.6,105.0,1.0,high
37,Puri-Zone1,10,105.1,29.5,106.1,0.803,high
37,Puri-Zone1,11,92.2,31.1,109.7,0.995,low
37,Puri-Zone1,12,104.3,33.4,109.0,0.789,high
37,Puri-Zone1,13,69.9,32.5,108.0,1.0,high
37,Puri-Zone1,14,132.9,34.1,110.4,0.87,high
37,Puri-Zone1,15,100.4,36.5,110.0,0.85,high
37,Puri-Zone1,16,72.5,36.9,111.0,0.942,high
37,Puri-Zone1,17,94.5,37.0,95.1,0.936,high
37,Puri-Zone1,18,118.3,37.5,115.7,0.886,high
37,Puri-Zone1,19,114.9,40.1,103.0,1.0,high
37,Puri-Zone1,20,113.4,42.0,109.1,1.0,high
37,Puri-Zone1,21,66.8,41.2,111.9,0.919,high
37,Puri-Zone1,22,168.6,42.4,94.4,1.0,high
37,Puri-Zone1,23,169.2,41.7,96.7,0.854,high
37,Puri-Zone1,24,223.9,41.5,88.4,0.942,high
37,Puri-Zone1,25,238.0,42.9,88.3,0.9,high
37,Puri-Zone1,26,282.3,43.3,92.1,0.871,high
37,Puri-Zone1,27,270.7,41.6,90.7,0.811,high
37,Puri-Zone1,28,286.8,41.9,83.1,0.959,high
37,Puri-Zone1,29,340.7,40.4,88.9,0.805,high
37,Puri-Zone1,30,335.2,42.2,81.0,0.97,high
37,Puri-Zone1,31,385.5,40.3,84.7,0.9,high
37,Puri-Zone1,32,385.3,40.4,81.3,1.0,high
37,Puri-Zone1,33,344.1,40.2,81.4,0.771,high
37,Puri-Zone1,34,373.5,39.4,77.7,0.837,high
37,Puri-Zone1,35,389.2,37.7,64.0,0.855,high
37,Puri-Zone1,36,358.5,35.0,76.6,0.923,high
37,Puri-Zone1,37,354.0,35.9,92.4,1.0,high
37,Puri-Zone1,38,315.8,36.3,103.7,1.0,high
37,Puri-Zone1,39,351.5,35.2,150.6,0.995,high
37,Puri-Zone1,40,291.4,33.1,171.6,0.74,high
37,Puri-Zone1,41,285.5,31.7,169.0,0.966,high
37,Puri-Zone1,42,247.4,27.8,169.7,0.969,high
37,Puri-Zone1,43,246.9,27.8,159.6,0.952,high
37,Puri-Zone1,44,197.4,26.4,181.7,0.828,high
37,Puri-Zone1,45,159.8,23.8,182.3,0.925,high
37,Puri-Zone1,46,101.3,24.8,181.4,0.947,high
37,Puri-Zone1,47,113.6,24.7,191.0,0.865,high
37,Puri-Zone1,48,105.8,24.6,174.6,0.958,high
37,Puri-Zone1,49,69.5,24.6,191.0,0.931,high
37,Puri-Zone1,50,75.1,24.2,196.6,0.972,high
37,Puri-Zone1,51,109.4,21.1,192.7,0.826,high
37,Puri-Zone1,52,13.9,21.5,190.0,0.786,medium
38,Bhubaneswar-Zone1,0,49.0,21.8,193.4,0.781,medium
38,Bhubaneswar-Zone1,1,77.8,23.1,182.0,0.815,high
38,Bhubaneswar-Zone1,2,27.0,23.8,197.1,0.718,medium
38,Bhubaneswar-Zone1,3,32.5,23.1,193.3,0.697,medium
38,Bhubaneswar-Zone1,4,67.9,25.4,131.0,0.63,high
38,Bhubaneswar-Zone1,5,37.2,24.4,116.6,0.574,medium
38,Bhubaneswar-Zone1,6,45.8,26.3,107.7,0.752,medium
38,Bhubaneswar-Zone1,7,109.5,27.1,101.0,0.525,high
38,Bhubaneswar-Zone1,8,26.4,27.9,123.0,0.78,medium
38,Bhubaneswar-Zone1,9,61.9,27.4,112.9,0.739,high
38,Bhubaneswar-Zone1,10,59.1,31.8,121.6,0.564,high
38,Bhubaneswar-Zone1,11,32.6,31.7,106.6,0.612,medium
38,Bhubaneswar-Zone1,12,48.3,31.4,115.1,0.82,medium
38,Bhubaneswar-Zone1,13,55.6,33.5,107.3,0.659,high
38,Bhubaneswar-Zone1,14,37.3,32.8,121.4,0.705,medium
38,Bhubaneswar-Zone1,15,24.6,36.4,111.0,0.703,medium
38,Bhubaneswar-Zone1,16,91.3,37.6,114.3,0.618,high
38,Bhubaneswar-Zone1,17,48.1,39.2,118.1,0.733,high
38,Bhubaneswar-Zone1,18,42.5,39.3,118.9,0.704,medium
38,Bhubaneswar-Zone1,19,77.0,39.9,110.1,0.737,high
38,Bhubaneswar-Zone1,20,47.5,40.4,112.1,0.941,medium
38,Bhubaneswar-Zone1,21,40.6,40.8,113.6,0.482,medium
38,Bhubaneswar-Zone1,22,106.5,43.3,98.6,0.709,high
38,Bhubaneswar-Zone1,23,108.8,39.8,95.1,0.836,high
38,Bhubaneswar-Zone1,24,131.7,42.3,109.6,0.867,high
38,Bhubaneswar-Zone1,25,172.0,44.7,95.6,0.872,high
38,Bhubaneswar-Zone1,26,233.2,43.0,91.6,0.887,high
38,Bhubaneswar-Zone1,27,239.5,39.7,100.0,0.907,high
38,Bhubaneswar-Zone1,28,277.5,41.6,82.4,0.752,low
38,Bhubaneswar-Zone1,29,266.7,44.0,80.0,0.889,high
38,Bhubaneswar-Zone1,30,288.9,41.6,86.7,0.662,high
38,Bhubaneswar-Zone1,31,315.4,37.7,94.3,0.755,high
38,Bhubaneswar-Zone1,32,347.5,38.7,80.1,0.849,high
38,Bhubaneswar-Zone1,33,310.4,40.2,84.4,0.626,high
38,Bhubaneswar-Zone1,34,360.4,35.9,81.1,0.752,high
38,Bhubaneswar-Zone1,35,379.1,39.7,78.3,0.73,high
38,Bhubaneswar-Zone1,36,336.6,37.5,77.7,0.714,high
38,Bhubaneswar-Zone1,37,342.3,34.8,76.1,0.748,high
38,Bhubaneswar-Zone1,38,316.9,32.3,111.4,0.924,high
38,Bhubaneswar-Zone1,39,305.7,31.8,166.1,0.735,high
38,Bhubaneswar-Zone1,40,248.4,30.8,169.3,0.775,high
38,Bhubaneswar-Zone1,41,221.0,28.0,179.9,0.613,high
38,Bhubaneswar-Zone1,42,190.3,28.7,179.9,0.862,high
38,Bhubaneswar-Zone1,43,201.3,28.2,167.6,0.849,high
38,Bhubaneswar-Zone1,44,162.7,26.5,180.9,0.736,high
38,Bhubaneswar-Zone1,45,104.4,24.5,193.9,0.804,low
38,Bhubaneswar-Zone1,46,101.0,27.6,195.9,0.742,high
38,Bhubaneswar-Zone1,47,24.5,25.1,193.1,0.772,medium
38,Bhubaneswar-Zone1,48,43.1,26.0,193.1,0.894,medium
38,Bhubaneswar-Zone1,49,36.6,22.9,204.1,0.7,medium
38,Bhubaneswar-Zone1,50,40.1,21.7,205.1,0.778,medium
38,Bhubaneswar-Zone1,51,59.8,22.2,197.9,0.677,high
38,Bhubaneswar-Zone1,52,22.7,20.0,193.0,0.767,medium
39,Bhubaneswar-Zone2,0,108.4,21.1,189.9,0.792,high
39,Bhubaneswar-Zone2,1,66.7,23.3,193.3,0.816,high
39,Bhubaneswar-Zone2,2,91.1,21.0,196.0,0.722,high
39,Bhubaneswar-Zone2,3,88.0,23.2,190.6,0.673,high
39,Bhubaneswar-Zone2,4,72.7,23.2,136.9,0.709,high
39,Bhubaneswar-Zone2,5,70.9,23.7,114.6,0.992,high
39,Bhubaneswar-Zone2,6,57.1,25.3,117.9,0.845,high
39,Bhubaneswar-Zone2,7,97.0,27.2,108.0,0.781,medium
39,Bhubaneswar-Zone2,8,46.4,29.7,118.6,1.0,medium
39,Bhubaneswar-Zone2,9,41.6,29.3,109.4,0.826,medium
39,Bhubaneswar-Zone2,10,89.7,31.0,125.9,0.756,high
39,Bhubaneswar-Zone2,11,48.2,31.0,113.4,0.798,medium
39,Bhubaneswar-Zone2,12,51.8,32.7,113.7,0.865,high
39,Bhubaneswar-Zone2,13,128.9,34.8,95.1,0.806,high
39,Bhubaneswar-Zone2,14,48.1,34.4,114.6,0.827,medium
39,Bhubaneswar-Zone2,15,83.4,36.8,106.0,0.849,high
39,Bhubaneswar-Zone2,16,85.1,37.7,110.0,0.723,high
39,Bhubaneswar-Zone2,17,79.0,37.4,102.9,0.856,high
39,Bhubaneswar-Zone2,18,104.4,39.9,105.0,0.913,high
39,Bhubaneswar-Zone2,19,111.3,41.9,103.0,0.89,high
39,Bhubaneswar-Zone2,20,72.2,41.6,115.3,0.795,high
39,Bhubaneswar-Zone2,21,49.8,41.0,114.1,0.948,medium
39,Bhubaneswar-Zone2,22,74.5,40.8,103.9,0.563,high
39,Bhubaneswar-Zone2,23,135.2,42.9,108.3,0.785,high
39,Bhubaneswar-Zone2,24,142.8,45.0,110.1,0.805,medium
39,Bhubaneswar-Zone2,25,213.2,44.1,96.4,0.846,high
39,Bhubaneswar-Zone2,26,244.8,41.9,89.4,0.777,high
39,Bhubaneswar-Zone2,27,229.8,42.9,94.4,0.741,high
39,Bhubaneswar-Zone2,28,257.8,43.2,89.7,0.641,high
39,Bhubaneswar-Zone2,29,279.6,42.9,86.7,0.778,high
39,Bhubaneswar-Zone2,30,323.3,39.3,86.4,0.936,high
39,Bhubaneswar-Zone2,31,349.4,41.3,75.7,0.657,high
39,Bhubaneswar-Zone2,32,343.1,39.3,87.0,0.753,high
39,Bhubaneswar-Zone2,33,339.2,37.7,72.0,0.836,high
39,Bhubaneswar-Zone2,34,333.2,38.6,85.4,0.619,high
39,Bhubaneswar-Zone2,35,359.8,35.4,79.1,0.779,high
39,Bhubaneswar-Zone2,36,362.9,35.0,81.6,0.879,high
39,Bhubaneswar-Zone2,37,299.2,34.3,85.6,0.676,high
39,Bhubaneswar-Zone2,38,297.3,31.5,112.0,0.788,high
39,Bhubaneswar-Zone2,39,298.5,33.3,172.7,0.871,high
39,Bhubaneswar-Zone2,40,306.6,31.3,161.4,1.0,high
39,Bhubaneswar-Zone2,41,250.9,30.8,175.1,0.783,high
39,Bhubaneswar-Zone2,42,222.5,32.6,174.1,0.704,high
39,Bhubaneswar-Zone2,43,240.7,28.6,180.7,0.593,high
39,Bhubaneswar-Zone2,44,170.7,25.8,181.1,0.704,high
39,Bhubaneswar-Zone2,45,115.2,27.1,179.3,0.636,medium
39,Bhubaneswar-Zone2,46,103.4,24.2,181.1,0.945,high
39,Bhubaneswar-Zone2,47,123.4,26.9,181.4,0.845,high
39,Bhubaneswar-Zone2,48,92.9,23.7,190.6,0.81,high
39,Bhubaneswar-Zone2,49,71.1,23.2,195.3,0.854,high
39,Bhubaneswar-Zone2,50,89.6,23.4,189.3,0.82,high
39,Bhubaneswar-Zone2,51,31.0,23.1,195.4,0.748,medium
39,Bhubaneswar-Zone2,52,3.2,17.6,200.0,0.627,medium
40,Rourkela-Zone1,0,12.7,20.9,190.6,1.0,medium
40,Rourkela-Zone1,1,24.9,24.0,193.9,1.0,medium
40,Rourkela-Zone1,2,6.9,24.0,196.0,1.0,medium
40,Rourkela-Zone1,3,44.1,25.1,186.7,1.0,medium
40,Rourkela-Zone1,4,25.7,23.1,141.1,0.984,medium
40,Rourkela-Zone1,5,45.3,27.0,116.6,0.936,medium
40,Rourkela-Zone1,6,0.0,24.7,122.1,1.0,low
40,Rourkela-Zone1,7,13.6,28.2,101.6,0.941,low
40,Rourkela-Zone1,8,7.1,26.4,113.0,0.961,low
40,Rourkela-Zone1,9,42.5,29.2,118.1,0.908,medium
40,Rourkela-Zone1,10,4.4,32.2,114.0,1.0,low
40,Rourkela-Zone1,11,21.1,29.6,108.3,0.93,medium
40,Rourkela-Zone1,12,12.7,32.3,114.6,0.999,low
40,Rourkela-Zone1,13,30.3,35.3,104.7,0.947,medium
40,Rourkela-Zone1,14,11.6,36.0,119.1,0.816,low
40,Rourkela-Zone1,15,0.0,34.6,119.1,1.0,low
40,Rourkela-Zone1,16,8.5,36.6,116.0,1.0,low
40,Rourkela-Zone1,17,2.9,37.9,125.0,0.922,low
40,Rourkela-Zone1,18,19.5,39.1,114.0,0.98,medium
40,Rourkela-Zone1,19,16.4,41.1,111.6,1.0,medium
40,Rourkela-Zone1,20,59.8,40.2,117.1,1.0,high
40,Rourkela-Zone1,21,36.3,41.2,110.7,0.97,medium
40,Rourkela-Zone1,22,21.3,42.3,109.7,0.953,medium
40,Rourkela-Zone1,23,88.1,42.9,109.4,0.967,high
40,Rourkela-Zone1,24,118.1,43.9,107.7,0.91,high
40,Rourkela-Zone1,25,149.8,44.2,108.3,0.963,high
40,Rourkela-Zone1,26,149.3,42.9,99.3,0.902,high
40,Rourkela-Zone1,27,175.4,44.7,100.0,0.915,high
40,Rourkela-Zone1,28,191.7,40.9,96.9,0.871,high
40,Rourkela-Zone1,29,211.7,41.6,103.4,0.944,high
40,Rourkela-Zone1,30,223.5,41.2,94.6,0.949,high
40,Rourkela-Zone1,31,270.0,41.9,88.4,0.989,high
40,Rourkela-Zone1,32,262.3,41.3,93.0,0.829,high
40,Rourkela-Zone1,33,289.2,40.8,84.9,1.0,high
40,Rourkela-Zone1,34,271.3,38.8,90.9,0.926,high
40,Rourkela-Zone1,35,261.5,36.1,95.7,0.744,high
40,Rourkela-Zone1,36,265.7,34.2,99.6,1.0,high
40,Rourkela-Zone1,37,245.6,34.5,96.6,0.908,high
40,Rourkela-Zone1,38,252.5,34.9,100.7,1.0,high
40,Rourkela-Zone1,39,202.9,31.1,174.0,0.852,high
40,Rourkela-Zone1,40,262.6,29.5,162.4,0.976,high
40,Rourkela-Zone1,41,179.5,28.6,172.4,0.863,high
40,Rourkela-Zone1,42,143.8,27.3,183.1,0.749,high
40,Rourkela-Zone1,43,129.1,29.7,188.0,1.0,high
40,Rourkela-Zone1,44,104.7,25.8,177.6,0.927,high
40,Rourkela-Zone1,45,34.6,25.1,195.7,0.886,medium
40,Rourkela-Zone1,46,27.1,26.8,203.0,1.0,medium
40,Rourkela-Zone1,47,19.4,24.2,203.7,0.969,medium
40,Rourkela-Zone1,48,4.4,22.9,196.4,0.751,medium
40,Rourkela-Zone1,49,16.7,23.5,195.4,0.869,medium
40,Rourkela-Zone1,50,18.1,22.1,190.4,0.87,medium
40,Rourkela-Zone1,51,19.9,26.5,201.4,0.815,medium
40,Rourkela-Zone1,52,0.0,16.7,201.0,0.909,medium
41,Bhubaneswar-Zone1,0,49.0,21.8,193.4,0.974,medium
41,Bhubaneswar-Zone1,1,77.8,23.1,182.0,0.724,high
41,Bhubaneswar-Zone1,2,27.0,23.8,197.1,0.827,medium
41,Bhubaneswar-Zone1,3,32.5,23.1,193.3,0.746,medium
41,Bhubaneswar-Zone1,4,67.9,25.4,131.0,0.588,high
41,Bhubaneswar-Zone1,5,37.2,24.4,116.6,0.672,medium
41,Bhubaneswar-Zone1,6,45.8,26.3,107.7,0.794,medium
41,Bhubaneswar-Zone1,7,109.5,27.1,101.0,0.752,high
41,Bhubaneswar-Zone1,8,26.4,27.9,123.0,0.694,medium
41,Bhubaneswar-Zone1,9,61.9,27.4,112.9,0.58,high
41,Bhubaneswar-Zone1,10,59.1,31.8,121.6,0.918,high
41,Bhubaneswar-Zone1,11,32.6,31.7,106.6,0.95,medium
41,Bhubaneswar-Zone1,12,48.3,31.4,115.1,0.77,medium
41,Bhubaneswar-Zone1,13,55.6,33.5,107.3,0.715,high
41,Bhubaneswar-Zone1,14,37.3,32.8,121.4,0.679,medium
41,Bhubaneswar-Zone1,15,24.6,36.4,111.0,0.756,medium
41,Bhubaneswar-Zone1,16,91.3,37.6,114.3,0.867,high
41,Bhubaneswar-Zone1,17,48.1,39.2,118.1,0.728,medium
41,Bhubaneswar-Zone1,18,42.5,39.3,118.9,0.66,medium
41,Bhubaneswar-Zone1,19,77.0,39.9,110.1,0.905,high
41,Bhubaneswar-Zone1,20,47.5,40.4,112.1,0.647,medium
41,Bhubaneswar-Zone1,21,40.6,40.8,113.6,0.68,medium
41,Bhubaneswar-Zone1,22,106.5,43.3,98.6,0.763,high
41,Bhubaneswar-Zone1,23,108.8,39.8,95.1,0.652,high
41,Bhubaneswar-Zone1,24,131.7,42.3,109.6,0.796,high
41,Bhubaneswar-Zone1,25,172.0,44.7,95.6,0.708,high
41,Bhubaneswar-Zone1,26,233.2,43.0,91.6,0.6,high
41,Bhubaneswar-Zone1,27,239.5,39.7,100.0,0.799,high
41,Bhubaneswar-Zone1,28,277.5,41.6,82.4,0.992,low
41,Bhubaneswar-Zone1,29,266.7,44.0,80.0,0.797,high
41,Bhubaneswar-Zone1,30,288.9,41.6,86.7,0.563,high
41,Bhubaneswar-Zone1,31,315.4,37.7,94.3,0.782,high
41,Bhubaneswar-Zone1,32,347.5,38.7,80.1,0.765,high
41,Bhubaneswar-Zone1,33,310.4,40.2,84.4,0.67,high
41,Bhubaneswar-Zone1,34,360.4,35.9,81.1,0.782,high
41,Bhubaneswar-Zone1,35,379.1,39.7,78.3,0.675,high
41,Bhubaneswar-Zone1,36,336.6,37.5,77.7,0.809,high
41,Bhubaneswar-Zone1,37,342.3,34.8,76.1,0.788,high
41,Bhubaneswar-Zone1,38,316.9,32.3,111.4,0.976,medium
41,Bhubaneswar-Zone1,39,305.7,31.8,166.1,0.616,high
41,Bhubaneswar-Zone1,40,248.4,30.8,169.3,0.806,high
41,Bhubaneswar-Zone1,41,221.0,28.0,179.9,0.589,high
41,Bhubaneswar-Zone1,42,190.3,28.7,179.9,0.609,high
41,Bhubaneswar-Zone1,43,201.3,28.2,167.6,0.699,high
41,Bhubaneswar-Zone1,44,162.7,26.5,180.9,0.867,high
41,Bhubaneswar-Zone1,45,104.4,24.5,193.9,0.916,high
41,Bhubaneswar-Zone1,46,101.0,27.6,195.9,0.721,high
41,Bhubaneswar-Zone1,47,24.5,25.1,193.1,0.584,high
41,Bhubaneswar-Zone1,48,43.1,26.0,193.1,0.644,medium
41,Bhubaneswar-Zone1,49,36.6,22.9,204.1,0.697,medium
41,Bhubaneswar-Zone1,50,40.1,21.7,205.1,0.549,medium
41,Bhubaneswar-Zone1,51,59.8,22.2,197.9,0.937,high
41,Bhubaneswar-Zone1,52,22.7,20.0,193.0,0.792,medium
42,Rourkela-Zone1,0,12.7,20.9,190.6,0.691,medium
42,Rourkela-Zone1,1,24.9,24.0,193.9,0.517,medium
42,Rourkela-Zone1,2,6.9,24.0,196.0,0.533,medium
42,Rourkela-Zone1,3,44.1,25.1,186.7,0.598,medium
42,Rourkela-Zone1,4,25.7,23.1,141.1,0.712,high
42,Rourkela-Zone1,5,45.3,27.0,116.6,0.54,medium
42,Rourkela-Zone1,6,0.0,24.7,122.1,0.623,low
42,Rourkela-Zone1,7,13.6,28.2,101.6,0.566,low
42,Rourkela-Zone1,8,7.1,26.4,113.0,0.464,low
42,Rourkela-Zone1,9,42.5,29.2,118.1,0.593,medium
42,Rourkela-Zone1,10,4.4,32.2,114.0,0.637,low
42,Rourkela-Zone1,11,21.1,29.6,108.3,0.495,high
42,Rourkela-Zone1,12,12.7,32.3,114.6,0.503,low
42,Rourkela-Zone1,13,30.3,35.3,104.7,0.597,medium
42,Rourkela-Zone1,14,11.6,36.0,119.1,0.712,low
42,Rourkela-Zone1,15,0.0,34.6,119.1,0.653,low
42,Rourkela-Zone1,16,8.5,36.6,116.0,0.773,low
42,Rourkela-Zone1,17,2.9,37.9,125.0,0.573,low
42,Rourkela-Zone1,18,19.5,39.1,114.0,0.62,medium
42,Rourkela-Zone1,19,16.4,41.1,111.6,0.513,medium
42,Rourkela-Zone1,20,59.8,40.2,117.1,0.542,high
42,Rourkela-Zone1,21,36.3,41.2,110.7,0.609,medium
42,Rourkela-Zone1,22,21.3,42.3,109.7,0.837,medium
42,Rourkela-Zone1,23,88.1,42.9,109.4,0.779,high
42,Rourkela-Zone1,24,118.1,43.9,107.7,0.524,high
42,Rourkela-Zone1,25,149.8,44.2,108.3,0.515,high
42,Rourkela-Zone1,26,149.3,42.9,99.3,0.627,high
42,Rourkela-Zone1,27,175.4,44.7,100.0,0.56,high
42,Rourkela-Zone1,28,191.7,40.9,96.9,0.509,high
42,Rourkela-Zone1,29,211.7,41.6,103.4,0.64,high
42,Rourkela-Zone1,30,223.5,41.2,94.6,0.461,high
42,Rourkela-Zone1,31,270.0,41.9,88.4,0.682,high
42,Rourkela-Zone1,32,262.3,41.3,93.0,0.415,high
42,Rourkela-Zone1,33,289.2,40.8,84.9,0.758,high
42,Rourkela-Zone1,34,271.3,38.8,90.9,0.647,high
42,Rourkela-Zone1,35,261.5,36.1,95.7,0.548,high
42,Rourkela-Zone1,36,265.7,34.2,99.6,0.801,high
42,Rourkela-Zone1,37,245.6,34.5,96.6,0.731,high
42,Rourkela-Zone1,38,252.5,34.9,100.7,0.673,high
42,Rourkela-Zone1,39,202.9,31.1,174.0,0.667,high
42,Rourkela-Zone1,40,262.6,29.5,162.4,0.487,high
42,Rourkela-Zone1,41,179.5,28.6,172.4,0.641,high
42,Rourkela-Zone1,42,143.8,27.3,183.1,0.604,high
42,Rourkela-Zone1,43,129.1,29.7,188.0,0.759,high
42,Rourkela-Zone1,44,104.7,25.8,177.6,0.599,high
42,Rourkela-Zone1,45,34.6,25.1,195.7,0.8,medium
42,Rourkela-Zone1,46,27.1,26.8,203.0,0.562,medium
42,Rourkela-Zone1,47,19.4,24.2,203.7,0.669,medium
42,Rourkela-Zone1,48,4.4,22.9,196.4,0.683,medium
42,Rourkela-Zone1,49,16.7,23.5,195.4,0.6,medium
42,Rourkela-Zone1,50,18.1,22.1,190.4,0.575,medium
42,Rourkela-Zone1,51,19.9,26.5,201.4,0.512,medium
42,Rourkela-Zone1,52,0.0,16.7,201.0,0.579,medium
43,Bhubaneswar-Zone2,0,108.4,21.1,189.9,0.651,high
43,Bhubaneswar-Zone2,1,66.7,23.3,193.3,0.891,high
43,Bhubaneswar-Zone2,2,91.1,21.0,196.0,0.634,high
43,Bhubaneswar-Zone2,3,88.0,23.2,190.6,0.718,high
43,Bhubaneswar-Zone2,4,72.7,23.2,136.9,0.801,high
43,Bhubaneswar-Zone2,5,70.9,23.7,114.6,0.788,high
43,Bhubaneswar-Zone2,6,57.1,25.3,117.9,0.7,high
43,Bhubaneswar-Zone2,7,97.0,27.2,108.0,0.812,high
43,Bhubaneswar-Zone2,8,46.4,29.7,118.6,0.656,medium
43,Bhubaneswar-Zone2,9,41.6,29.3,109.4,0.802,medium
43,Bhubaneswar-Zone2,10,89.7,31.0,125.9,0.709,high
43,Bhubaneswar-Zone2,11,48.2,31.0,113.4,0.648,medium
43,Bhubaneswar-Zone2,12,51.8,32.7,113.7,0.753,high
43,Bhubaneswar-Zone2,13,128.9,34.8,95.1,0.869,high
43,Bhubaneswar-Zone2,14,48.1,34.4,114.6,0.704,medium
43,Bhubaneswar-Zone2,15,83.4,36.8,106.0,0.85,high
43,Bhubaneswar-Zone2,16,85.1,37.7,110.0,0.776,high
43,Bhubaneswar-Zone2,17,79.0,37.4,102.9,0.683,high
43,Bhubaneswar-Zone2,18,104.4,39.9,105.0,0.742,high
43,Bhubaneswar-Zone2,19,111.3,41.9,103.0,0.764,high
43,Bhubaneswar-Zone2,20,72.2,41.6,115.3,0.541,high
43,Bhubaneswar-Zone2,21,49.8,41.0,114.1,0.636,medium
43,Bhubaneswar-Zone2,22,74.5,40.8,103.9,0.739,high
43,Bhubaneswar-Zone2,23,135.2,42.9,108.3,0.858,high
43,Bhubaneswar-Zone2,24,142.8,45.0,110.1,0.857,high
43,Bhubaneswar-Zone2,25,213.2,44.1,96.4,0.732,high
43,Bhubaneswar-Zone2,26,244.8,41.9,89.4,0.903,high
43,Bhubaneswar-Zone2,27,229.8,42.9,94.4,0.802,high
43,Bhubaneswar-Zone2,28,257.8,43.2,89.7,0.841,high
43,Bhubaneswar-Zone2,29,279.6,42.9,86.7,0.818,high
43,Bhubaneswar-Zone2,30,323.3,39.3,86.4,0.983,high
43,Bhubaneswar-Zone2,31,349.4,41.3,75.7,0.764,high
43,Bhubaneswar-Zone2,32,343.1,39.3,87.0,0.801,high
43,Bhubaneswar-Zone2,33,339.2,37.7,72.0,0.983,high
43,Bhubaneswar-Zone2,34,333.2,38.6,85.4,0.845,high
43,Bhubaneswar-Zone2,35,359.8,35.4,79.1,0.85,high
43,Bhubaneswar-Zone2,36,362.9,35.0,81.6,0.824,high
43,Bhubaneswar-Zone2,37,299.2,34.3,85.6,0.72,high
43,Bhubaneswar-Zone2,38,297.3,31.5,112.0,0.774,high
43,Bhubaneswar-Zone2,39,298.5,33.3,172.7,0.702,high
43,Bhubaneswar-Zone2,40,306.6,31.3,161.4,0.887,high
43,Bhubaneswar-Zone2,41,250.9,30.8,175.1,0.846,high
43,Bhubaneswar-Zone2,42,222.5,32.6,174.1,0.746,high
43,Bhubaneswar-Zone2,43,240.7,28.6,180.7,0.813,high
43,Bhubaneswar-Zone2,44,170.7,25.8,181.1,0.761,high
43,Bhubaneswar-Zone2,45,115.2,27.1,179.3,0.811,high
43,Bhubaneswar-Zone2,46,103.4,24.2,181.1,0.864,high
43,Bhubaneswar-Zone2,47,123.4,26.9,181.4,0.798,high
43,Bhubaneswar-Zone2,48,92.9,23.7,190.6,0.547,high
43,Bhubaneswar-Zone2,49,71.1,23.2,195.3,0.955,high
43,Bhubaneswar-Zone2,50,89.6,23.4,189.3,0.71,high
43,Bhubaneswar-Zone2,51,31.0,23.1,195.4,0.688,medium
43,Bhubaneswar-Zone2,52,3.2,17.6,200.0,0.761,medium
44,Bhubaneswar-Zone2,0,108.4,21.1,189.9,0.885,high
44,Bhubaneswar-Zone2,1,66.7,23.3,193.3,1.0,high
44,Bhubaneswar-Zone2,2,91.1,21.0,196.0,0.841,high
44,Bhubaneswar-Zone2,3,88.0,23.2,190.6,0.895,high
44,Bhubaneswar-Zone2,4,72.7,23.2,136.9,0.843,high
44,Bhubaneswar-Zone2,5,70.9,23.7,114.6,1.0,high
44,Bhubaneswar-Zone2,6,57.1,25.3,117.9,0.881,high
44,Bhubaneswar-Zone2,7,97.0,27.2,108.0,1.0,high
44,Bhubaneswar-Zone2,8,46.4,29.7,118.6,1.0,medium
44,Bhubaneswar-Zone2,9,41.6,29.3,109.4,0.828,medium
44,Bhubaneswar-Zone2,10,89.7,31.0,125.9,0.826,high
44,Bhubaneswar-Zone2,11,48.2,31.0,113.4,0.705,medium
44,Bhubaneswar-Zone2,12,51.8,32.7,113.7,1.0,high
44,Bhubaneswar-Zone2,13,128.9,34.8,95.1,0.813,high
44,Bhubaneswar-Zone2,14,48.1,34.4,114.6,0.839,medium
44,Bhubaneswar-Zone2,15,83.4,36.8,106.0,1.0,high
44,Bhubaneswar-Zone2,16,85.1,37.7,110.0,0.961,high
44,Bhubaneswar-Zone2,17,79.0,37.4,102.9,0.863,low
44,Bhubaneswar-Zone2,18,104.4,39.9,105.0,0.846,high
44,Bhubaneswar-Zone2,19,111.3,41.9,103.0,0.87,high
44,Bhubaneswar-Zone2,20,72.2,41.6,115.3,0.913,high
44,Bhubaneswar-Zone2,21,49.8,41.0,114.1,0.92,medium
44,Bhubaneswar-Zone2,22,74.5,40.8,103.9,1.0,high
44,Bhubaneswar-Zone2,23,135.2,42.9,108.3,0.952,high
44,Bhubaneswar-Zone2,24,142.8,45.0,110.1,0.915,medium
44,Bhubaneswar-Zone2,25,213.2,44.1,96.4,1.0,high
44,Bhubaneswar-Zone2,26,244.8,41.9,89.4,0.87,high
44,Bhubaneswar-Zone2,27,229.8,42.9,94.4,1.0,high
44,Bhubaneswar-Zone2,28,257.8,43.2,89.7,0.89,high
44,Bhubaneswar-Zone2,29,279.6,42.9,86.7,0.996,high
44,Bhubaneswar-Zone2,30,323.3,39.3,86.4,0.954,high
44,Bhubaneswar-Zone2,31,349.4,41.3,75.7,0.88,high
44,Bhubaneswar-Zone2,32,343.1,39.3,87.0,0.915,high
44,Bhubaneswar-Zone2,33,339.2,37.7,72.0,0.822,high
44,Bhubaneswar-Zone2,34,333.2,38.6,85.4,0.756,high
44,Bhubaneswar-Zone2,35,359.8,35.4,79.1,0.906,high
44,Bhubaneswar-Zone2,36,362.9,35.0,81.6,1.0,high
44,Bhubaneswar-Zone2,37,299.2,34.3,85.6,0.757,high
44,Bhubaneswar-Zone2,38,297.3,31.5,112.0,1.0,high
44,Bhubaneswar-Zone2,39,298.5,33.3,172.7,0.837,high
44,Bhubaneswar-Zone2,40,306.6,31.3,161.4,0.792,high
44,Bhubaneswar-Zone2,41,250.9,30.8,175.1,0.871,high
44,Bhubaneswar-Zone2,42,222.5,32.6,174.1,0.914,high
44,Bhubaneswar-Zone2,43,240.7,28.6,180.7,0.934,high
44,Bhubaneswar-Zone2,44,170.7,25.8,181.1,0.746,low
44,Bhubaneswar-Zone2,45,115.2,27.1,179.3,0.895,high
44,Bhubaneswar-Zone2,46,103.4,24.2,181.1,0.779,high
44,Bhubaneswar-Zone2,47,123.4,26.9,181.4,1.0,high
44,Bhubaneswar-Zone2,48,92.9,23.7,190.6,0.954,high
44,Bhubaneswar-Zone2,49,71.1,23.2,195.3,0.981,high
44,Bhubaneswar-Zone2,50,89.6,23.4,189.3,1.0,medium
44,Bhubaneswar-Zone2,51,31.0,23.1,195.4,0.963,medium
44,Bhubaneswar-Zone2,52,3.2,17.6,200.0,0.872,medium
45,Bhubaneswar-Zone1,0,49.0,21.8,193.4,0.337,medium
45,Bhubaneswar-Zone1,1,77.8,23.1,182.0,0.484,high
45,Bhubaneswar-Zone1,2,27.0,23.8,197.1,0.437,medium
45,Bhubaneswar-Zone1,3,32.5,23.1,193.3,0.466,medium
45,Bhubaneswar-Zone1,4,67.9,25.4,131.0,0.368,high
45,Bhubaneswar-Zone1,5,37.2,24.4,116.6,0.324,low
45,Bhubaneswar-Zone1,6,45.8,26.3,107.7,0.314,medium
45,Bhubaneswar-Zone1,7,109.5,27.1,101.0,0.538,high
45,Bhubaneswar-Zone1,8,26.4,27.9,123.0,0.444,medium
45,Bhubaneswar-Zone1,9,61.9,27.4,112.9,0.417,high
45,Bhubaneswar-Zone1,10,59.1,31.8,121.6,0.402,high
45,Bhubaneswar-Zone1,11,32.6,31.7,106.6,0.402,medium
45,Bhubaneswar-Zone1,12,48.3,31.4,115.1,0.256,medium
45,Bhubaneswar-Zone1,13,55.6,33.5,107.3,0.606,high
45,Bhubaneswar-Zone1,14,37.3,32.8,121.4,0.425,medium
45,Bhubaneswar-Zone1,15,24.6,36.4,111.0,0.353,medium
45,Bhubaneswar-Zone1,16,91.3,37.6,114.3,0.471,high
45,Bhubaneswar-Zone1,17,48.1,39.2,118.1,0.36,medium
45,Bhubaneswar-Zone1,18,42.5,39.3,118.9,0.521,medium
45,Bhubaneswar-Zone1,19,77.0,39.9,110.1,0.356,high
45,Bhubaneswar-Zone1,20,47.5,40.4,112.1,0.505,medium
45,Bhubaneswar-Zone1,21,40.6,40.8,113.6,0.4,medium
45,Bhubaneswar-Zone1,22,106.5,43.3,98.6,0.457,high
45,Bhubaneswar-Zone1,23,108.8,39.8,95.1,0.513,high
45,Bhubaneswar-Zone1,24,131.7,42.3,109.6,0.378,high
45,Bhubaneswar-Zone1,25,172.0,44.7,95.6,0.51,high
45,Bhubaneswar-Zone1,26,233.2,43.0,91.6,0.26,high
45,Bhubaneswar-Zone1,27,239.5,39.7,100.0,0.579,high
45,Bhubaneswar-Zone1,28,277.5,41.6,82.4,0.528,high
45,Bhubaneswar-Zone1,29,266.7,44.0,80.0,0.266,high
45,Bhubaneswar-Zone1,30,288.9,41.6,86.7,0.405,high
45,Bhubaneswar-Zone1,31,315.4,37.7,94.3,0.407,high
45,Bhubaneswar-Zone1,32,347.5,38.7,80.1,0.522,high
45,Bhubaneswar-Zone1,33,310.4,40.2,84.4,0.459,high
45,Bhubaneswar-Zone1,34,360.4,35.9,81.1,0.433,high
45,Bhubaneswar-Zone1,35,379.1,39.7,78.3,0.276,high
45,Bhubaneswar-Zone1,36,336.6,37.5,77.7,0.435,high
45,Bhubaneswar-Zone1,37,342.3,34.8,76.1,0.362,high
45,Bhubaneswar-Zone1,38,316.9,32.3,111.4,0.507,high
45,Bhubaneswar-Zone1,39,305.7,31.8,166.1,0.438,high
45,Bhubaneswar-Zone1,40,248.4,30.8,169.3,0.195,high
45,Bhubaneswar-Zone1,41,221.0,28.0,179.9,0.563,high
45,Bhubaneswar-Zone1,42,190.3,28.7,179.9,0.08,high
45,Bhubaneswar-Zone1,43,201.3,28.2,167.6,0.326,high
45,Bhubaneswar-Zone1,44,162.7,26.5,180.9,0.447,high
45,Bhubaneswar-Zone1,45,104.4,24.5,193.9,0.419,high
45,Bhubaneswar-Zone1,46,101.0,27.6,195.9,0.485,high
45,Bhubaneswar-Zone1,47,24.5,25.1,193.1,0.377,medium
45,Bhubaneswar-Zone1,48,43.1,26.0,193.1,0.36,medium
45,Bhubaneswar-Zone1,49,36.6,22.9,204.1,0.413,medium
45,Bhubaneswar-Zone1,50,40.1,21.7,205.1,0.577,medium
45,Bhubaneswar-Zone1,51,59.8,22.2,197.9,0.316,high
45,Bhubaneswar-Zone1,52,22.7,20.0,193.0,0.437,medium
46,Bhubaneswar-Zone2,0,108.4,21.1,189.9,0.5,high
46,Bhubaneswar-Zone2,1,66.7,23.3,193.3,0.485,high
46,Bhubaneswar-Zone2,2,91.1,21.0,196.0,0.417,high
46,Bhubaneswar-Zone2,3,88.0,23.2,190.6,0.434,high
46,Bhubaneswar-Zone2,4,72.7,23.2,136.9,0.455,high
46,Bhubaneswar-Zone2,5,70.9,23.7,114.6,0.469,low
46,Bhubaneswar-Zone2,6,57.1,25.3,117.9,0.443,high
46,Bhubaneswar-Zone2,7,97.0,27.2,108.0,0.556,high
46,Bhubaneswar-Zone2,8,46.4,29.7,118.6,0.522,medium
46,Bhubaneswar-Zone2,9,41.6,29.3,109.4,0.405,medium
46,Bhubaneswar-Zone2,10,89.7,31.0,125.9,0.478,high
46,Bhubaneswar-Zone2,11,48.2,31.0,113.4,0.441,medium
46,Bhubaneswar-Zone2,12,51.8,32.7,113.7,0.468,high
46,Bhubaneswar-Zone2,13,128.9,34.8,95.1,0.403,high
46,Bhubaneswar-Zone2,14,48.1,34.4,114.6,0.408,medium
46,Bhubaneswar-Zone2,15,83.4,36.8,106.0,0.284,high
46,Bhubaneswar-Zone2,16,85.1,37.7,110.0,0.338,high
46,Bhubaneswar-Zone2,17,79.0,37.4,102.9,0.634,high
46,Bhubaneswar-Zone2,18,104.4,39.9,105.0,0.405,high
46,Bhubaneswar-Zone2,19,111.3,41.9,103.0,0.58,high
46,Bhubaneswar-Zone2,20,72.2,41.6,115.3,0.588,high
46,Bhubaneswar-Zone2,21,49.8,41.0,114.1,0.389,medium
46,Bhubaneswar-Zone2,22,74.5,40.8,103.9,0.251,high
46,Bhubaneswar-Zone2,23,135.2,42.9,108.3,0.448,high
46,Bhubaneswar-Zone2,24,142.8,45.0,110.1,0.457,high
46,Bhubaneswar-Zone2,25,213.2,44.1,96.4,0.476,high
46,Bhubaneswar-Zone2,26,244.8,41.9,89.4,0.414,high
46,Bhubaneswar-Zone2,27,229.8,42.9,94.4,0.443,high
46,Bhubaneswar-Zone2,28,257.8,43.2,89.7,0.409,high
46,Bhubaneswar-Zone2,29,279.6,42.9,86.7,0.481,high
46,Bhubaneswar-Zone2,30,323.3,39.3,86.4,0.474,high
46,Bhubaneswar-Zone2,31,349.4,41.3,75.7,0.325,high
46,Bhubaneswar-Zone2,32,343.1,39.3,87.0,0.433,high
46,Bhubaneswar-Zone2,33,339.2,37.7,72.0,0.492,high
46,Bhubaneswar-Zone2,34,333.2,38.6,85.4,0.467,high
46,Bhubaneswar-Zone2,35,359.8,35.4,79.1,0.348,high
46,Bhubaneswar-Zone2,36,362.9,35.0,81.6,0.452,high
46,Bhubaneswar-Zone2,37,299.2,34.3,85.6,0.367,high
46,Bhubaneswar-Zone2,38,297.3,31.5,112.0,0.42,high
46,Bhubaneswar-Zone2,39,298.5,33.3,172.7,0.557,medium
46,Bhubaneswar-Zone2,40,306.6,31.3,161.4,0.622,high
46,Bhubaneswar-Zone2,41,250.9,30.8,175.1,0.439,low
46,Bhubaneswar-Zone2,42,222.5,32.6,174.1,0.479,high
46,Bhubaneswar-Zone2,43,240.7,28.6,180.7,0.506,high
46,Bhubaneswar-Zone2,44,170.7,25.8,181.1,0.435,high
46,Bhubaneswar-Zone2,45,115.2,27.1,179.3,0.521,high
46,Bhubaneswar-Zone2,46,103.4,24.2,181.1,0.529,high
46,Bhubaneswar-Zone2,47,123.4,26.9,181.4,0.418,high
46,Bhubaneswar-Zone2,48,92.9,23.7,190.6,0.438,high
46,Bhubaneswar-Zone2,49,71.1,23.2,195.3,0.45,high
46,Bhubaneswar-Zone2,50,89.6,23.4,189.3,0.474,high
46,Bhubaneswar-Zone2,51,31.0,23.1,195.4,0.356,medium
46,Bhubaneswar-Zone2,52,3.2,17.6,200.0,0.368,medium
47,Puri-Zone1,0,125.9,22.3,186.0,0.857,high
47,Puri-Zone1,1,116.2,22.7,185.0,0.988,high
47,Puri-Zone1,2,77.3,23.1,189.1,0.948,high
47,Puri-Zone1,3,144.2,24.7,182.0,0.782,high
47,Puri-Zone1,4,104.0,23.6,137.7,0.931,high
47,Puri-Zone1,5,75.6,24.8,105.9,0.801,high
47,Puri-Zone1,6,77.2,25.1,109.7,0.789,high
47,Puri-Zone1,7,81.9,25.9,100.3,0.941,high
47,Puri-Zone1,8,105.0,27.3,110.9,0.796,high
47,Puri-Zone1,9,117.3,26.6,105.0,0.781,high
47,Puri-Zone1,10,105.1,29.5,106.1,0.882,high
47,Puri-Zone1,11,92.2,31.1,109.7,0.813,high
47,Puri-Zone1,12,104.3,33.4,109.0,0.707,high
47,Puri-Zone1,13,69.9,32.5,108.0,0.836,high
47,Puri-Zone1,14,132.9,34.1,110.4,0.774,high
47,Puri-Zone1,15,100.4,36.5,110.0,0.88,high
47,Puri-Zone1,16,72.5,36.9,111.0,1.0,high
47,Puri-Zone1,17,94.5,37.0,95.1,1.0,high
47,Puri-Zone1,18,118.3,37.5,115.7,1.0,high
47,Puri-Zone1,19,114.9,40.1,103.0,0.876,high
47,Puri-Zone1,20,113.4,42.0,109.1,0.871,high
47,Puri-Zone1,21,66.8,41.2,111.9,0.913,high
47,Puri-Zone1,22,168.6,42.4,94.4,0.754,high
47,Puri-Zone1,23,169.2,41.7,96.7,0.852,high
47,Puri-Zone1,24,223.9,41.5,88.4,0.9,high
47,Puri-Zone1,25,238.0,42.9,88.3,0.897,high
47,Puri-Zone1,26,282.3,43.3,92.1,0.836,high
47,Puri-Zone1,27,270.7,41.6,90.7,0.755,high
47,Puri-Zone1,28,286.8,41.9,83.1,0.819,high
47,Puri-Zone1,29,340.7,40.4,88.9,0.914,high
47,Puri-Zone1,30,335.2,42.2,81.0,0.759,high
47,Puri-Zone1,31,385.5,40.3,84.7,0.95,high
47,Puri-Zone1,32,385.3,40.4,81.3,0.824,high
47,Puri-Zone1,33,344.1,40.2,81.4,0.786,high
47,Puri-Zone1,34,373.5,39.4,77.7,0.822,high
47,Puri-Zone1,35,389.2,37.7,64.0,0.939,high
47,Puri-Zone1,36,358.5,35.0,76.6,0.78,high
47,Puri-Zone1,37,354.0,35.9,92.4,0.656,high
47,Puri-Zone1,38,315.8,36.3,103.7,0.826,high
47,Puri-Zone1,39,351.5,35.2,150.6,1.0,high
47,Puri-Zone1,40,291.4,33.1,171.6,1.0,high
47,Puri-Zone1,41,285.5,31.7,169.0,0.822,high
47,Puri-Zone1,42,247.4,27.8,169.7,0.818,high
47,Puri-Zone1,43,246.9,27.8,159.6,0.851,high
47,Puri-Zone1,44,197.4,26.4,181.7,1.0,high
47,Puri-Zone1,45,159.8,23.8,182.3,0.936,high
47,Puri-Zone1,46,101.3,24.8,181.4,0.924,high
47,Puri-Zone1,47,113.6,24.7,191.0,0.835,high
47,Puri-Zone1,48,105.8,24.6,174.6,0.925,high
47,Puri-Zone1,49,69.5,24.6,191.0,0.875,high
47,Puri-Zone1,50,75.1,24.2,196.6,1.0,high
47,Puri-Zone1,51,109.4,21.1,192.7,0.913,low
47,Puri-Zone1,52,13.9,21.5,190.0,0.986,medium
48,Bhubaneswar-Zone2,0,108.4,21.1,189.9,0.325,high
48,Bhubaneswar-Zone2,1,66.7,23.3,193.3,0.381,high
48,Bhubaneswar-Zone2,2,91.1,21.0,196.0,0.284,high
48,Bhubaneswar-Zone2,3,88.0,23.2,190.6,0.389,high
48,Bhubaneswar-Zone2,4,72.7,23.2,136.9,0.265,high
48,Bhubaneswar-Zone2,5,70.9,23.7,114.6,0.386,high
48,Bhubaneswar-Zone2,6,57.1,25.3,117.9,0.262,high
48,Bhubaneswar-Zone2,7,97.0,27.2,108.0,0.0,high
48,Bhubaneswar-Zone2,8,46.4,29.7,118.6,0.33,medium
48,Bhubaneswar-Zone2,9,41.6,29.3,109.4,0.271,medium
48,Bhubaneswar-Zone2,10,89.7,31.0,125.9,0.256,high
48,Bhubaneswar-Zone2,11,48.2,31.0,113.4,0.191,medium
48,Bhubaneswar-Zone2,12,51.8,32.7,113.7,0.345,high
48,Bhubaneswar-Zone2,13,128.9,34.8,95.1,0.17,high
48,Bhubaneswar-Zone2,14,48.1,34.4,114.6,0.344,medium
48,Bhubaneswar-Zone2,15,83.4,36.8,106.0,0.288,high
48,Bhubaneswar-Zone2,16,85.1,37.7,110.0,0.347,high
48,Bhubaneswar-Zone2,17,79.0,37.4,102.9,0.297,high
48,Bhubaneswar-Zone2,18,104.4,39.9,105.0,0.398,high
48,Bhubaneswar-Zone2,19,111.3,41.9,103.0,0.32,high
48,Bhubaneswar-Zone2,20,72.2,41.6,115.3,0.29,high
48,Bhubaneswar-Zone2,21,49.8,41.0,114.1,0.049,medium
48,Bhubaneswar-Zone2,22,74.5,40.8,103.9,0.403,high
48,Bhubaneswar-Zone2,23,135.2,42.9,108.3,0.122,high
48,Bhubaneswar-Zone2,24,142.8,45.0,110.1,0.148,high
48,Bhubaneswar-Zone2,25,213.2,44.1,96.4,0.357,high
48,Bhubaneswar-Zone2,26,244.8,41.9,89.4,0.28,high
48,Bhubaneswar-Zone2,27,229.8,42.9,94.4,0.125,high
48,Bhubaneswar-Zone2,28,257.8,43.2,89.7,0.22,high
48,Bhubaneswar-Zone2,29,279.6,42.9,86.7,0.397,high
48,Bhubaneswar-Zone2,30,323.3,39.3,86.4,0.294,high
48,Bhubaneswar-Zone2,31,349.4,41.3,75.7,0.282,low
48,Bhubaneswar-Zone2,32,343.1,39.3,87.0,0.35,high
48,Bhubaneswar-Zone2,33,339.2,37.7,72.0,0.227,high
48,Bhubaneswar-Zone2,34,333.2,38.6,85.4,0.453,high
48,Bhubaneswar-Zone2,35,359.8,35.4,79.1,0.182,high
48,Bhubaneswar-Zone2,36,362.9,35.0,81.6,0.146,high
48,Bhubaneswar-Zone2,37,299.2,34.3,85.6,0.258,high
48,Bhubaneswar-Zone2,38,297.3,31.5,112.0,0.34,high
48,Bhubaneswar-Zone2,39,298.5,33.3,172.7,0.359,high
48,Bhubaneswar-Zone2,40,306.6,31.3,161.4,0.28,high
48,Bhubaneswar-Zone2,41,250.9,30.8,175.1,0.461,high
48,Bhubaneswar-Zone2,42,222.5,32.6,174.1,0.269,high
48,Bhubaneswar-Zone2,43,240.7,28.6,180.7,0.242,high
48,Bhubaneswar-Zone2,44,170.7,25.8,181.1,0.309,high
48,Bhubaneswar-Zone2,45,115.2,27.1,179.3,0.16,high
48,Bhubaneswar-Zone2,46,103.4,24.2,181.1,0.381,high
48,Bhubaneswar-Zone2,47,123.4,26.9,181.4,0.401,low
48,Bhubaneswar-Zone2,48,92.9,23.7,190.6,0.27,high
48,Bhubaneswar-Zone2,49,71.1,23.2,195.3,0.468,high
48,Bhubaneswar-Zone2,50,89.6,23.4,189.3,0.319,high
48,Bhubaneswar-Zone2,51,31.0,23.1,195.4,0.397,medium
48,Bhubaneswar-Zone2,52,3.2,17.6,200.0,0.232,medium
49,Rourkela-Zone1,0,12.7,20.9,190.6,0.906,medium
49,Rourkela-Zone1,1,24.9,24.0,193.9,0.698,medium
49,Rourkela-Zone1,2,6.9,24.0,196.0,0.734,medium
49,Rourkela-Zone1,3,44.1,25.1,186.7,0.832,medium
49,Rourkela-Zone1,4,25.7,23.1,141.1,0.844,medium
49,Rourkela-Zone1,5,45.3,27.0,116.6,0.63,medium
49,Rourkela-Zone1,6,0.0,24.7,122.1,0.868,low
49,Rourkela-Zone1,7,13.6,28.2,101.6,0.732,low
49,Rourkela-Zone1,8,7.1,26.4,113.0,0.785,low
49,Rourkela-Zone1,9,42.5,29.2,118.1,0.783,medium
49,Rourkela-Zone1,10,4.4,32.2,114.0,0.833,low
49,Rourkela-Zone1,11,21.1,29.6,108.3,0.836,medium
49,Rourkela-Zone1,12,12.7,32.3,114.6,0.702,low
49,Rourkela-Zone1,13,30.3,35.3,104.7,0.774,medium
49,Rourkela-Zone1,14,11.6,36.0,119.1,0.885,low
49,Rourkela-Zone1,15,0.0,34.6,119.1,1.0,low
49,Rourkela-Zone1,16,8.5,36.6,116.0,0.761,low
49,Rourkela-Zone1,17,2.9,37.9,125.0,0.757,low
49,Rourkela-Zone1,18,19.5,39.1,114.0,0.8,medium
49,Rourkela-Zone1,19,16.4,41.1,111.6,0.592,medium
49,Rourkela-Zone1,20,59.8,40.2,117.1,0.73,high
49,Rourkela-Zone1,21,36.3,41.2,110.7,0.839,medium
49,Rourkela-Zone1,22,21.3,42.3,109.7,0.699,medium
49,Rourkela-Zone1,23,88.1,42.9,109.4,0.875,low
49,Rourkela-Zone1,24,118.1,43.9,107.7,0.619,high
49,Rourkela-Zone1,25,149.8,44.2,108.3,0.919,high
49,Rourkela-Zone1,26,149.3,42.9,99.3,0.817,high
49,Rourkela-Zone1,27,175.4,44.7,100.0,0.821,high
49,Rourkela-Zone1,28,191.7,40.9,96.9,0.731,high
49,Rourkela-Zone1,29,211.7,41.6,103.4,0.863,high
49,Rourkela-Zone1,30,223.5,41.2,94.6,0.838,high
49,Rourkela-Zone1,31,270.0,41.9,88.4,0.779,high
49,Rourkela-Zone1,32,262.3,41.3,93.0,0.792,high
49,Rourkela-Zone1,33,289.2,40.8,84.9,0.934,high
49,Rourkela-Zone1,34,271.3,38.8,90.9,0.742,high
49,Rourkela-Zone1,35,261.5,36.1,95.7,0.863,high
49,Rourkela-Zone1,36,265.7,34.2,99.6,0.791,high
49,Rourkela-Zone1,37,245.6,34.5,96.6,0.815,high
49,Rourkela-Zone1,38,252.5,34.9,100.7,0.774,high
49,Rourkela-Zone1,39,202.9,31.1,174.0,0.953,high
49,Rourkela-Zone1,40,262.6,29.5,162.4,0.826,high
49,Rourkela-Zone1,41,179.5,28.6,172.4,0.829,high
49,Rourkela-Zone1,42,143.8,27.3,183.1,0.677,high
49,Rourkela-Zone1,43,129.1,29.7,188.0,0.724,high
49,Rourkela-Zone1,44,104.7,25.8,177.6,0.831,high
49,Rourkela-Zone1,45,34.6,25.1,195.7,0.778,medium
49,Rourkela-Zone1,46,27.1,26.8,203.0,0.682,medium
49,Rourkela-Zone1,47,19.4,24.2,203.7,0.879,medium
49,Rourkela-Zone1,48,4.4,22.9,196.4,0.688,high
49,Rourkela-Zone1,49,16.7,23.5,195.4,0.744,high
49,Rourkela-Zone1,50,18.1,22.1,190.4,0.774,medium
49,Rourkela-Zone1,51,19.9,26.5,201.4,0.911,medium
49,Rourkela-Zone1,52,0.0,16.7,201.0,0.802,medium
50,Rourkela-Zone1,0,12.7,20.9,190.6,0.703,high
50,Rourkela-Zone1,1,24.9,24.0,193.9,0.48,medium
50,Rourkela-Zone1,2,6.9,24.0,196.0,0.63,medium
50,Rourkela-Zone1,3,44.1,25.1,186.7,0.72,medium
50,Rourkela-Zone1,4,25.7,23.1,141.1,0.683,medium
50,Rourkela-Zone1,5,45.3,27.0,116.6,0.668,medium
50,Rourkela-Zone1,6,0.0,24.7,122.1,0.713,low
50,Rourkela-Zone1,7,13.6,28.2,101.6,0.631,low
50,Rourkela-Zone1,8,7.1,26.4,113.0,0.714,low
50,Rourkela-Zone1,9,42.5,29.2,118.1,0.666,medium
50,Rourkela-Zone1,10,4.4,32.2,114.0,0.661,low
50,Rourkela-Zone1,11,21.1,29.6,108.3,0.57,medium
50,Rourkela-Zone1,12,12.7,32.3,114.6,0.609,low
50,Rourkela-Zone1,13,30.3,35.3,104.7,0.456,medium
50,Rourkela-Zone1,14,11.6,36.0,119.1,0.556,low
50,Rourkela-Zone1,15,0.0,34.6,119.1,0.749,low
50,Rourkela-Zone1,16,8.5,36.6,116.0,0.567,low
50,Rourkela-Zone1,17,2.9,37.9,125.0,0.682,low
50,Rourkela-Zone1,18,19.5,39.1,114.0,0.558,medium
50,Rourkela-Zone1,19,16.4,41.1,111.6,0.731,medium
50,Rourkela-Zone1,20,59.8,40.2,117.1,0.689,high
50,Rourkela-Zone1,21,36.3,41.2,110.7,0.52,medium
50,Rourkela-Zone1,22,21.3,42.3,109.7,0.738,medium
50,Rourkela-Zone1,23,88.1,42.9,109.4,0.77,high
50,Rourkela-Zone1,24,118.1,43.9,107.7,0.561,high
50,Rourkela-Zone1,25,149.8,44.2,108.3,0.618,high
50,Rourkela-Zone1,26,149.3,42.9,99.3,0.543,high
50,Rourkela-Zone1,27,175.4,44.7,100.0,0.727,high
50,Rourkela-Zone1,28,191.7,40.9,96.9,0.646,high
50,Rourkela-Zone1,29,211.7,41.6,103.4,0.645,high
50,Rourkela-Zone1,30,223.5,41.2,94.6,0.429,high
50,Rourkela-Zone1,31,270.0,41.9,88.4,0.628,low
50,Rourkela-Zone1,32,262.3,41.3,93.0,0.496,high
50,Rourkela-Zone1,33,289.2,40.8,84.9,0.576,high
50,Rourkela-Zone1,34,271.3,38.8,90.9,0.545,high
50,Rourkela-Zone1,35,261.5,36.1,95.7,0.7,high
50,Rourkela-Zone1,36,265.7,34.2,99.6,0.84,high
50,Rourkela-Zone1,37,245.6,34.5,96.6,0.59,high
50,Rourkela-Zone1,38,252.5,34.9,100.7,0.765,high
50,Rourkela-Zone1,39,202.9,31.1,174.0,0.645,high
50,Rourkela-Zone1,40,262.6,29.5,162.4,0.604,high
50,Rourkela-Zone1,41,179.5,28.6,172.4,0.881,high
50,Rourkela-Zone1,42,143.8,27.3,183.1,0.822,high
50,Rourkela-Zone1,43,129.1,29.7,188.0,0.768,high
50,Rourkela-Zone1,44,104.7,25.8,177.6,0.518,high
50,Rourkela-Zone1,45,34.6,25.1,195.7,0.49,medium
50,Rourkela-Zone1,46,27.1,26.8,203.0,0.757,medium
50,Rourkela-Zone1,47,19.4,24.2,203.7,0.628,medium
50,Rourkela-Zone1,48,4.4,22.9,196.4,0.555,medium
50,Rourkela-Zone1,49,16.7,23.5,195.4,0.656,medium
50,Rourkela-Zone1,50,18.1,22.1,190.4,0.677,medium
50,Rourkela-Zone1,51,19.9,26.5,201.4,0.617,medium
50,Rourkela-Zone1,52,0.0,16.7,201.0,0.802,medium
51,Rourkela-Zone1,0,12.7,20.9,190.6,0.88,medium
51,Rourkela-Zone1,1,24.9,24.0,193.9,0.619,medium
51,Rourkela-Zone1,2,6.9,24.0,196.0,0.988,medium
51,Rourkela-Zone1,3,44.1,25.1,186.7,0.747,medium
51,Rourkela-Zone1,4,25.7,23.1,141.1,0.85,low
51,Rourkela-Zone1,5,45.3,27.0,116.6,0.89,medium
51,Rourkela-Zone1,6,0.0,24.7,122.1,0.859,low
51,Rourkela-Zone1,7,13.6,28.2,101.6,0.613,low
51,Rourkela-Zone1,8,7.1,26.4,113.0,0.634,low
51,Rourkela-Zone1,9,42.5,29.2,118.1,0.645,medium
51,Rourkela-Zone1,10,4.4,32.2,114.0,0.894,low
51,Rourkela-Zone1,11,21.1,29.6,108.3,0.666,high
51,Rourkela-Zone1,12,12.7,32.3,114.6,0.655,low
51,Rourkela-Zone1,13,30.3,35.3,104.7,0.895,medium
51,Rourkela-Zone1,14,11.6,36.0,119.1,0.633,medium
51,Rourkela-Zone1,15,0.0,34.6,119.1,0.752,high
51,Rourkela-Zone1,16,8.5,36.6,116.0,0.805,low
51,Rourkela-Zone1,17,2.9,37.9,125.0,1.0,low
51,Rourkela-Zone1,18,19.5,39.1,114.0,0.847,medium
51,Rourkela-Zone1,19,16.4,41.1,111.6,0.848,medium
51,Rourkela-Zone1,20,59.8,40.2,117.1,0.778,high
51,Rourkela-Zone1,21,36.3,41.2,110.7,0.737,low
51,Rourkela-Zone1,22,21.3,42.3,109.7,0.872,medium
51,Rourkela-Zone1,23,88.1,42.9,109.4,0.839,high
51,Rourkela-Zone1,24,118.1,43.9,107.7,0.871,high
51,Rourkela-Zone1,25,149.8,44.2,108.3,0.812,high
51,Rourkela-Zone1,26,149.3,42.9,99.3,0.889,high
51,Rourkela-Zone1,27,175.4,44.7,100.0,0.747,high
51,Rourkela-Zone1,28,191.7,40.9,96.9,0.921,high
51,Rourkela-Zone1,29,211.7,41.6,103.4,0.894,low
51,Rourkela-Zone1,30,223.5,41.2,94.6,0.555,high
51,Rourkela-Zone1,31,270.0,41.9,88.4,0.762,high
51,Rourkela-Zone1,32,262.3,41.3,93.0,0.944,high
51,Rourkela-Zone1,33,289.2,40.8,84.9,0.777,high
51,Rourkela-Zone1,34,271.3,38.8,90.9,0.697,high
51,Rourkela-Zone1,35,261.5,36.1,95.7,0.732,high
51,Rourkela-Zone1,36,265.7,34.2,99.6,0.842,high
51,Rourkela-Zone1,37,245.6,34.5,96.6,0.623,high
51,Rourkela-Zone1,38,252.5,34.9,100.7,0.893,high
51,Rourkela-Zone1,39,202.9,31.1,174.0,1.0,high
51,Rourkela-Zone1,40,262.6,29.5,162.4,0.822,high
51,Rourkela-Zone1,41,179.5,28.6,172.4,0.931,high
51,Rourkela-Zone1,42,143.8,27.3,183.1,0.658,high
51,Rourkela-Zone1,43,129.1,29.7,188.0,0.692,high
51,Rourkela-Zone1,44,104.7,25.8,177.6,0.759,high
51,Rourkela-Zone1,45,34.6,25.1,195.7,0.776,medium
51,Rourkela-Zone1,46,27.1,26.8,203.0,0.823,high
51,Rourkela-Zone1,47,19.4,24.2,203.7,0.893,medium
51,Rourkela-Zone1,48,4.4,22.9,196.4,0.861,medium
51,Rourkela-Zone1,49,16.7,23.5,195.4,0.872,medium
51,Rourkela-Zone1,50,18.1,22.1,190.4,0.715,medium
51,Rourkela-Zone1,51,19.9,26.5,201.4,0.881,medium
51,Rourkela-Zone1,52,0.0,16.7,201.0,0.953,medium
52,Rourkela-Zone1,0,12.7,20.9,190.6,0.44,medium
52,Rourkela-Zone1,1,24.9,24.0,193.9,0.426,medium
52,Rourkela-Zone1,2,6.9,24.0,196.0,0.541,medium
52,Rourkela-Zone1,3,44.1,25.1,186.7,0.55,medium
52,Rourkela-Zone1,4,25.7,23.1,141.1,0.527,medium
52,Rourkela-Zone1,5,45.3,27.0,116.6,0.358,medium
52,Rourkela-Zone1,6,0.0,24.7,122.1,0.527,low
52,Rourkela-Zone1,7,13.6,28.2,101.6,0.527,low
52,Rourkela-Zone1,8,7.1,26.4,113.0,0.505,low
52,Rourkela-Zone1,9,42.5,29.2,118.1,0.559,medium
52,Rourkela-Zone1,10,4.4,32.2,114.0,0.388,medium
52,Rourkela-Zone1,11,21.1,29.6,108.3,0.425,medium
52,Rourkela-Zone1,12,12.7,32.3,114.6,0.548,low
52,Rourkela-Zone1,13,30.3,35.3,104.7,0.451,medium
52,Rourkela-Zone1,14,11.6,36.0,119.1,0.399,medium
52,Rourkela-Zone1,15,0.0,34.6,119.1,0.489,low
52,Rourkela-Zone1,16,8.5,36.6,116.0,0.59,low
52,Rourkela-Zone1,17,2.9,37.9,125.0,0.391,medium
52,Rourkela-Zone1,18,19.5,39.1,114.0,0.668,medium
52,Rourkela-Zone1,19,16.4,41.1,111.6,0.382,medium
52,Rourkela-Zone1,20,59.8,40.2,117.1,0.445,high
52,Rourkela-Zone1,21,36.3,41.2,110.7,0.615,medium
52,Rourkela-Zone1,22,21.3,42.3,109.7,0.46,medium
52,Rourkela-Zone1,23,88.1,42.9,109.4,0.558,high
52,Rourkela-Zone1,24,118.1,43.9,107.7,0.318,high
52,Rourkela-Zone1,25,149.8,44.2,108.3,0.413,high
52,Rourkela-Zone1,26,149.3,42.9,99.3,0.474,high
52,Rourkela-Zone1,27,175.4,44.7,100.0,0.306,high
52,Rourkela-Zone1,28,191.7,40.9,96.9,0.332,high
52,Rourkela-Zone1,29,211.7,41.6,103.4,0.532,high
52,Rourkela-Zone1,30,223.5,41.2,94.6,0.432,high
52,Rourkela-Zone1,31,270.0,41.9,88.4,0.411,high
52,Rourkela-Zone1,32,262.3,41.3,93.0,0.417,high
52,Rourkela-Zone1,33,289.2,40.8,84.9,0.641,high
52,Rourkela-Zone1,34,271.3,38.8,90.9,0.558,high
52,Rourkela-Zone1,35,261.5,36.1,95.7,0.523,high
52,Rourkela-Zone1,36,265.7,34.2,99.6,0.449,high
52,Rourkela-Zone1,37,245.6,34.5,96.6,0.302,high
52,Rourkela-Zone1,38,252.5,34.9,100.7,0.459,high
52,Rourkela-Zone1,39,202.9,31.1,174.0,0.426,high
52,Rourkela-Zone1,40,262.6,29.5,162.4,0.287,high
52,Rourkela-Zone1,41,179.5,28.6,172.4,0.65,high
52,Rourkela-Zone1,42,143.8,27.3,183.1,0.551,high
52,Rourkela-Zone1,43,129.1,29.7,188.0,0.511,high
52,Rourkela-Zone1,44,104.7,25.8,177.6,0.279,high
52,Rourkela-Zone1,45,34.6,25.1,195.7,0.579,medium
52,Rourkela-Zone1,46,27.1,26.8,203.0,0.423,medium
52,Rourkela-Zone1,47,19.4,24.2,203.7,0.414,medium
52,Rourkela-Zone1,48,4.4,22.9,196.4,0.5,medium
52,Rourkela-Zone1,49,16.7,23.5,195.4,0.474,medium
52,Rourkela-Zone1,50,18.1,22.1,190.4,0.443,medium
52,Rourkela-Zone1,51,19.9,26.5,201.4,0.57,medium
52,Rourkela-Zone1,52,0.0,16.7,201.0,0.551,medium
53,Puri-Zone1,0,125.9,22.3,186.0,0.743,high
53,Puri-Zone1,1,116.2,22.7,185.0,0.942,high
53,Puri-Zone1,2,77.3,23.1,189.1,0.592,high
53,Puri-Zone1,3,144.2,24.7,182.0,0.685,high
53,Puri-Zone1,4,104.0,23.6,137.7,0.724,high
53,Puri-Zone1,5,75.6,24.8,105.9,0.734,high
53,Puri-Zone1,6,77.2,25.1,109.7,0.594,high
53,Puri-Zone1,7,81.9,25.9,100.3,0.542,high
53,Puri-Zone1,8,105.0,27.3,110.9,0.736,high
53,Puri-Zone1,9,117.3,26.6,105.0,0.577,high
53,Puri-Zone1,10,105.1,29.5,106.1,0.67,high
53,Puri-Zone1,11,92.2,31.1,109.7,0.748,high
53,Puri-Zone1,12,104.3,33.4,109.0,0.608,high
53,Puri-Zone1,13,69.9,32.5,108.0,0.769,high
53,Puri-Zone1,14,132.9,34.1,110.4,0.655,low
53,Puri-Zone1,15,100.4,36.5,110.0,0.807,medium
53,Puri-Zone1,16,72.5,36.9,111.0,0.686,high
53,Puri-Zone1,17,94.5,37.0,95.1,0.772,high
53,Puri-Zone1,18,118.3,37.5,115.7,0.745,high
53,Puri-Zone1,19,114.9,40.1,103.0,0.721,high
53,Puri-Zone1,20,113.4,42.0,109.1,0.672,high
53,Puri-Zone1,21,66.8,41.2,111.9,0.671,high
53,Puri-Zone1,22,168.6,42.4,94.4,0.7,high
53,Puri-Zone1,23,169.2,41.7,96.7,0.786,high
53,Puri-Zone1,24,223.9,41.5,88.4,0.722,high
53,Puri-Zone1,25,238.0,42.9,88.3,0.677,high
53,Puri-Zone1,26,282.3,43.3,92.1,0.86,high
53,Puri-Zone1,27,270.7,41.6,90.7,0.745,high
53,Puri-Zone1,28,286.8,41.9,83.1,0.73,high
53,Puri-Zone1,29,340.7,40.4,88.9,0.846,high
53,Puri-Zone1,30,335.2,42.2,81.0,0.736,high
53,Puri-Zone1,31,385.5,40.3,84.7,0.663,high
53,Puri-Zone1,32,385.3,40.4,81.3,1.0,high
53,Puri-Zone1,33,344.1,40.2,81.4,0.89,high
53,Puri-Zone1,34,373.5,39.4,77.7,0.858,high
53,Puri-Zone1,35,389.2,37.7,64.0,0.803,high
53,Puri-Zone1,36,358.5,35.0,76.6,0.762,high
53,Puri-Zone1,37,354.0,35.9,92.4,0.696,low
53,Puri-Zone1,38,315.8,36.3,103.7,0.808,high
53,Puri-Zone1,39,351.5,35.2,150.6,0.66,high
53,Puri-Zone1,40,291.4,33.1,171.6,0.69,high
53,Puri-Zone1,41,285.5,31.7,169.0,0.511,high
53,Puri-Zone1,42,247.4,27.8,169.7,0.77,high
53,Puri-Zone1,43,246.9,27.8,159.6,0.626,high
53,Puri-Zone1,44,197.4,26.4,181.7,0.674,high
53,Puri-Zone1,45,159.8,23.8,182.3,0.618,high
53,Puri-Zone1,46,101.3,24.8,181.4,0.836,medium
53,Puri-Zone1,47,113.6,24.7,191.0,0.714,high
53,Puri-Zone1,48,105.8,24.6,174.6,0.645,high
53,Puri-Zone1,49,69.5,24.6,191.0,0.731,high
53,Puri-Zone1,50,75.1,24.2,196.6,0.802,high
53,Puri-Zone1,51,109.4,21.1,192.7,0.765,high
53,Puri-Zone1,52,13.9,21.5,190.0,0.786,medium
54,Cuttack-Zone1,0,20.0,23.7,196.3,0.682,medium
54,Cuttack-Zone1,1,53.9,23.0,203.3,0.667,high
54,Cuttack-Zone1,2,39.0,22.9,200.9,0.573,medium
54,Cuttack-Zone1,3,52.1,24.6,189.0,0.528,high
54,Cuttack-Zone1,4,42.3,25.4,151.7,0.679,medium
54,Cuttack-Zone1,5,29.4,25.2,116.0,0.455,medium
54,Cuttack-Zone1,6,33.7,25.9,117.0,0.49,medium
54,Cuttack-Zone1,7,32.3,27.7,117.3,0.613,medium
54,Cuttack-Zone1,8,26.4,27.3,120.7,0.769,medium
54,Cuttack-Zone1,9,18.2,26.7,110.9,0.524,low
54,Cuttack-Zone1,10,12.5,29.6,110.7,0.544,low
54,Cuttack-Zone1,11,14.1,32.2,118.6,0.79,high
54,Cuttack-Zone1,12,53.2,30.8,110.4,0.524,high
54,Cuttack-Zone1,13,45.8,31.3,105.1,0.829,medium
54,Cuttack-Zone1,14,12.8,35.2,118.6,0.656,low
54,Cuttack-Zone1,15,68.1,36.8,115.9,0.671,high
54,Cuttack-Zone1,16,12.1,37.5,111.4,0.707,high
54,Cuttack-Zone1,17,63.9,38.5,104.0,0.581,high
54,Cuttack-Zone1,18,62.2,40.9,113.7,0.604,high
54,Cuttack-Zone1,19,33.3,38.5,111.6,0.895,medium
54,Cuttack-Zone1,20,26.4,39.6,116.0,0.71,medium
54,Cuttack-Zone1,21,31.7,41.9,114.3,0.905,medium
54,Cuttack-Zone1,22,62.7,39.8,117.4,0.465,low
54,Cuttack-Zone1,23,79.2,41.7,106.4,0.509,high
54,Cuttack-Zone1,24,159.5,42.0,102.3,0.704,high
54,Cuttack-Zone1,25,246.6,43.2,96.1,0.707,high
54,Cuttack-Zone1,26,198.7,41.4,97.4,0.72,high
54,Cuttack-Zone1,27,282.6,43.4,82.7,0.681,high
54,Cuttack-Zone1,28,235.4,40.8,94.9,0.637,high
54,Cuttack-Zone1,29,238.0,42.0,95.3,0.66,high
54,Cuttack-Zone1,30,288.1,42.8,83.0,0.553,medium
54,Cuttack-Zone1,31,263.5,38.7,89.7,0.717,high
54,Cuttack-Zone1,32,334.1,40.7,72.4,0.555,medium
54,Cuttack-Zone1,33,337.1,38.6,73.7,0.72,high
54,Cuttack-Zone1,34,302.3,38.0,94.7,0.56,high
54,Cuttack-Zone1,35,285.6,36.6,81.6,0.471,high
54,Cuttack-Zone1,36,313.4,35.3,77.0,0.495,high
54,Cuttack-Zone1,37,325.5,35.0,78.6,0.807,high
54,Cuttack-Zone1,38,264.2,34.8,115.7,0.712,high
54,Cuttack-Zone1,39,271.7,31.9,178.6,0.693,high
54,Cuttack-Zone1,40,247.0,29.6,171.7,0.553,high
54,Cuttack-Zone1,41,190.4,30.8,175.7,0.716,high
54,Cuttack-Zone1,42,184.7,28.1,171.0,0.771,high
54,Cuttack-Zone1,43,185.3,26.9,174.4,0.753,high
54,Cuttack-Zone1,44,119.5,26.5,181.4,0.548,high
54,Cuttack-Zone1,45,144.4,25.5,180.1,0.631,high
54,Cuttack-Zone1,46,76.7,24.8,191.4,0.569,high
54,Cuttack-Zone1,47,22.2,23.5,199.6,0.597,medium
54,Cuttack-Zone1,48,49.5,23.0,193.1,0.532,medium
54,Cuttack-Zone1,49,56.2,22.8,188.0,0.677,medium
54,Cuttack-Zone1,50,55.0,22.8,190.0,0.865,high
54,Cuttack-Zone1,51,44.3,24.1,197.1,0.604,low
54,Cuttack-Zone1,52,0.9,17.3,221.0,0.811,medium
55,Bhubaneswar-Zone1,0,49.0,21.8,193.4,0.803,medium
55,Bhubaneswar-Zone1,1,77.8,23.1,182.0,0.802,high
55,Bhubaneswar-Zone1,2,27.0,23.8,197.1,0.907,medium
55,Bhubaneswar-Zone1,3,32.5,23.1,193.3,0.768,low
55,Bhubaneswar-Zone1,4,67.9,25.4,131.0,0.911,high
55,Bhubaneswar-Zone1,5,37.2,24.4,116.6,0.778,medium
55,Bhubaneswar-Zone1,6,45.8,26.3,107.7,0.964,medium
55,Bhubaneswar-Zone1,7,109.5,27.1,101.0,0.606,high
55,Bhubaneswar-Zone1,8,26.4,27.9,123.0,0.685,medium
55,Bhubaneswar-Zone1,9,61.9,27.4,112.9,0.695,high
55,Bhubaneswar-Zone1,10,59.1,31.8,121.6,0.77,high
55,Bhubaneswar-Zone1,11,32.6,31.7,106.6,0.861,medium
55,Bhubaneswar-Zone1,12,48.3,31.4,115.1,0.541,medium
55,Bhubaneswar-Zone1,13,55.6,33.5,107.3,0.764,high
55,Bhubaneswar-Zone1,14,37.3,32.8,121.4,0.874,medium
55,Bhubaneswar-Zone1,15,24.6,36.4,111.0,0.906,medium
55,Bhubaneswar-Zone1,16,91.3,37.6,114.3,0.639,high
55,Bhubaneswar-Zone1,17,48.1,39.2,118.1,0.901,medium
55,Bhubaneswar-Zone1,18,42.5,39.3,118.9,0.878,medium
55,Bhubaneswar-Zone1,19,77.0,39.9,110.1,0.922,high
55,Bhubaneswar-Zone1,20,47.5,40.4,112.1,0.793,medium
55,Bhubaneswar-Zone1,21,40.6,40.8,113.6,0.823,medium
55,Bhubaneswar-Zone1,22,106.5,43.3,98.6,0.88,high
55,Bhubaneswar-Zone1,23,108.8,39.8,95.1,0.815,high
55,Bhubaneswar-Zone1,24,131.7,42.3,109.6,0.647,high
55,Bhubaneswar-Zone1,25,172.0,44.7,95.6,0.7,high
55,Bhubaneswar-Zone1,26,233.2,43.0,91.6,0.795,high
55,Bhubaneswar-Zone1,27,239.5,39.7,100.0,0.832,high
55,Bhubaneswar-Zone1,28,277.5,41.6,82.4,0.696,high
55,Bhubaneswar-Zone1,29,266.7,44.0,80.0,0.738,high
55,Bhubaneswar-Zone1,30,288.9,41.6,86.7,0.774,high
55,Bhubaneswar-Zone1,31,315.4,37.7,94.3,0.781,high
55,Bhubaneswar-Zone1,32,347.5,38.7,80.1,0.775,medium
55,Bhubaneswar-Zone1,33,310.4,40.2,84.4,0.752,high
55,Bhubaneswar-Zone1,34,360.4,35.9,81.1,0.704,high
55,Bhubaneswar-Zone1,35,379.1,39.7,78.3,0.82,low
55,Bhubaneswar-Zone1,36,336.6,37.5,77.7,0.791,high
55,Bhubaneswar-Zone1,37,342.3,34.8,76.1,0.655,high
55,Bhubaneswar-Zone1,38,316.9,32.3,111.4,0.866,high
55,Bhubaneswar-Zone1,39,305.7,31.8,166.1,0.728,high
55,Bhubaneswar-Zone1,40,248.4,30.8,169.3,0.715,high
55,Bhubaneswar-Zone1,41,221.0,28.0,179.9,0.847,high
55,Bhubaneswar-Zone1,42,190.3,28.7,179.9,0.83,high
55,Bhubaneswar-Zone1,43,201.3,28.2,167.6,0.854,high
55,Bhubaneswar-Zone1,44,162.7,26.5,180.9,0.77,high
55,Bhubaneswar-Zone1,45,104.4,24.5,193.9,0.918,high
55,Bhubaneswar-Zone1,46,101.0,27.6,195.9,0.887,high
55,Bhubaneswar-Zone1,47,24.5,25.1,193.1,0.9,medium
55,Bhubaneswar-Zone1,48,43.1,26.0,193.1,0.653,medium
55,Bhubaneswar-Zone1,49,36.6,22.9,204.1,0.903,medium
55,Bhubaneswar-Zone1,50,40.1,21.7,205.1,0.927,medium
55,Bhubaneswar-Zone1,51,59.8,22.2,197.9,0.775,high
55,Bhubaneswar-Zone1,52,22.7,20.0,193.0,0.7,medium
56,Rourkela-Zone1,0,12.7,20.9,190.6,0.201,low
56,Rourkela-Zone1,1,24.9,24.0,193.9,0.3,medium
56,Rourkela-Zone1,2,6.9,24.0,196.0,0.219,medium
56,Rourkela-Zone1,3,44.1,25.1,186.7,0.384,medium
56,Rourkela-Zone1,4,25.7,23.1,141.1,0.367,medium
56,Rourkela-Zone1,5,45.3,27.0,116.6,0.265,medium
56,Rourkela-Zone1,6,0.0,24.7,122.1,0.251,medium
56,Rourkela-Zone1,7,13.6,28.2,101.6,0.397,medium
56,Rourkela-Zone1,8,7.1,26.4,113.0,0.265,medium
56,Rourkela-Zone1,9,42.5,29.2,118.1,0.28,medium
56,Rourkela-Zone1,10,4.4,32.2,114.0,0.454,low
56,Rourkela-Zone1,11,21.1,29.6,108.3,0.394,medium
56,Rourkela-Zone1,12,12.7,32.3,114.6,0.508,low
56,Rourkela-Zone1,13,30.3,35.3,104.7,0.47,medium
56,Rourkela-Zone1,14,11.6,36.0,119.1,0.368,medium
56,Rourkela-Zone1,15,0.0,34.6,119.1,0.456,low
56,Rourkela-Zone1,16,8.5,36.6,116.0,0.26,medium
56,Rourkela-Zone1,17,2.9,37.9,125.0,0.351,medium
56,Rourkela-Zone1,18,19.5,39.1,114.0,0.372,medium
56,Rourkela-Zone1,19,16.4,41.1,111.6,0.337,medium
56,Rourkela-Zone1,20,59.8,40.2,117.1,0.449,low
56,Rourkela-Zone1,21,36.3,41.2,110.7,0.4,medium
56,Rourkela-Zone1,22,21.3,42.3,109.7,0.263,medium
56,Rourkela-Zone1,23,88.1,42.9,109.4,0.401,high
56,Rourkela-Zone1,24,118.1,43.9,107.7,0.48,high
56,Rourkela-Zone1,25,149.8,44.2,108.3,0.429,high
56,Rourkela-Zone1,26,149.3,42.9,99.3,0.206,high
56,Rourkela-Zone1,27,175.4,44.7,100.0,0.475,high
56,Rourkela-Zone1,28,191.7,40.9,96.9,0.319,high
56,Rourkela-Zone1,29,211.7,41.6,103.4,0.358,high
56,Rourkela-Zone1,30,223.5,41.2,94.6,0.179,high
56,Rourkela-Zone1,31,270.0,41.9,88.4,0.463,high
56,Rourkela-Zone1,32,262.3,41.3,93.0,0.288,high
56,Rourkela-Zone1,33,289.2,40.8,84.9,0.556,high
56,Rourkela-Zone1,34,271.3,38.8,90.9,0.309,low
56,Rourkela-Zone1,35,261.5,36.1,95.7,0.471,high
56,Rourkela-Zone1,36,265.7,34.2,99.6,0.249,high
56,Rourkela-Zone1,37,245.6,34.5,96.6,0.354,high
56,Rourkela-Zone1,38,252.5,34.9,100.7,0.495,high
56,Rourkela-Zone1,39,202.9,31.1,174.0,0.249,high
56,Rourkela-Zone1,40,262.6,29.5,162.4,0.328,high
56,Rourkela-Zone1,41,179.5,28.6,172.4,0.289,low
56,Rourkela-Zone1,42,143.8,27.3,183.1,0.483,high
56,Rourkela-Zone1,43,129.1,29.7,188.0,0.368,high
56,Rourkela-Zone1,44,104.7,25.8,177.6,0.467,high
56,Rourkela-Zone1,45,34.6,25.1,195.7,0.421,medium
56,Rourkela-Zone1,46,27.1,26.8,203.0,0.358,medium
56,Rourkela-Zone1,47,19.4,24.2,203.7,0.317,low
56,Rourkela-Zone1,48,4.4,22.9,196.4,0.448,medium
56,Rourkela-Zone1,49,16.7,23.5,195.4,0.419,medium
56,Rourkela-Zone1,50,18.1,22.1,190.4,0.544,medium
56,Rourkela-Zone1,51,19.9,26.5,201.4,0.294,medium
56,Rourkela-Zone1,52,0.0,16.7,201.0,0.355,medium
57,Bhubaneswar-Zone2,0,108.4,21.1,189.9,0.462,high
57,Bhubaneswar-Zone2,1,66.7,23.3,193.3,0.338,high
57,Bhubaneswar-Zone2,2,91.1,21.0,196.0,0.326,high
57,Bhubaneswar-Zone2,3,88.0,23.2,190.6,0.364,high
57,Bhubaneswar-Zone2,4,72.7,23.2,136.9,0.229,medium
57,Bhubaneswar-Zone2,5,70.9,23.7,114.6,0.305,high
57,Bhubaneswar-Zone2,6,57.1,25.3,117.9,0.474,high
57,Bhubaneswar-Zone2,7,97.0,27.2,108.0,0.203,high
57,Bhubaneswar-Zone2,8,46.4,29.7,118.6,0.343,medium
57,Bhubaneswar-Zone2,9,41.6,29.3,109.4,0.427,medium
57,Bhubaneswar-Zone2,10,89.7,31.0,125.9,0.371,high
57,Bhubaneswar-Zone2,11,48.2,31.0,113.4,0.234,medium
57,Bhubaneswar-Zone2,12,51.8,32.7,113.7,0.212,high
57,Bhubaneswar-Zone2,13,128.9,34.8,95.1,0.343,high
57,Bhubaneswar-Zone2,14,48.1,34.4,114.6,0.661,medium
57,Bhubaneswar-Zone2,15,83.4,36.8,106.0,0.194,high
57,Bhubaneswar-Zone2,16,85.1,37.7,110.0,0.525,high
57,Bhubaneswar-Zone2,17,79.0,37.4,102.9,0.363,high
57,Bhubaneswar-Zone2,18,104.4,39.9,105.0,0.42,high
57,Bhubaneswar-Zone2,19,111.3,41.9,103.0,0.458,high
57,Bhubaneswar-Zone2,20,72.2,41.6,115.3,0.358,high
57,Bhubaneswar-Zone2,21,49.8,41.0,114.1,0.409,low
57,Bhubaneswar-Zone2,22,74.5,40.8,103.9,0.361,high
57,Bhubaneswar-Zone2,23,135.2,42.9,108.3,0.562,high
57,Bhubaneswar-Zone2,24,142.8,45.0,110.1,0.546,high
57,Bhubaneswar-Zone2,25,213.2,44.1,96.4,0.438,high
57,Bhubaneswar-Zone2,26,244.8,41.9,89.4,0.303,high
57,Bhubaneswar-Zone2,27,229.8,42.9,94.4,0.213,high
57,Bhubaneswar-Zone2,28,257.8,43.2,89.7,0.362,high
57,Bhubaneswar-Zone2,29,279.6,42.9,86.7,0.392,high
57,Bhubaneswar-Zone2,30,323.3,39.3,86.4,0.545,low
57,Bhubaneswar-Zone2,31,349.4,41.3,75.7,0.523,high
57,Bhubaneswar-Zone2,32,343.1,39.3,87.0,0.272,high
57,Bhubaneswar-Zone2,33,339.2,37.7,72.0,0.452,high
57,Bhubaneswar-Zone2,34,333.2,38.6,85.4,0.204,low
57,Bhubaneswar-Zone2,35,359.8,35.4,79.1,0.607,high
57,Bhubaneswar-Zone2,36,362.9,35.0,81.6,0.407,high
57,Bhubaneswar-Zone2,37,299.2,34.3,85.6,0.616,high
57,Bhubaneswar-Zone2,38,297.3,31.5,112.0,0.263,high
57,Bhubaneswar-Zone2,39,298.5,33.3,172.7,0.251,high
57,Bhubaneswar-Zone2,40,306.6,31.3,161.4,0.287,high
57,Bhubaneswar-Zone2,41,250.9,30.8,175.1,0.365,low
57,Bhubaneswar-Zone2,42,222.5,32.6,174.1,0.532,high
57,Bhubaneswar-Zone2,43,240.7,28.6,180.7,0.46,high
57,Bhubaneswar-Zone2,44,170.7,25.8,181.1,0.238,high
57,Bhubaneswar-Zone2,45,115.2,27.1,179.3,0.372,high
57,Bhubaneswar-Zone2,46,103.4,24.2,181.1,0.484,high
57,Bhubaneswar-Zone2,47,123.4,26.9,181.4,0.164,high
57,Bhubaneswar-Zone2,48,92.9,23.7,190.6,0.358,high
57,Bhubaneswar-Zone2,49,71.1,23.2,195.3,0.462,high
57,Bhubaneswar-Zone2,50,89.6,23.4,189.3,0.333,high
57,Bhubaneswar-Zone2,51,31.0,23.1,195.4,0.303,medium
57,Bhubaneswar-Zone2,52,3.2,17.6,200.0,0.243,medium
58,Rourkela-Zone1,0,12.7,20.9,190.6,0.484,medium
58,Rourkela-Zone1,1,24.9,24.0,193.9,0.655,medium
58,Rourkela-Zone1,2,6.9,24.0,196.0,0.566,low
58,Rourkela-Zone1,3,44.1,25.1,186.7,0.591,medium
58,Rourkela-Zone1,4,25.7,23.1,141.1,0.423,medium
58,Rourkela-Zone1,5,45.3,27.0,116.6,0.751,high
58,Rourkela-Zone1,6,0.0,24.7,122.1,0.579,low
58,Rourkela-Zone1,7,13.6,28.2,101.6,0.535,low
58,Rourkela-Zone1,8,7.1,26.4,113.0,0.588,low
58,Rourkela-Zone1,9,42.5,29.2,118.1,0.608,medium
58,Rourkela-Zone1,10,4.4,32.2,114.0,0.629,low
58,Rourkela-Zone1,11,21.1,29.6,108.3,0.619,medium
58,Rourkela-Zone1,12,12.7,32.3,114.6,0.714,low
58,Rourkela-Zone1,13,30.3,35.3,104.7,0.502,medium
58,Rourkela-Zone1,14,11.6,36.0,119.1,0.585,low
58,Rourkela-Zone1,15,0.0,34.6,119.1,0.552,low
58,Rourkela-Zone1,16,8.5,36.6,116.0,0.5,low
58,Rourkela-Zone1,17,2.9,37.9,125.0,0.585,low
58,Rourkela-Zone1,18,19.5,39.1,114.0,0.518,medium
58,Rourkela-Zone1,19,16.4,41.1,111.6,0.499,medium
58,Rourkela-Zone1,20,59.8,40.2,117.1,0.63,high
58,Rourkela-Zone1,21,36.3,41.2,110.7,0.559,medium
58,Rourkela-Zone1,22,21.3,42.3,109.7,0.644,medium
58,Rourkela-Zone1,23,88.1,42.9,109.4,0.498,high
58,Rourkela-Zone1,24,118.1,43.9,107.7,0.527,high
58,Rourkela-Zone1,25,149.8,44.2,108.3,0.651,high
58,Rourkela-Zone1,26,149.3,42.9,99.3,0.521,high
58,Rourkela-Zone1,27,175.4,44.7,100.0,0.236,high
58,Rourkela-Zone1,28,191.7,40.9,96.9,0.642,medium
58,Rourkela-Zone1,29,211.7,41.6,103.4,0.601,high
58,Rourkela-Zone1,30,223.5,41.2,94.6,0.433,high
58,Rourkela-Zone1,31,270.0,41.9,88.4,0.458,high
58,Rourkela-Zone1,32,262.3,41.3,93.0,0.617,high
58,Rourkela-Zone1,33,289.2,40.8,84.9,0.51,high
58,Rourkela-Zone1,34,271.3,38.8,90.9,0.587,high
58,Rourkela-Zone1,35,261.5,36.1,95.7,0.455,high
58,Rourkela-Zone1,36,265.7,34.2,99.6,0.582,high
58,Rourkela-Zone1,37,245.6,34.5,96.6,0.419,high
58,Rourkela-Zone1,38,252.5,34.9,100.7,0.493,low
58,Rourkela-Zone1,39,202.9,31.1,174.0,0.59,high
58,Rourkela-Zone1,40,262.6,29.5,162.4,0.587,high
58,Rourkela-Zone1,41,179.5,28.6,172.4,0.544,high
58,Rourkela-Zone1,42,143.8,27.3,183.1,0.634,high
58,Rourkela-Zone1,43,129.1,29.7,188.0,0.438,high
58,Rourkela-Zone1,44,104.7,25.8,177.6,0.496,high
58,Rourkela-Zone1,45,34.6,25.1,195.7,0.612,medium
58,Rourkela-Zone1,46,27.1,26.8,203.0,0.692,medium
58,Rourkela-Zone1,47,19.4,24.2,203.7,0.583,high
58,Rourkela-Zone1,48,4.4,22.9,196.4,0.446,medium
58,Rourkela-Zone1,49,16.7,23.5,195.4,0.679,medium
58,Rourkela-Zone1,50,18.1,22.1,190.4,0.509,medium
58,Rourkela-Zone1,51,19.9,26.5,201.4,0.689,medium
58,Rourkela-Zone1,52,0.0,16.7,201.0,0.551,medium
59,Bhubaneswar-Zone2,0,108.4,21.1,189.9,0.824,high
59,Bhubaneswar-Zone2,1,66.7,23.3,193.3,0.796,high
59,Bhubaneswar-Zone2,2,91.1,21.0,196.0,0.865,high
59,Bhubaneswar-Zone2,3,88.0,23.2,190.6,0.86,high
59,Bhubaneswar-Zone2,4,72.7,23.2,136.9,0.846,high
59,Bhubaneswar-Zone2,5,70.9,23.7,114.6,0.837,high
59,Bhubaneswar-Zone2,6,57.1,25.3,117.9,0.753,high
59,Bhubaneswar-Zone2,7,97.0,27.2,108.0,0.906,high
59,Bhubaneswar-Zone2,8,46.4,29.7,118.6,0.898,medium
59,Bhubaneswar-Zone2,9,41.6,29.3,109.4,0.825,medium
59,Bhubaneswar-Zone2,10,89.7,31.0,125.9,0.708,high
59,Bhubaneswar-Zone2,11,48.2,31.0,113.4,0.754,medium
59,Bhubaneswar-Zone2,12,51.8,32.7,113.7,0.921,high
59,Bhubaneswar-Zone2,13,128.9,34.8,95.1,0.731,high
59,Bhubaneswar-Zone2,14,48.1,34.4,114.6,0.868,medium
59,Bhubaneswar-Zone2,15,83.4,36.8,106.0,0.888,high
59,Bhubaneswar-Zone2,16,85.1,37.7,110.0,0.805,high
59,Bhubaneswar-Zone2,17,79.0,37.4,102.9,0.857,high
59,Bhubaneswar-Zone2,18,104.4,39.9,105.0,0.932,medium
59,Bhubaneswar-Zone2,19,111.3,41.9,103.0,0.74,high
59,Bhubaneswar-Zone2,20,72.2,41.6,115.3,0.96,high
59,Bhubaneswar-Zone2,21,49.8,41.0,114.1,0.82,medium
59,Bhubaneswar-Zone2,22,74.5,40.8,103.9,0.847,high
59,Bhubaneswar-Zone2,23,135.2,42.9,108.3,0.772,high
59,Bhubaneswar-Zone2,24,142.8,45.0,110.1,0.861,high
59,Bhubaneswar-Zone2,25,213.2,44.1,96.4,0.853,high
59,Bhubaneswar-Zone2,26,244.8,41.9,89.4,0.855,high
59,Bhubaneswar-Zone2,27,229.8,42.9,94.4,0.993,high
59,Bhubaneswar-Zone2,28,257.8,43.2,89.7,0.982,high
59,Bhubaneswar-Zone2,29,279.6,42.9,86.7,0.891,high
59,Bhubaneswar-Zone2,30,323.3,39.3,86.4,0.88,high
59,Bhubaneswar-Zone2,31,349.4,41.3,75.7,1.0,high
59,Bhubaneswar-Zone2,32,343.1,39.3,87.0,0.575,high
59,Bhubaneswar-Zone2,33,339.2,37.7,72.0,0.946,low
59,Bhubaneswar-Zone2,34,333.2,38.6,85.4,1.0,high
59,Bhubaneswar-Zone2,35,359.8,35.4,79.1,1.0,medium
59,Bhubaneswar-Zone2,36,362.9,35.0,81.6,0.849,high
59,Bhubaneswar-Zone2,37,299.2,34.3,85.6,0.711,high
59,Bhubaneswar-Zone2,38,297.3,31.5,112.0,0.794,high
59,Bhubaneswar-Zone2,39,298.5,33.3,172.7,1.0,high
59,Bhubaneswar-Zone2,40,306.6,31.3,161.4,0.97,high
59,Bhubaneswar-Zone2,41,250.9,30.8,175.1,0.69,high
59,Bhubaneswar-Zone2,42,222.5,32.6,174.1,0.754,high
59,Bhubaneswar-Zone2,43,240.7,28.6,180.7,0.924,high
59,Bhubaneswar-Zone2,44,170.7,25.8,181.1,0.806,high
59,Bhubaneswar-Zone2,45,115.2,27.1,179.3,0.894,high
59,Bhubaneswar-Zone2,46,103.4,24.2,181.1,0.695,high
59,Bhubaneswar-Zone2,47,123.4,26.9,181.4,0.849,high
59,Bhubaneswar-Zone2,48,92.9,23.7,190.6,0.838,high
59,Bhubaneswar-Zone2,49,71.1,23.2,195.3,0.944,high
59,Bhubaneswar-Zone2,50,89.6,23.4,189.3,0.887,high
59,Bhubaneswar-Zone2,51,31.0,23.1,195.4,0.862,medium
59,Bhubaneswar-Zone2,52,3.2,17.6,200.0,0.675,low
60,Bhubaneswar-Zone2,0,108.4,21.1,189.9,0.977,high
60,Bhubaneswar-Zone2,1,66.7,23.3,193.3,0.971,high
60,Bhubaneswar-Zone2,2,91.1,21.0,196.0,1.0,high
60,Bhubaneswar-Zone2,3,88.0,23.2,190.6,0.692,high
60,Bhubaneswar-Zone2,4,72.7,23.2,136.9,0.762,high
60,Bhubaneswar-Zone2,5,70.9,23.7,114.6,0.844,high
60,Bhubaneswar-Zone2,6,57.1,25.3,117.9,1.0,high
60,Bhubaneswar-Zone2,7,97.0,27.2,108.0,1.0,high
60,Bhubaneswar-Zone2,8,46.4,29.7,118.6,0.988,medium
60,Bhubaneswar-Zone2,9,41.6,29.3,109.4,0.984,medium
60,Bhubaneswar-Zone2,10,89.7,31.0,125.9,1.0,high
60,Bhubaneswar-Zone2,11,48.2,31.0,113.4,0.82,medium
60,Bhubaneswar-Zone2,12,51.8,32.7,113.7,0.612,high
60,Bhubaneswar-Zone2,13,128.9,34.8,95.1,1.0,high
60,Bhubaneswar-Zone2,14,48.1,34.4,114.6,1.0,medium
60,Bhubaneswar-Zone2,15,83.4,36.8,106.0,1.0,high
60,Bhubaneswar-Zone2,16,85.1,37.7,110.0,0.857,high
60,Bhubaneswar-Zone2,17,79.0,37.4,102.9,1.0,medium
60,Bhubaneswar-Zone2,18,104.4,39.9,105.0,1.0,high
60,Bhubaneswar-Zone2,19,111.3,41.9,103.0,0.931,high
60,Bhubaneswar-Zone2,20,72.2,41.6,115.3,0.783,high
60,Bhubaneswar-Zone2,21,49.8,41.0,114.1,0.808,medium
60,Bhubaneswar-Zone2,22,74.5,40.8,103.9,0.745,high
60,Bhubaneswar-Zone2,23,135.2,42.9,108.3,0.973,high
60,Bhubaneswar-Zone2,24,142.8,45.0,110.1,0.785,high
60,Bhubaneswar-Zone2,25,213.2,44.1,96.4,0.999,high
60,Bhubaneswar-Zone2,26,244.8,41.9,89.4,0.928,high
60,Bhubaneswar-Zone2,27,229.8,42.9,94.4,0.718,high
60,Bhubaneswar-Zone2,28,257.8,43.2,89.7,0.724,high
60,Bhubaneswar-Zone2,29,279.6,42.9,86.7,0.819,high
60,Bhubaneswar-Zone2,30,323.3,39.3,86.4,0.894,high
60,Bhubaneswar-Zone2,31,349.4,41.3,75.7,1.0,high
60,Bhubaneswar-Zone2,32,343.1,39.3,87.0,0.958,high
60,Bhubaneswar-Zone2,33,339.2,37.7,72.0,0.981,high
60,Bhubaneswar-Zone2,34,333.2,38.6,85.4,0.881,medium
60,Bhubaneswar-Zone2,35,359.8,35.4,79.1,0.746,high
60,Bhubaneswar-Zone2,36,362.9,35.0,81.6,0.928,high
60,Bhubaneswar-Zone2,37,299.2,34.3,85.6,0.909,high
60,Bhubaneswar-Zone2,38,297.3,31.5,112.0,0.963,high
60,Bhubaneswar-Zone2,39,298.5,33.3,172.7,0.894,high
60,Bhubaneswar-Zone2,40,306.6,31.3,161.4,0.974,high
60,Bhubaneswar-Zone2,41,250.9,30.8,175.1,0.922,high
60,Bhubaneswar-Zone2,42,222.5,32.6,174.1,0.835,high
60,Bhubaneswar-Zone2,43,240.7,28.6,180.7,0.967,high
60,Bhubaneswar-Zone2,44,170.7,25.8,181.1,0.892,high
60,Bhubaneswar-Zone2,45,115.2,27.1,179.3,0.972,high
60,Bhubaneswar-Zone2,46,103.4,24.2,181.1,0.813,high
60,Bhubaneswar-Zone2,47,123.4,26.9,181.4,0.915,high
60,Bhubaneswar-Zone2,48,92.9,23.7,190.6,0.93,low
60,Bhubaneswar-Zone2,49,71.1,23.2,195.3,1.0,high
60,Bhubaneswar-Zone2,50,89.6,23.4,189.3,0.872,high
60,Bhubaneswar-Zone2,51,31.0,23.1,195.4,0.704,medium
60,Bhubaneswar-Zone2,52,3.2,17.6,200.0,0.825,medium
61,Rourkela-Zone1,0,12.7,20.9,190.6,0.793,medium
61,Rourkela-Zone1,1,24.9,24.0,193.9,0.888,medium
61,Rourkela-Zone1,2,6.9,24.0,196.0,0.699,medium
61,Rourkela-Zone1,3,44.1,25.1,186.7,0.931,medium
61,Rourkela-Zone1,4,25.7,23.1,141.1,0.86,medium
61,Rourkela-Zone1,5,45.3,27.0,116.6,0.989,medium
61,Rourkela-Zone1,6,0.0,24.7,122.1,0.844,low
61,Rourkela-Zone1,7,13.6,28.2,101.6,0.813,low
61,Rourkela-Zone1,8,7.1,26.4,113.0,0.809,low
61,Rourkela-Zone1,9,42.5,29.2,118.1,0.803,medium
61,Rourkela-Zone1,10,4.4,32.2,114.0,0.969,low
61,Rourkela-Zone1,11,21.1,29.6,108.3,0.926,medium
61,Rourkela-Zone1,12,12.7,32.3,114.6,0.896,high
61,Rourkela-Zone1,13,30.3,35.3,104.7,1.0,medium
61,Rourkela-Zone1,14,11.6,36.0,119.1,0.776,low
61,Rourkela-Zone1,15,0.0,34.6,119.1,1.0,low
61,Rourkela-Zone1,16,8.5,36.6,116.0,0.791,low
61,Rourkela-Zone1,17,2.9,37.9,125.0,0.824,low
61,Rourkela-Zone1,18,19.5,39.1,114.0,0.883,medium
61,Rourkela-Zone1,19,16.4,41.1,111.6,0.847,medium
61,Rourkela-Zone1,20,59.8,40.2,117.1,1.0,high
61,Rourkela-Zone1,21,36.3,41.2,110.7,1.0,medium
61,Rourkela-Zone1,22,21.3,42.3,109.7,0.897,medium
61,Rourkela-Zone1,23,88.1,42.9,109.4,0.695,high
61,Rourkela-Zone1,24,118.1,43.9,107.7,1.0,high
61,Rourkela-Zone1,25,149.8,44.2,108.3,1.0,high
61,Rourkela-Zone1,26,149.3,42.9,99.3,0.842,high
61,Rourkela-Zone1,27,175.4,44.7,100.0,0.671,high
61,Rourkela-Zone1,28,191.7,40.9,96.9,0.667,high
61,Rourkela-Zone1,29,211.7,41.6,103.4,0.721,high
61,Rourkela-Zone1,30,223.5,41.2,94.6,0.832,high
61,Rourkela-Zone1,31,270.0,41.9,88.4,0.997,high
61,Rourkela-Zone1,32,262.3,41.3,93.0,0.941,high
61,Rourkela-Zone1,33,289.2,40.8,84.9,0.959,high
61,Rourkela-Zone1,34,271.3,38.8,90.9,0.898,high
61,Rourkela-Zone1,35,261.5,36.1,95.7,0.865,high
61,Rourkela-Zone1,36,265.7,34.2,99.6,0.862,high
61,Rourkela-Zone1,37,245.6,34.5,96.6,0.734,high
61,Rourkela-Zone1,38,252.5,34.9,100.7,0.74,high
61,Rourkela-Zone1,39,202.9,31.1,174.0,0.97,high
61,Rourkela-Zone1,40,262.6,29.5,162.4,0.998,high
61,Rourkela-Zone1,41,179.5,28.6,172.4,0.794,high
61,Rourkela-Zone1,42,143.8,27.3,183.1,0.792,high
61,Rourkela-Zone1,43,129.1,29.7,188.0,0.822,high
61,Rourkela-Zone1,44,104.7,25.8,177.6,0.96,high
61,Rourkela-Zone1,45,34.6,25.1,195.7,0.688,medium
61,Rourkela-Zone1,46,27.1,26.8,203.0,0.824,medium
61,Rourkela-Zone1,47,19.4,24.2,203.7,0.835,medium
61,Rourkela-Zone1,48,4.4,22.9,196.4,0.712,medium
61,Rourkela-Zone1,49,16.7,23.5,195.4,0.579,medium
61,Rourkela-Zone1,50,18.1,22.1,190.4,0.866,medium
61,Rourkela-Zone1,51,19.9,26.5,201.4,0.814,medium
61,Rourkela-Zone1,52,0.0,16.7,201.0,0.899,medium
62,Puri-Zone1,0,125.9,22.3,186.0,0.834,high
62,Puri-Zone1,1,116.2,22.7,185.0,0.879,high
62,Puri-Zone1,2,77.3,23.1,189.1,0.785,high
62,Puri-Zone1,3,144.2,24.7,182.0,0.641,high
62,Puri-Zone1,4,104.0,23.6,137.7,0.554,high
62,Puri-Zone1,5,75.6,24.8,105.9,0.629,high
62,Puri-Zone1,6,77.2,25.1,109.7,1.0,high
62,Puri-Zone1,7,81.9,25.9,100.3,0.733,high
62,Puri-Zone1,8,105.0,27.3,110.9,0.631,high
62,Puri-Zone1,9,117.3,26.6,105.0,0.78,high
62,Puri-Zone1,10,105.1,29.5,106.1,0.559,high
62,Puri-Zone1,11,92.2,31.1,109.7,0.824,high
62,Puri-Zone1,12,104.3,33.4,109.0,0.594,high
62,Puri-Zone1,13,69.9,32.5,108.0,0.713,high
62,Puri-Zone1,14,132.9,34.1,110.4,0.648,high
62,Puri-Zone1,15,100.4,36.5,110.0,0.627,high
62,Puri-Zone1,16,72.5,36.9,111.0,0.865,high
62,Puri-Zone1,17,94.5,37.0,95.1,0.637,high
62,Puri-Zone1,18,118.3,37.5,115.7,0.769,high
62,Puri-Zone1,19,114.9,40.1,103.0,0.78,high
62,Puri-Zone1,20,113.4,42.0,109.1,0.619,high
62,Puri-Zone1,21,66.8,41.2,111.9,0.622,high
62,Puri-Zone1,22,168.6,42.4,94.4,0.608,high
62,Puri-Zone1,23,169.2,41.7,96.7,0.656,high
62,Puri-Zone1,24,223.9,41.5,88.4,0.764,high
62,Puri-Zone1,25,238.0,42.9,88.3,0.716,high
62,Puri-Zone1,26,282.3,43.3,92.1,0.821,high
62,Puri-Zone1,27,270.7,41.6,90.7,0.786,low
62,Puri-Zone1,28,286.8,41.9,83.1,0.712,high
62,Puri-Zone1,29,340.7,40.4,88.9,0.72,high
62,Puri-Zone1,30,335.2,42.2,81.0,0.712,high
62,Puri-Zone1,31,385.5,40.3,84.7,0.806,high
62,Puri-Zone1,32,385.3,40.4,81.3,0.83,high
62,Puri-Zone1,33,344.1,40.2,81.4,0.869,high
62,Puri-Zone1,34,373.5,39.4,77.7,0.955,high
62,Puri-Zone1,35,389.2,37.7,64.0,0.599,high
62,Puri-Zone1,36,358.5,35.0,76.6,0.701,high
62,Puri-Zone1,37,354.0,35.9,92.4,0.71,high
62,Puri-Zone1,38,315.8,36.3,103.7,0.627,medium
62,Puri-Zone1,39,351.5,35.2,150.6,0.585,high
62,Puri-Zone1,40,291.4,33.1,171.6,0.793,high
62,Puri-Zone1,41,285.5,31.7,169.0,0.617,high
62,Puri-Zone1,42,247.4,27.8,169.7,0.626,high
62,Puri-Zone1,43,246.9,27.8,159.6,0.579,high
62,Puri-Zone1,44,197.4,26.4,181.7,0.617,high
62,Puri-Zone1,45,159.8,23.8,182.3,0.721,high
62,Puri-Zone1,46,101.3,24.8,181.4,0.839,high
62,Puri-Zone1,47,113.6,24.7,191.0,0.795,high
62,Puri-Zone1,48,105.8,24.6,174.6,0.589,high
62,Puri-Zone1,49,69.5,24.6,191.0,0.903,high
62,Puri-Zone1,50,75.1,24.2,196.6,0.632,high
62,Puri-Zone1,51,109.4,21.1,192.7,0.775,high
62,Puri-Zone1,52,13.9,21.5,190.0,0.812,medium
63,Bhubaneswar-Zone2,0,108.4,21.1,189.9,1.0,high
63,Bhubaneswar-Zone2,1,66.7,23.3,193.3,0.816,high
63,Bhubaneswar-Zone2,2,91.1,21.0,196.0,0.894,high
63,Bhubaneswar-Zone2,3,88.0,23.2,190.6,0.905,high
63,Bhubaneswar-Zone2,4,72.7,23.2,136.9,0.753,high
63,Bhubaneswar-Zone2,5,70.9,23.7,114.6,0.991,high
63,Bhubaneswar-Zone2,6,57.1,25.3,117.9,1.0,high
63,Bhubaneswar-Zone2,7,97.0,27.2,108.0,0.909,high
63,Bhubaneswar-Zone2,8,46.4,29.7,118.6,1.0,medium
63,Bhubaneswar-Zone2,9,41.6,29.3,109.4,0.795,medium
63,Bhubaneswar-Zone2,10,89.7,31.0,125.9,0.978,high
63,Bhubaneswar-Zone2,11,48.2,31.0,113.4,0.956,medium
63,Bhubaneswar-Zone2,12,51.8,32.7,113.7,1.0,high
63,Bhubaneswar-Zone2,13,128.9,34.8,95.1,0.865,high
63,Bhubaneswar-Zone2,14,48.1,34.4,114.6,1.0,medium
63,Bhubaneswar-Zone2,15,83.4,36.8,106.0,0.929,medium
63,Bhubaneswar-Zone2,16,85.1,37.7,110.0,0.952,high
63,Bhubaneswar-Zone2,17,79.0,37.4,102.9,1.0,high
63,Bhubaneswar-Zone2,18,104.4,39.9,105.0,1.0,high
63,Bhubaneswar-Zone2,19,111.3,41.9,103.0,1.0,high
63,Bhubaneswar-Zone2,20,72.2,41.6,115.3,0.839,high
63,Bhubaneswar-Zone2,21,49.8,41.0,114.1,1.0,medium
63,Bhubaneswar-Zone2,22,74.5,40.8,103.9,0.773,high
63,Bhubaneswar-Zone2,23,135.2,42.9,108.3,0.917,high
63,Bhubaneswar-Zone2,24,142.8,45.0,110.1,0.774,high
63,Bhubaneswar-Zone2,25,213.2,44.1,96.4,0.867,high
63,Bhubaneswar-Zone2,26,244.8,41.9,89.4,1.0,high
63,Bhubaneswar-Zone2,27,229.8,42.9,94.4,0.952,high
63,Bhubaneswar-Zone2,28,257.8,43.2,89.7,0.836,high
63,Bhubaneswar-Zone2,29,279.6,42.9,86.7,0.916,high
63,Bhubaneswar-Zone2,30,323.3,39.3,86.4,0.888,high
63,Bhubaneswar-Zone2,31,349.4,41.3,75.7,0.99,high
63,Bhubaneswar-Zone2,32,343.1,39.3,87.0,0.852,high
63,Bhubaneswar-Zone2,33,339.2,37.7,72.0,0.867,high
63,Bhubaneswar-Zone2,34,333.2,38.6,85.4,0.939,high
63,Bhubaneswar-Zone2,35,359.8,35.4,79.1,1.0,high
63,Bhubaneswar-Zone2,36,362.9,35.0,81.6,1.0,high
63,Bhubaneswar-Zone2,37,299.2,34.3,85.6,0.766,high
63,Bhubaneswar-Zone2,38,297.3,31.5,112.0,1.0,high
63,Bhubaneswar-Zone2,39,298.5,33.3,172.7,1.0,high
63,Bhubaneswar-Zone2,40,306.6,31.3,161.4,0.896,high
63,Bhubaneswar-Zone2,41,250.9,30.8,175.1,0.899,high
63,Bhubaneswar-Zone2,42,222.5,32.6,174.1,0.992,high
63,Bhubaneswar-Zone2,43,240.7,28.6,180.7,0.839,high
63,Bhubaneswar-Zone2,44,170.7,25.8,181.1,0.839,high
63,Bhubaneswar-Zone2,45,115.2,27.1,179.3,0.883,high
63,Bhubaneswar-Zone2,46,103.4,24.2,181.1,0.81,low
63,Bhubaneswar-Zone2,47,123.4,26.9,181.4,0.837,high
63,Bhubaneswar-Zone2,48,92.9,23.7,190.6,0.963,high
63,Bhubaneswar-Zone2,49,71.1,23.2,195.3,0.911,high
63,Bhubaneswar-Zone2,50,89.6,23.4,189.3,1.0,high
63,Bhubaneswar-Zone2,51,31.0,23.1,195.4,0.966,medium
63,Bhubaneswar-Zone2,52,3.2,17.6,200.0,0.892,medium
64,Bhubaneswar-Zone2,0,108.4,21.1,189.9,0.783,high
64,Bhubaneswar-Zone2,1,66.7,23.3,193.3,1.0,high
64,Bhubaneswar-Zone2,2,91.1,21.0,196.0,0.935,high
64,Bhubaneswar-Zone2,3,88.0,23.2,190.6,0.748,high
64,Bhubaneswar-Zone2,4,72.7,23.2,136.9,0.797,high
64,Bhubaneswar-Zone2,5,70.9,23.7,114.6,0.938,high
64,Bhubaneswar-Zone2,6,57.1,25.3,117.9,0.796,high
64,Bhubaneswar-Zone2,7,97.0,27.2,108.0,0.755,high
64,Bhubaneswar-Zone2,8,46.4,29.7,118.6,0.774,medium
64,Bhubaneswar-Zone2,9,41.6,29.3,109.4,0.829,medium
64,Bhubaneswar-Zone2,10,89.7,31.0,125.9,0.753,high
64,Bhubaneswar-Zone2,11,48.2,31.0,113.4,0.894,medium
64,Bhubaneswar-Zone2,12,51.8,32.7,113.7,0.86,high
64,Bhubaneswar-Zone2,13,128.9,34.8,95.1,0.564,high
64,Bhubaneswar-Zone2,14,48.1,34.4,114.6,0.763,medium
64,Bhubaneswar-Zone2,15,83.4,36.8,106.0,0.9,high
64,Bhubaneswar-Zone2,16,85.1,37.7,110.0,0.71,medium
64,Bhubaneswar-Zone2,17,79.0,37.4,102.9,0.886,high
64,Bhubaneswar-Zone2,18,104.4,39.9,105.0,1.0,high
64,Bhubaneswar-Zone2,19,111.3,41.9,103.0,0.859,high
64,Bhubaneswar-Zone2,20,72.2,41.6,115.3,0.78,high
64,Bhubaneswar-Zone2,21,49.8,41.0,114.1,0.622,medium
64,Bhubaneswar-Zone2,22,74.5,40.8,103.9,0.767,high
64,Bhubaneswar-Zone2,23,135.2,42.9,108.3,0.797,high
64,Bhubaneswar-Zone2,24,142.8,45.0,110.1,0.868,high
64,Bhubaneswar-Zone2,25,213.2,44.1,96.4,0.8,high
64,Bhubaneswar-Zone2,26,244.8,41.9,89.4,1.0,high
64,Bhubaneswar-Zone2,27,229.8,42.9,94.4,0.822,high
64,Bhubaneswar-Zone2,28,257.8,43.2,89.7,0.945,high
64,Bhubaneswar-Zone2,29,279.6,42.9,86.7,0.688,high
64,Bhubaneswar-Zone2,30,323.3,39.3,86.4,0.839,high
64,Bhubaneswar-Zone2,31,349.4,41.3,75.7,0.768,high
64,Bhubaneswar-Zone2,32,343.1,39.3,87.0,0.948,high
64,Bhubaneswar-Zone2,33,339.2,37.7,72.0,0.806,high
64,Bhubaneswar-Zone2,34,333.2,38.6,85.4,0.973,high
64,Bhubaneswar-Zone2,35,359.8,35.4,79.1,0.908,high
64,Bhubaneswar-Zone2,36,362.9,35.0,81.6,0.804,high
64,Bhubaneswar-Zone2,37,299.2,34.3,85.6,0.635,high
64,Bhubaneswar-Zone2,38,297.3,31.5,112.0,0.908,high
64,Bhubaneswar-Zone2,39,298.5,33.3,172.7,0.843,high
64,Bhubaneswar-Zone2,40,306.6,31.3,161.4,0.926,high
64,Bhubaneswar-Zone2,41,250.9,30.8,175.1,0.982,high
64,Bhubaneswar-Zone2,42,222.5,32.6,174.1,0.848,high
64,Bhubaneswar-Zone2,43,240.7,28.6,180.7,0.749,high
64,Bhubaneswar-Zone2,44,170.7,25.8,181.1,0.881,high
64,Bhubaneswar-Zone2,45,115.2,27.1,179.3,1.0,high
64,Bhubaneswar-Zone2,46,103.4,24.2,181.1,0.932,high
64,Bhubaneswar-Zone2,47,123.4,26.9,181.4,0.873,high
64,Bhubaneswar-Zone2,48,92.9,23.7,190.6,0.76,high
64,Bhubaneswar-Zone2,49,71.1,23.2,195.3,0.825,high
64,Bhubaneswar-Zone2,50,89.6,23.4,189.3,0.98,high
64,Bhubaneswar-Zone2,51,31.0,23.1,195.4,0.754,medium
64,Bhubaneswar-Zone2,52,3.2,17.6,200.0,0.676,low
65,Rourkela-Zone1,0,12.7,20.9,190.6,0.618,medium
65,Rourkela-Zone1,1,24.9,24.0,193.9,0.666,medium
65,Rourkela-Zone1,2,6.9,24.0,196.0,0.766,medium
65,Rourkela-Zone1,3,44.1,25.1,186.7,0.722,medium
65,Rourkela-Zone1,4,25.7,23.1,141.1,0.864,medium
65,Rourkela-Zone1,5,45.3,27.0,116.6,0.568,medium
65,Rourkela-Zone1,6,0.0,24.7,122.1,0.652,low
65,Rourkela-Zone1,7,13.6,28.2,101.6,0.596,low
65,Rourkela-Zone1,8,7.1,26.4,113.0,0.643,high
65,Rourkela-Zone1,9,42.5,29.2,118.1,0.651,medium
65,Rourkela-Zone1,10,4.4,32.2,114.0,0.787,low
65,Rourkela-Zone1,11,21.1,29.6,108.3,0.655,medium
65,Rourkela-Zone1,12,12.7,32.3,114.6,0.671,low
65,Rourkela-Zone1,13,30.3,35.3,104.7,0.601,medium
65,Rourkela-Zone1,14,11.6,36.0,119.1,0.498,low
65,Rourkela-Zone1,15,0.0,34.6,119.1,0.613,low
65,Rourkela-Zone1,16,8.5,36.6,116.0,0.819,low
65,Rourkela-Zone1,17,2.9,37.9,125.0,0.552,low
65,Rourkela-Zone1,18,19.5,39.1,114.0,0.66,medium
65,Rourkela-Zone1,19,16.4,41.1,111.6,0.83,medium
65,Rourkela-Zone1,20,59.8,40.2,117.1,0.513,high
65,Rourkela-Zone1,21,36.3,41.2,110.7,0.604,medium
65,Rourkela-Zone1,22,21.3,42.3,109.7,0.82,medium
65,Rourkela-Zone1,23,88.1,42.9,109.4,0.843,high
65,Rourkela-Zone1,24,118.1,43.9,107.7,0.76,high
65,Rourkela-Zone1,25,149.8,44.2,108.3,0.651,high
65,Rourkela-Zone1,26,149.3,42.9,99.3,0.744,high
65,Rourkela-Zone1,27,175.4,44.7,100.0,0.836,high
65,Rourkela-Zone1,28,191.7,40.9,96.9,0.687,high
65,Rourkela-Zone1,29,211.7,41.6,103.4,0.826,high
65,Rourkela-Zone1,30,223.5,41.2,94.6,1.0,high
65,Rourkela-Zone1,31,270.0,41.9,88.4,0.765,high
65,Rourkela-Zone1,32,262.3,41.3,93.0,0.739,high
65,Rourkela-Zone1,33,289.2,40.8,84.9,0.651,high
65,Rourkela-Zone1,34,271.3,38.8,90.9,0.564,high
65,Rourkela-Zone1,35,261.5,36.1,95.7,0.623,high
65,Rourkela-Zone1,36,265.7,34.2,99.6,0.742,high
65,Rourkela-Zone1,37,245.6,34.5,96.6,0.852,high
65,Rourkela-Zone1,38,252.5,34.9,100.7,0.53,high
65,Rourkela-Zone1,39,202.9,31.1,174.0,0.622,high
65,Rourkela-Zone1,40,262.6,29.5,162.4,0.903,high
65,Rourkela-Zone1,41,179.5,28.6,172.4,0.977,high
65,Rourkela-Zone1,42,143.8,27.3,183.1,0.756,high
65,Rourkela-Zone1,43,129.1,29.7,188.0,0.681,high
65,Rourkela-Zone1,44,104.7,25.8,177.6,0.736,high
65,Rourkela-Zone1,45,34.6,25.1,195.7,0.54,medium
65,Rourkela-Zone1,46,27.1,26.8,203.0,0.676,medium
65,Rourkela-Zone1,47,19.4,24.2,203.7,0.512,medium
65,Rourkela-Zone1,48,4.4,22.9,196.4,0.599,medium
65,Rourkela-Zone1,49,16.7,23.5,195.4,0.565,medium
65,Rourkela-Zone1,50,18.1,22.1,190.4,0.746,medium
65,Rourkela-Zone1,51,19.9,26.5,201.4,0.774,medium
65,Rourkela-Zone1,52,0.0,16.7,201.0,0.78,medium
66,Bhubaneswar-Zone2,0,108.4,21.1,189.9,0.539,high
66,Bhubaneswar-Zone2,1,66.7,23.3,193.3,0.708,low
66,Bhubaneswar-Zone2,2,91.1,21.0,196.0,0.596,high
66,Bhubaneswar-Zone2,3,88.0,23.2,190.6,0.708,high
66,Bhubaneswar-Zone2,4,72.7,23.2,136.9,0.498,high
66,Bhubaneswar-Zone2,5,70.9,23.7,114.6,0.781,high
66,Bhubaneswar-Zone2,6,57.1,25.3,117.9,0.616,high
66,Bhubaneswar-Zone2,7,97.0,27.2,108.0,0.531,high
66,Bhubaneswar-Zone2,8,46.4,29.7,118.6,0.748,medium
66,Bhubaneswar-Zone2,9,41.6,29.3,109.4,0.606,medium
66,Bhubaneswar-Zone2,10,89.7,31.0,125.9,0.662,high
66,Bhubaneswar-Zone2,11,48.2,31.0,113.4,0.4,medium
66,Bhubaneswar-Zone2,12,51.8,32.7,113.7,0.425,high
66,Bhubaneswar-Zone2,13,128.9,34.8,95.1,0.565,high
66,Bhubaneswar-Zone2,14,48.1,34.4,114.6,0.571,medium
66,Bhubaneswar-Zone2,15,83.4,36.8,106.0,0.715,high
66,Bhubaneswar-Zone2,16,85.1,37.7,110.0,0.457,high
66,Bhubaneswar-Zone2,17,79.0,37.4,102.9,0.758,high
66,Bhubaneswar-Zone2,18,104.4,39.9,105.0,0.715,high
66,Bhubaneswar-Zone2,19,111.3,41.9,103.0,0.311,high
66,Bhubaneswar-Zone2,20,72.2,41.6,115.3,0.729,high
66,Bhubaneswar-Zone2,21,49.8,41.0,114.1,0.478,medium
66,Bhubaneswar-Zone2,22,74.5,40.8,103.9,0.639,high
66,Bhubaneswar-Zone2,23,135.2,42.9,108.3,0.696,high
66,Bhubaneswar-Zone2,24,142.8,45.0,110.1,0.623,high
66,Bhubaneswar-Zone2,25,213.2,44.1,96.4,0.6,low
66,Bhubaneswar-Zone2,26,244.8,41.9,89.4,0.629,high
66,Bhubaneswar-Zone2,27,229.8,42.9,94.4,0.463,high
66,Bhubaneswar-Zone2,28,257.8,43.2,89.7,0.571,high
66,Bhubaneswar-Zone2,29,279.6,42.9,86.7,0.629,high
66,Bhubaneswar-Zone2,30,323.3,39.3,86.4,0.525,high
66,Bhubaneswar-Zone2,31,349.4,41.3,75.7,0.714,high
66,Bhubaneswar-Zone2,32,343.1,39.3,87.0,0.579,high
66,Bhubaneswar-Zone2,33,339.2,37.7,72.0,0.74,high
66,Bhubaneswar-Zone2,34,333.2,38.6,85.4,0.76,high
66,Bhubaneswar-Zone2,35,359.8,35.4,79.1,0.453,high
66,Bhubaneswar-Zone2,36,362.9,35.0,81.6,0.633,high
66,Bhubaneswar-Zone2,37,299.2,34.3,85.6,0.613,high
66,Bhubaneswar-Zone2,38,297.3,31.5,112.0,0.556,high
66,Bhubaneswar-Zone2,39,298.5,33.3,172.7,0.596,high
66,Bhubaneswar-Zone2,40,306.6,31.3,161.4,0.867,high
66,Bhubaneswar-Zone2,41,250.9,30.8,175.1,0.648,high
66,Bhubaneswar-Zone2,42,222.5,32.6,174.1,0.667,high
66,Bhubaneswar-Zone2,43,240.7,28.6,180.7,0.582,high
66,Bhubaneswar-Zone2,44,170.7,25.8,181.1,0.635,high
66,Bhubaneswar-Zone2,45,115.2,27.1,179.3,0.515,high
66,Bhubaneswar-Zone2,46,103.4,24.2,181.1,0.669,high
66,Bhubaneswar-Zone2,47,123.4,26.9,181.4,0.735,high
66,Bhubaneswar-Zone2,48,92.9,23.7,190.6,0.677,high
66,Bhubaneswar-Zone2,49,71.1,23.2,195.3,0.524,high
66,Bhubaneswar-Zone2,50,89.6,23.4,189.3,0.5,high
66,Bhubaneswar-Zone2,51,31.0,23.1,195.4,0.828,medium
66,Bhubaneswar-Zone2,52,3.2,17.6,200.0,0.728,medium
67,Bhubaneswar-Zone2,0,108.4,21.1,189.9,0.733,high
67,Bhubaneswar-Zone2,1,66.7,23.3,193.3,0.808,high
67,Bhubaneswar-Zone2,2,91.1,21.0,196.0,0.658,high
67,Bhubaneswar-Zone2,3,88.0,23.2,190.6,0.731,high
67,Bhubaneswar-Zone2,4,72.7,23.2,136.9,0.778,high
67,Bhubaneswar-Zone2,5,70.9,23.7,114.6,0.632,high
67,Bhubaneswar-Zone2,6,57.1,25.3,117.9,0.706,high
67,Bhubaneswar-Zone2,7,97.0,27.2,108.0,0.766,high
67,Bhubaneswar-Zone2,8,46.4,29.7,118.6,0.56,medium
67,Bhubaneswar-Zone2,9,41.6,29.3,109.4,0.623,medium
67,Bhubaneswar-Zone2,10,89.7,31.0,125.9,0.763,high
67,Bhubaneswar-Zone2,11,48.2,31.0,113.4,0.681,high
67,Bhubaneswar-Zone2,12,51.8,32.7,113.7,0.667,high
67,Bhubaneswar-Zone2,13,128.9,34.8,95.1,0.452,high
67,Bhubaneswar-Zone2,14,48.1,34.4,114.6,0.64,medium
67,Bhubaneswar-Zone2,15,83.4,36.8,106.0,0.752,high
67,Bhubaneswar-Zone2,16,85.1,37.7,110.0,0.459,high
67,Bhubaneswar-Zone2,17,79.0,37.4,102.9,0.745,high
67,Bhubaneswar-Zone2,18,104.4,39.9,105.0,0.794,low
67,Bhubaneswar-Zone2,19,111.3,41.9,103.0,0.607,high
67,Bhubaneswar-Zone2,20,72.2,41.6,115.3,0.578,high
67,Bhubaneswar-Zone2,21,49.8,41.0,114.1,0.707,medium
67,Bhubaneswar-Zone2,22,74.5,40.8,103.9,0.529,medium
67,Bhubaneswar-Zone2,23,135.2,42.9,108.3,0.734,high
67,Bhubaneswar-Zone2,24,142.8,45.0,110.1,0.748,high
67,Bhubaneswar-Zone2,25,213.2,44.1,96.4,0.712,high
67,Bhubaneswar-Zone2,26,244.8,41.9,89.4,0.668,high
67,Bhubaneswar-Zone2,27,229.8,42.9,94.4,0.521,high
67,Bhubaneswar-Zone2,28,257.8,43.2,89.7,0.579,high
67,Bhubaneswar-Zone2,29,279.6,42.9,86.7,0.598,high
67,Bhubaneswar-Zone2,30,323.3,39.3,86.4,0.601,high
67,Bhubaneswar-Zone2,31,349.4,41.3,75.7,0.74,high
67,Bhubaneswar-Zone2,32,343.1,39.3,87.0,0.728,high
67,Bhubaneswar-Zone2,33,339.2,37.7,72.0,0.709,high
67,Bhubaneswar-Zone2,34,333.2,38.6,85.4,0.625,high
67,Bhubaneswar-Zone2,35,359.8,35.4,79.1,0.413,high
67,Bhubaneswar-Zone2,36,362.9,35.0,81.6,0.587,high
67,Bhubaneswar-Zone2,37,299.2,34.3,85.6,0.775,high
67,Bhubaneswar-Zone2,38,297.3,31.5,112.0,0.847,medium
67,Bhubaneswar-Zone2,39,298.5,33.3,172.7,0.643,high
67,Bhubaneswar-Zone2,40,306.6,31.3,161.4,0.824,high
67,Bhubaneswar-Zone2,41,250.9,30.8,175.1,0.647,high
67,Bhubaneswar-Zone2,42,222.5,32.6,174.1,0.712,high
67,Bhubaneswar-Zone2,43,240.7,28.6,180.7,0.623,high
67,Bhubaneswar-Zone2,44,170.7,25.8,181.1,0.665,high
67,Bhubaneswar-Zone2,45,115.2,27.1,179.3,0.705,high
67,Bhubaneswar-Zone2,46,103.4,24.2,181.1,0.514,high
67,Bhubaneswar-Zone2,47,123.4,26.9,181.4,0.59,high
67,Bhubaneswar-Zone2,48,92.9,23.7,190.6,0.766,high
67,Bhubaneswar-Zone2,49,71.1,23.2,195.3,0.791,high
67,Bhubaneswar-Zone2,50,89.6,23.4,189.3,0.61,high
67,Bhubaneswar-Zone2,51,31.0,23.1,195.4,0.714,medium
67,Bhubaneswar-Zone2,52,3.2,17.6,200.0,0.758,low
68,Rourkela-Zone1,0,12.7,20.9,190.6,0.688,medium
68,Rourkela-Zone1,1,24.9,24.0,193.9,0.702,medium
68,Rourkela-Zone1,2,6.9,24.0,196.0,0.503,medium
68,Rourkela-Zone1,3,44.1,25.1,186.7,0.842,medium
68,Rourkela-Zone1,4,25.7,23.1,141.1,0.646,medium
68,Rourkela-Zone1,5,45.3,27.0,116.6,0.724,medium
68,Rourkela-Zone1,6,0.0,24.7,122.1,0.874,low
68,Rourkela-Zone1,7,13.6,28.2,101.6,0.869,low
68,Rourkela-Zone1,8,7.1,26.4,113.0,0.941,low
68,Rourkela-Zone1,9,42.5,29.2,118.1,0.978,medium
68,Rourkela-Zone1,10,4.4,32.2,114.0,1.0,low
68,Rourkela-Zone1,11,21.1,29.6,108.3,0.753,medium
68,Rourkela-Zone1,12,12.7,32.3,114.6,0.73,high
68,Rourkela-Zone1,13,30.3,35.3,104.7,0.828,medium
68,Rourkela-Zone1,14,11.6,36.0,119.1,0.791,low
68,Rourkela-Zone1,15,0.0,34.6,119.1,0.793,low
68,Rourkela-Zone1,16,8.5,36.6,116.0,0.636,low
68,Rourkela-Zone1,17,2.9,37.9,125.0,0.632,low
68,Rourkela-Zone1,18,19.5,39.1,114.0,0.968,medium
68,Rourkela-Zone1,19,16.4,41.1,111.6,0.875,medium
68,Rourkela-Zone1,20,59.8,40.2,117.1,0.655,high
68,Rourkela-Zone1,21,36.3,41.2,110.7,0.839,medium
68,Rourkela-Zone1,22,21.3,42.3,109.7,0.732,medium
68,Rourkela-Zone1,23,88.1,42.9,109.4,0.764,high
68,Rourkela-Zone1,24,118.1,43.9,107.7,0.879,high
68,Rourkela-Zone1,25,149.8,44.2,108.3,0.785,high
68,Rourkela-Zone1,26,149.3,42.9,99.3,0.734,high
68,Rourkela-Zone1,27,175.4,44.7,100.0,0.962,high
68,Rourkela-Zone1,28,191.7,40.9,96.9,0.713,high
68,Rourkela-Zone1,29,211.7,41.6,103.4,0.844,high
68,Rourkela-Zone1,30,223.5,41.2,94.6,0.769,high
68,Rourkela-Zone1,31,270.0,41.9,88.4,0.833,high
68,Rourkela-Zone1,32,262.3,41.3,93.0,0.865,high
68,Rourkela-Zone1,33,289.2,40.8,84.9,0.949,high
68,Rourkela-Zone1,34,271.3,38.8,90.9,0.751,high
68,Rourkela-Zone1,35,261.5,36.1,95.7,0.764,high
68,Rourkela-Zone1,36,265.7,34.2,99.6,0.818,high
68,Rourkela-Zone1,37,245.6,34.5,96.6,0.865,low
68,Rourkela-Zone1,38,252.5,34.9,100.7,0.795,high
68,Rourkela-Zone1,39,202.9,31.1,174.0,0.816,high
68,Rourkela-Zone1,40,262.6,29.5,162.4,0.722,high
68,Rourkela-Zone1,41,179.5,28.6,172.4,0.687,high
68,Rourkela-Zone1,42,143.8,27.3,183.1,0.811,medium
68,Rourkela-Zone1,43,129.1,29.7,188.0,0.789,high
68,Rourkela-Zone1,44,104.7,25.8,177.6,0.849,high
68,Rourkela-Zone1,45,34.6,25.1,195.7,0.923,high
68,Rourkela-Zone1,46,27.1,26.8,203.0,0.879,medium
68,Rourkela-Zone1,47,19.4,24.2,203.7,0.779,medium
68,Rourkela-Zone1,48,4.4,22.9,196.4,0.518,medium
68,Rourkela-Zone1,49,16.7,23.5,195.4,0.67,medium
68,Rourkela-Zone1,50,18.1,22.1,190.4,0.675,low
68,Rourkela-Zone1,51,19.9,26.5,201.4,0.703,medium
68,Rourkela-Zone1,52,0.0,16.7,201.0,0.745,medium
69,Rourkela-Zone1,0,12.7,20.9,190.6,1.0,medium
69,Rourkela-Zone1,1,24.9,24.0,193.9,0.868,medium
69,Rourkela-Zone1,2,6.9,24.0,196.0,0.85,medium
69,Rourkela-Zone1,3,44.1,25.1,186.7,0.74,medium
69,Rourkela-Zone1,4,25.7,23.1,141.1,0.787,medium
69,Rourkela-Zone1,5,45.3,27.0,116.6,0.667,medium
69,Rourkela-Zone1,6,0.0,24.7,122.1,0.875,high
69,Rourkela-Zone1,7,13.6,28.2,101.6,0.918,low
69,Rourkela-Zone1,8,7.1,26.4,113.0,0.901,low
69,Rourkela-Zone1,9,42.5,29.2,118.1,0.973,medium
69,Rourkela-Zone1,10,4.4,32.2,114.0,0.775,low
69,Rourkela-Zone1,11,21.1,29.6,108.3,0.783,medium
69,Rourkela-Zone1,12,12.7,32.3,114.6,0.717,low
69,Rourkela-Zone1,13,30.3,35.3,104.7,0.957,medium
69,Rourkela-Zone1,14,11.6,36.0,119.1,0.648,low
69,Rourkela-Zone1,15,0.0,34.6,119.1,0.842,low
69,Rourkela-Zone1,16,8.5,36.6,116.0,0.828,low
69,Rourkela-Zone1,17,2.9,37.9,125.0,0.751,low
69,Rourkela-Zone1,18,19.5,39.1,114.0,0.739,medium
69,Rourkela-Zone1,19,16.4,41.1,111.6,0.771,high
69,Rourkela-Zone1,20,59.8,40.2,117.1,0.75,low
69,Rourkela-Zone1,21,36.3,41.2,110.7,0.847,medium
69,Rourkela-Zone1,22,21.3,42.3,109.7,0.74,medium
69,Rourkela-Zone1,23,88.1,42.9,109.4,0.856,low
69,Rourkela-Zone1,24,118.1,43.9,107.7,0.882,high
69,Rourkela-Zone1,25,149.8,44.2,108.3,0.737,high
69,Rourkela-Zone1,26,149.3,42.9,99.3,1.0,high
69,Rourkela-Zone1,27,175.4,44.7,100.0,0.721,high
69,Rourkela-Zone1,28,191.7,40.9,96.9,0.807,high
69,Rourkela-Zone1,29,211.7,41.6,103.4,0.875,high
69,Rourkela-Zone1,30,223.5,41.2,94.6,0.919,medium
69,Rourkela-Zone1,31,270.0,41.9,88.4,0.76,high
69,Rourkela-Zone1,32,262.3,41.3,93.0,0.804,high
69,Rourkela-Zone1,33,289.2,40.8,84.9,0.838,high
69,Rourkela-Zone1,34,271.3,38.8,90.9,0.838,high
69,Rourkela-Zone1,35,261.5,36.1,95.7,0.742,high
69,Rourkela-Zone1,36,265.7,34.2,99.6,0.483,high
69,Rourkela-Zone1,37,245.6,34.5,96.6,0.749,high
69,Rourkela-Zone1,38,252.5,34.9,100.7,0.689,high
69,Rourkela-Zone1,39,202.9,31.1,174.0,0.959,high
69,Rourkela-Zone1,40,262.6,29.5,162.4,0.804,high
69,Rourkela-Zone1,41,179.5,28.6,172.4,0.771,high
69,Rourkela-Zone1,42,143.8,27.3,183.1,0.826,high
69,Rourkela-Zone1,43,129.1,29.7,188.0,0.928,high
69,Rourkela-Zone1,44,104.7,25.8,177.6,0.808,low
69,Rourkela-Zone1,45,34.6,25.1,195.7,0.661,medium
69,Rourkela-Zone1,46,27.1,26.8,203.0,0.832,medium
69,Rourkela-Zone1,47,19.4,24.2,203.7,0.792,medium
69,Rourkela-Zone1,48,4.4,22.9,196.4,1.0,medium
69,Rourkela-Zone1,49,16.7,23.5,195.4,0.925,medium
69,Rourkela-Zone1,50,18.1,22.1,190.4,0.589,medium
69,Rourkela-Zone1,51,19.9,26.5,201.4,0.734,medium
69,Rourkela-Zone1,52,0.0,16.7,201.0,0.781,low
70,Bhubaneswar-Zone1,0,49.0,21.8,193.4,0.916,medium
70,Bhubaneswar-Zone1,1,77.8,23.1,182.0,0.786,low
70,Bhubaneswar-Zone1,2,27.0,23.8,197.1,0.899,medium
70,Bhubaneswar-Zone1,3,32.5,23.1,193.3,0.916,medium
70,Bhubaneswar-Zone1,4,67.9,25.4,131.0,0.894,high
70,Bhubaneswar-Zone1,5,37.2,24.4,116.6,0.723,medium
70,Bhubaneswar-Zone1,6,45.8,26.3,107.7,0.791,medium
70,Bhubaneswar-Zone1,7,109.5,27.1,101.0,0.834,high
70,Bhubaneswar-Zone1,8,26.4,27.9,123.0,0.904,medium
70,Bhubaneswar-Zone1,9,61.9,27.4,112.9,0.888,high
70,Bhubaneswar-Zone1,10,59.1,31.8,121.6,0.968,high
70,Bhubaneswar-Zone1,11,32.6,31.7,106.6,0.896,medium
70,Bhubaneswar-Zone1,12,48.3,31.4,115.1,0.925,medium
70,Bhubaneswar-Zone1,13,55.6,33.5,107.3,0.689,high
70,Bhubaneswar-Zone1,14,37.3,32.8,121.4,1.0,medium
70,Bhubaneswar-Zone1,15,24.6,36.4,111.0,0.921,medium
70,Bhubaneswar-Zone1,16,91.3,37.6,114.3,0.891,high
70,Bhubaneswar-Zone1,17,48.1,39.2,118.1,0.71,medium
70,Bhubaneswar-Zone1,18,42.5,39.3,118.9,1.0,medium
70,Bhubaneswar-Zone1,19,77.0,39.9,110.1,0.869,high
70,Bhubaneswar-Zone1,20,47.5,40.4,112.1,0.979,medium
70,Bhubaneswar-Zone1,21,40.6,40.8,113.6,0.832,medium
70,Bhubaneswar-Zone1,22,106.5,43.3,98.6,0.869,high
70,Bhubaneswar-Zone1,23,108.8,39.8,95.1,0.733,high
70,Bhubaneswar-Zone1,24,131.7,42.3,109.6,0.948,medium
70,Bhubaneswar-Zone1,25,172.0,44.7,95.6,0.867,high
70,Bhubaneswar-Zone1,26,233.2,43.0,91.6,0.997,high
70,Bhubaneswar-Zone1,27,239.5,39.7,100.0,0.998,high
70,Bhubaneswar-Zone1,28,277.5,41.6,82.4,0.642,high
70,Bhubaneswar-Zone1,29,266.7,44.0,80.0,0.814,high
70,Bhubaneswar-Zone1,30,288.9,41.6,86.7,0.766,high
70,Bhubaneswar-Zone1,31,315.4,37.7,94.3,0.683,high
70,Bhubaneswar-Zone1,32,347.5,38.7,80.1,0.878,high
70,Bhubaneswar-Zone1,33,310.4,40.2,84.4,0.963,high
70,Bhubaneswar-Zone1,34,360.4,35.9,81.1,0.785,high
70,Bhubaneswar-Zone1,35,379.1,39.7,78.3,0.688,high
70,Bhubaneswar-Zone1,36,336.6,37.5,77.7,0.793,high
70,Bhubaneswar-Zone1,37,342.3,34.8,76.1,0.865,high
70,Bhubaneswar-Zone1,38,316.9,32.3,111.4,0.858,high
70,Bhubaneswar-Zone1,39,305.7,31.8,166.1,0.883,high
70,Bhubaneswar-Zone1,40,248.4,30.8,169.3,0.923,high
70,Bhubaneswar-Zone1,41,221.0,28.0,179.9,0.88,high
70,Bhubaneswar-Zone1,42,190.3,28.7,179.9,0.969,high
70,Bhubaneswar-Zone1,43,201.3,28.2,167.6,0.787,high
70,Bhubaneswar-Zone1,44,162.7,26.5,180.9,0.854,high
70,Bhubaneswar-Zone1,45,104.4,24.5,193.9,0.94,high
70,Bhubaneswar-Zone1,46,101.0,27.6,195.9,0.91,high
70,Bhubaneswar-Zone1,47,24.5,25.1,193.1,1.0,medium
70,Bhubaneswar-Zone1,48,43.1,26.0,193.1,0.791,medium
70,Bhubaneswar-Zone1,49,36.6,22.9,204.1,0.942,medium
70,Bhubaneswar-Zone1,50,40.1,21.7,205.1,0.818,medium
70,Bhubaneswar-Zone1,51,59.8,22.2,197.9,0.808,high
70,Bhubaneswar-Zone1,52,22.7,20.0,193.0,0.99,medium
71,Puri-Zone1,0,125.9,22.3,186.0,0.658,high
71,Puri-Zone1,1,116.2,22.7,185.0,0.687,high
71,Puri-Zone1,2,77.3,23.1,189.1,0.605,high
71,Puri-Zone1,3,144.2,24.7,182.0,0.61,high
71,Puri-Zone1,4,104.0,23.6,137.7,0.509,high
71,Puri-Zone1,5,75.6,24.8,105.9,0.679,high
71,Puri-Zone1,6,77.2,25.1,109.7,0.557,high
71,Puri-Zone1,7,81.9,25.9,100.3,0.647,high
71,Puri-Zone1,8,105.0,27.3,110.9,0.749,high
71,Puri-Zone1,9,117.3,26.6,105.0,0.484,high
71,Puri-Zone1,10,105.1,29.5,106.1,0.96,high
71,Puri-Zone1,11,92.2,31.1,109.7,0.585,high
71,Puri-Zone1,12,104.3,33.4,109.0,0.649,high
71,Puri-Zone1,13,69.9,32.5,108.0,0.687,high
71,Puri-Zone1,14,132.9,34.1,110.4,0.582,high
71,Puri-Zone1,15,100.4,36.5,110.0,0.614,high
71,Puri-Zone1,16,72.5,36.9,111.0,0.773,high
71,Puri-Zone1,17,94.5,37.0,95.1,0.736,high
71,Puri-Zone1,18,118.3,37.5,115.7,0.636,high
71,Puri-Zone1,19,114.9,40.1,103.0,0.661,high
71,Puri-Zone1,20,113.4,42.0,109.1,0.675,high
71,Puri-Zone1,21,66.8,41.2,111.9,0.717,high
71,Puri-Zone1,22,168.6,42.4,94.4,0.724,high
71,Puri-Zone1,23,169.2,41.7,96.7,0.721,high
71,Puri-Zone1,24,223.9,41.5,88.4,0.62,high
71,Puri-Zone1,25,238.0,42.9,88.3,0.672,high
71,Puri-Zone1,26,282.3,43.3,92.1,0.761,high
71,Puri-Zone1,27,270.7,41.6,90.7,0.881,high
71,Puri-Zone1,28,286.8,41.9,83.1,0.669,high
71,Puri-Zone1,29,340.7,40.4,88.9,0.607,high
71,Puri-Zone1,30,335.2,42.2,81.0,0.581,high
71,Puri-Zone1,31,385.5,40.3,84.7,0.722,high
71,Puri-Zone1,32,385.3,40.4,81.3,0.505,high
71,Puri-Zone1,33,344.1,40.2,81.4,0.723,high
71,Puri-Zone1,34,373.5,39.4,77.7,0.725,high
71,Puri-Zone1,35,389.2,37.7,64.0,0.61,high
71,Puri-Zone1,36,358.5,35.0,76.6,0.685,high
71,Puri-Zone1,37,354.0,35.9,92.4,0.639,high
71,Puri-Zone1,38,315.8,36.3,103.7,0.528,high
71,Puri-Zone1,39,351.5,35.2,150.6,0.715,high
71,Puri-Zone1,40,291.4,33.1,171.6,0.706,high
71,Puri-Zone1,41,285.5,31.7,169.0,0.618,high
71,Puri-Zone1,42,247.4,27.8,169.7,0.879,high
71,Puri-Zone1,43,246.9,27.8,159.6,0.661,high
71,Puri-Zone1,44,197.4,26.4,181.7,0.476,high
71,Puri-Zone1,45,159.8,23.8,182.3,0.766,high
71,Puri-Zone1,46,101.3,24.8,181.4,0.74,high
71,Puri-Zone1,47,113.6,24.7,191.0,0.752,high
71,Puri-Zone1,48,105.8,24.6,174.6,0.562,high
71,Puri-Zone1,49,69.5,24.6,191.0,0.682,high
71,Puri-Zone1,50,75.1,24.2,196.6,0.66,high
71,Puri-Zone1,51,109.4,21.1,192.7,0.643,high
71,Puri-Zone1,52,13.9,21.5,190.0,0.795,medium
72,Puri-Zone1,0,125.9,22.3,186.0,0.627,high
72,Puri-Zone1,1,116.2,22.7,185.0,0.585,high
72,Puri-Zone1,2,77.3,23.1,189.1,0.584,high
72,Puri-Zone1,3,144.2,24.7,182.0,0.519,high
72,Puri-Zone1,4,104.0,23.6,137.7,0.636,high
72,Puri-Zone1,5,75.6,24.8,105.9,0.768,high
72,Puri-Zone1,6,77.2,25.1,109.7,0.593,high
72,Puri-Zone1,7,81.9,25.9,100.3,0.652,high
72,Puri-Zone1,8,105.0,27.3,110.9,0.606,high
72,Puri-Zone1,9,117.3,26.6,105.0,0.616,high
72,Puri-Zone1,10,105.1,29.5,106.1,0.709,high
72,Puri-Zone1,11,92.2,31.1,109.7,0.518,high
72,Puri-Zone1,12,104.3,33.4,109.0,0.477,high
72,Puri-Zone1,13,69.9,32.5,108.0,0.731,low
72,Puri-Zone1,14,132.9,34.1,110.4,0.524,high
72,Puri-Zone1,15,100.4,36.5,110.0,0.734,high
72,Puri-Zone1,16,72.5,36.9,111.0,0.857,high
72,Puri-Zone1,17,94.5,37.0,95.1,0.539,high
72,Puri-Zone1,18,118.3,37.5,115.7,0.63,low
72,Puri-Zone1,19,114.9,40.1,103.0,0.551,high
72,Puri-Zone1,20,113.4,42.0,109.1,0.706,high
72,Puri-Zone1,21,66.8,41.2,111.9,0.331,high
72,Puri-Zone1,22,168.6,42.4,94.4,0.64,high
72,Puri-Zone1,23,169.2,41.7,96.7,0.522,high
72,Puri-Zone1,24,223.9,41.5,88.4,0.616,high
72,Puri-Zone1,25,238.0,42.9,88.3,0.846,high
72,Puri-Zone1,26,282.3,43.3,92.1,0.713,high
72,Puri-Zone1,27,270.7,41.6,90.7,0.728,high
72,Puri-Zone1,28,286.8,41.9,83.1,0.606,high
72,Puri-Zone1,29,340.7,40.4,88.9,0.728,high
72,Puri-Zone1,30,335.2,42.2,81.0,0.553,high
72,Puri-Zone1,31,385.5,40.3,84.7,0.639,low
72,Puri-Zone1,32,385.3,40.4,81.3,0.737,high
72,Puri-Zone1,33,344.1,40.2,81.4,0.648,high
72,Puri-Zone1,34,373.5,39.4,77.7,0.564,medium
72,Puri-Zone1,35,389.2,37.7,64.0,0.734,high
72,Puri-Zone1,36,358.5,35.0,76.6,0.528,high
72,Puri-Zone1,37,354.0,35.9,92.4,0.62,high
72,Puri-Zone1,38,315.8,36.3,103.7,0.653,high
72,Puri-Zone1,39,351.5,35.2,150.6,0.644,high
72,Puri-Zone1,40,291.4,33.1,171.6,0.584,high
72,Puri-Zone1,41,285.5,31.7,169.0,0.699,high
72,Puri-Zone1,42,247.4,27.8,169.7,0.769,high
72,Puri-Zone1,43,246.9,27.8,159.6,0.438,high
72,Puri-Zone1,44,197.4,26.4,181.7,0.528,high
72,Puri-Zone1,45,159.8,23.8,182.3,0.627,high
72,Puri-Zone1,46,101.3,24.8,181.4,0.704,high
72,Puri-Zone1,47,113.6,24.7,191.0,0.671,high
72,Puri-Zone1,48,105.8,24.6,174.6,0.801,high
72,Puri-Zone1,49,69.5,24.6,191.0,0.747,high
72,Puri-Zone1,50,75.1,24.2,196.6,0.697,high
72,Puri-Zone1,51,109.4,21.1,192.7,0.599,high
72,Puri-Zone1,52,13.9,21.5,190.0,0.591,medium
73,Bhubaneswar-Zone2,0,108.4,21.1,189.9,0.921,high
73,Bhubaneswar-Zone2,1,66.7,23.3,193.3,0.94,high
73,Bhubaneswar-Zone2,2,91.1,21.0,196.0,1.0,medium
73,Bhubaneswar-Zone2,3,88.0,23.2,190.6,0.842,high
73,Bhubaneswar-Zone2,4,72.7,23.2,136.9,0.769,high
73,Bhubaneswar-Zone2,5,70.9,23.7,114.6,0.973,high
73,Bhubaneswar-Zone2,6,57.1,25.3,117.9,0.916,medium
73,Bhubaneswar-Zone2,7,97.0,27.2,108.0,1.0,high
73,Bhubaneswar-Zone2,8,46.4,29.7,118.6,0.896,medium
73,Bhubaneswar-Zone2,9,41.6,29.3,109.4,0.744,medium
73,Bhubaneswar-Zone2,10,89.7,31.0,125.9,0.741,high
73,Bhubaneswar-Zone2,11,48.2,31.0,113.4,0.668,medium
73,Bhubaneswar-Zone2,12,51.8,32.7,113.7,0.756,high
73,Bhubaneswar-Zone2,13,128.9,34.8,95.1,0.857,high
73,Bhubaneswar-Zone2,14,48.1,34.4,114.6,0.838,medium
73,Bhubaneswar-Zone2,15,83.4,36.8,106.0,0.761,high
73,Bhubaneswar-Zone2,16,85.1,37.7,110.0,0.708,high
73,Bhubaneswar-Zone2,17,79.0,37.4,102.9,0.782,high
73,Bhubaneswar-Zone2,18,104.4,39.9,105.0,0.779,high
73,Bhubaneswar-Zone2,19,111.3,41.9,103.0,0.881,high
73,Bhubaneswar-Zone2,20,72.2,41.6,115.3,0.823,high
73,Bhubaneswar-Zone2,21,49.8,41.0,114.1,0.809,medium
73,Bhubaneswar-Zone2,22,74.5,40.8,103.9,0.924,high
73,Bhubaneswar-Zone2,23,135.2,42.9,108.3,0.963,high
73,Bhubaneswar-Zone2,24,142.8,45.0,110.1,0.837,high
73,Bhubaneswar-Zone2,25,213.2,44.1,96.4,0.84,high
73,Bhubaneswar-Zone2,26,244.8,41.9,89.4,0.788,high
73,Bhubaneswar-Zone2,27,229.8,42.9,94.4,0.716,high
73,Bhubaneswar-Zone2,28,257.8,43.2,89.7,0.89,high
73,Bhubaneswar-Zone2,29,279.6,42.9,86.7,0.868,high
73,Bhubaneswar-Zone2,30,323.3,39.3,86.4,0.796,low
73,Bhubaneswar-Zone2,31,349.4,41.3,75.7,0.555,high
73,Bhubaneswar-Zone2,32,343.1,39.3,87.0,0.623,high
73,Bhubaneswar-Zone2,33,339.2,37.7,72.0,0.659,high
73,Bhubaneswar-Zone2,34,333.2,38.6,85.4,0.693,high
73,Bhubaneswar-Zone2,35,359.8,35.4,79.1,0.679,high
73,Bhubaneswar-Zone2,36,362.9,35.0,81.6,0.838,high
73,Bhubaneswar-Zone2,37,299.2,34.3,85.6,0.876,high
73,Bhubaneswar-Zone2,38,297.3,31.5,112.0,0.852,high
73,Bhubaneswar-Zone2,39,298.5,33.3,172.7,0.985,high
73,Bhubaneswar-Zone2,40,306.6,31.3,161.4,0.811,high
73,Bhubaneswar-Zone2,41,250.9,30.8,175.1,0.779,high
73,Bhubaneswar-Zone2,42,222.5,32.6,174.1,0.788,high
73,Bhubaneswar-Zone2,43,240.7,28.6,180.7,0.887,high
73,Bhubaneswar-Zone2,44,170.7,25.8,181.1,0.707,high
73,Bhubaneswar-Zone2,45,115.2,27.1,179.3,0.976,high
73,Bhubaneswar-Zone2,46,103.4,24.2,181.1,0.746,high
73,Bhubaneswar-Zone2,47,123.4,26.9,181.4,0.78,high
73,Bhubaneswar-Zone2,48,92.9,23.7,190.6,0.804,high
73,Bhubaneswar-Zone2,49,71.1,23.2,195.3,0.666,high
73,Bhubaneswar-Zone2,50,89.6,23.4,189.3,0.745,high
73,Bhubaneswar-Zone2,51,31.0,23.1,195.4,0.767,medium
73,Bhubaneswar-Zone2,52,3.2,17.6,200.0,0.755,medium
74,Puri-Zone1,0,125.9,22.3,186.0,0.89,high
74,Puri-Zone1,1,116.2,22.7,185.0,0.988,high
74,Puri-Zone1,2,77.3,23.1,189.1,0.968,high
74,Puri-Zone1,3,144.2,24.7,182.0,0.864,high
74,Puri-Zone1,4,104.0,23.6,137.7,0.87,high
74,Puri-Zone1,5,75.6,24.8,105.9,0.982,high
74,Puri-Zone1,6,77.2,25.1,109.7,0.86,medium
74,Puri-Zone1,7,81.9,25.9,100.3,0.886,high
74,Puri-Zone1,8,105.0,27.3,110.9,0.954,high
74,Puri-Zone1,9,117.3,26.6,105.0,0.791,high
74,Puri-Zone1,10,105.1,29.5,106.1,0.787,high
74,Puri-Zone1,11,92.2,31.1,109.7,0.815,high
74,Puri-Zone1,12,104.3,33.4,109.0,0.809,high
74,Puri-Zone1,13,69.9,32.5,108.0,1.0,high
74,Puri-Zone1,14,132.9,34.1,110.4,0.79,high
74,Puri-Zone1,15,100.4,36.5,110.0,1.0,high
74,Puri-Zone1,16,72.5,36.9,111.0,0.795,high
74,Puri-Zone1,17,94.5,37.0,95.1,0.941,high
74,Puri-Zone1,18,118.3,37.5,115.7,0.878,high
74,Puri-Zone1,19,114.9,40.1,103.0,1.0,high
74,Puri-Zone1,20,113.4,42.0,109.1,1.0,high
74,Puri-Zone1,21,66.8,41.2,111.9,0.97,high
74,Puri-Zone1,22,168.6,42.4,94.4,0.944,high
74,Puri-Zone1,23,169.2,41.7,96.7,0.921,high
74,Puri-Zone1,24,223.9,41.5,88.4,0.852,high
74,Puri-Zone1,25,238.0,42.9,88.3,0.991,high
74,Puri-Zone1,26,282.3,43.3,92.1,0.871,high
74,Puri-Zone1,27,270.7,41.6,90.7,1.0,low
74,Puri-Zone1,28,286.8,41.9,83.1,0.864,high
74,Puri-Zone1,29,340.7,40.4,88.9,0.861,high
74,Puri-Zone1,30,335.2,42.2,81.0,0.949,high
74,Puri-Zone1,31,385.5,40.3,84.7,0.954,high
74,Puri-Zone1,32,385.3,40.4,81.3,1.0,high
74,Puri-Zone1,33,344.1,40.2,81.4,0.865,high
74,Puri-Zone1,34,373.5,39.4,77.7,0.949,high
74,Puri-Zone1,35,389.2,37.7,64.0,1.0,high
74,Puri-Zone1,36,358.5,35.0,76.6,0.905,high
74,Puri-Zone1,37,354.0,35.9,92.4,0.972,low
74,Puri-Zone1,38,315.8,36.3,103.7,0.952,high
74,Puri-Zone1,39,351.5,35.2,150.6,1.0,high
74,Puri-Zone1,40,291.4,33.1,171.6,1.0,high
74,Puri-Zone1,41,285.5,31.7,169.0,1.0,high
74,Puri-Zone1,42,247.4,27.8,169.7,1.0,high
74,Puri-Zone1,43,246.9,27.8,159.6,1.0,high
74,Puri-Zone1,44,197.4,26.4,181.7,0.961,high
74,Puri-Zone1,45,159.8,23.8,182.3,1.0,high
74,Puri-Zone1,46,101.3,24.8,181.4,1.0,high
74,Puri-Zone1,47,113.6,24.7,191.0,0.89,high
74,Puri-Zone1,48,105.8,24.6,174.6,0.901,high
74,Puri-Zone1,49,69.5,24.6,191.0,0.981,high
74,Puri-Zone1,50,75.1,24.2,196.6,1.0,high
74,Puri-Zone1,51,109.4,21.1,192.7,0.967,high
74,Puri-Zone1,52,13.9,21.5,190.0,0.925,medium
75,Bhubaneswar-Zone2,0,108.4,21.1,189.9,0.689,high
75,Bhubaneswar-Zone2,1,66.7,23.3,193.3,0.978,high
75,Bhubaneswar-Zone2,2,91.1,21.0,196.0,1.0,high
75,Bhubaneswar-Zone2,3,88.0,23.2,190.6,0.974,high
75,Bhubaneswar-Zone2,4,72.7,23.2,136.9,1.0,high
75,Bhubaneswar-Zone2,5,70.9,23.7,114.6,0.999,high
75,Bhubaneswar-Zone2,6,57.1,25.3,117.9,1.0,high
75,Bhubaneswar-Zone2,7,97.0,27.2,108.0,1.0,high
75,Bhubaneswar-Zone2,8,46.4,29.7,118.6,0.959,medium
75,Bhubaneswar-Zone2,9,41.6,29.3,109.4,0.995,medium
75,Bhubaneswar-Zone2,10,89.7,31.0,125.9,1.0,high
75,Bhubaneswar-Zone2,11,48.2,31.0,113.4,0.968,medium
75,Bhubaneswar-Zone2,12,51.8,32.7,113.7,0.901,high
75,Bhubaneswar-Zone2,13,128.9,34.8,95.1,0.901,high
75,Bhubaneswar-Zone2,14,48.1,34.4,114.6,1.0,medium
75,Bhubaneswar-Zone2,15,83.4,36.8,106.0,0.993,high
75,Bhubaneswar-Zone2,16,85.1,37.7,110.0,0.939,high
75,Bhubaneswar-Zone2,17,79.0,37.4,102.9,0.893,high
75,Bhubaneswar-Zone2,18,104.4,39.9,105.0,0.937,high
75,Bhubaneswar-Zone2,19,111.3,41.9,103.0,0.984,high
75,Bhubaneswar-Zone2,20,72.2,41.6,115.3,1.0,high
75,Bhubaneswar-Zone2,21,49.8,41.0,114.1,0.806,medium
75,Bhubaneswar-Zone2,22,74.5,40.8,103.9,1.0,high
75,Bhubaneswar-Zone2,23,135.2,42.9,108.3,1.0,high
75,Bhubaneswar-Zone2,24,142.8,45.0,110.1,0.754,high
75,Bhubaneswar-Zone2,25,213.2,44.1,96.4,0.898,high
75,Bhubaneswar-Zone2,26,244.8,41.9,89.4,0.947,high
75,Bhubaneswar-Zone2,27,229.8,42.9,94.4,1.0,low
75,Bhubaneswar-Zone2,28,257.8,43.2,89.7,0.982,high
75,Bhubaneswar-Zone2,29,279.6,42.9,86.7,1.0,high
75,Bhubaneswar-Zone2,30,323.3,39.3,86.4,0.81,medium
75,Bhubaneswar-Zone2,31,349.4,41.3,75.7,0.93,high
75,Bhubaneswar-Zone2,32,343.1,39.3,87.0,0.892,high
75,Bhubaneswar-Zone2,33,339.2,37.7,72.0,1.0,high
75,Bhubaneswar-Zone2,34,333.2,38.6,85.4,1.0,high
75,Bhubaneswar-Zone2,35,359.8,35.4,79.1,0.717,high
75,Bhubaneswar-Zone2,36,362.9,35.0,81.6,0.891,high
75,Bhubaneswar-Zone2,37,299.2,34.3,85.6,0.99,high
75,Bhubaneswar-Zone2,38,297.3,31.5,112.0,0.951,medium
75,Bhubaneswar-Zone2,39,298.5,33.3,172.7,0.916,high
75,Bhubaneswar-Zone2,40,306.6,31.3,161.4,1.0,high
75,Bhubaneswar-Zone2,41,250.9,30.8,175.1,0.967,high
75,Bhubaneswar-Zone2,42,222.5,32.6,174.1,0.94,high
75,Bhubaneswar-Zone2,43,240.7,28.6,180.7,0.892,high
75,Bhubaneswar-Zone2,44,170.7,25.8,181.1,0.884,high
75,Bhubaneswar-Zone2,45,115.2,27.1,179.3,0.932,high
75,Bhubaneswar-Zone2,46,103.4,24.2,181.1,1.0,high
75,Bhubaneswar-Zone2,47,123.4,26.9,181.4,0.973,high
75,Bhubaneswar-Zone2,48,92.9,23.7,190.6,0.949,high
75,Bhubaneswar-Zone2,49,71.1,23.2,195.3,0.854,high
75,Bhubaneswar-Zone2,50,89.6,23.4,189.3,0.841,high
75,Bhubaneswar-Zone2,51,31.0,23.1,195.4,0.84,medium
75,Bhubaneswar-Zone2,52,3.2,17.6,200.0,0.888,medium
76,Bhubaneswar-Zone1,0,49.0,21.8,193.4,1.0,medium
76,Bhubaneswar-Zone1,1,77.8,23.1,182.0,0.887,high
76,Bhubaneswar-Zone1,2,27.0,23.8,197.1,0.965,medium
76,Bhubaneswar-Zone1,3,32.5,23.1,193.3,0.948,medium
76,Bhubaneswar-Zone1,4,67.9,25.4,131.0,0.946,high
76,Bhubaneswar-Zone1,5,37.2,24.4,116.6,0.872,medium
76,Bhubaneswar-Zone1,6,45.8,26.3,107.7,0.806,medium
76,Bhubaneswar-Zone1,7,109.5,27.1,101.0,0.89,medium
76,Bhubaneswar-Zone1,8,26.4,27.9,123.0,0.927,medium
76,Bhubaneswar-Zone1,9,61.9,27.4,112.9,0.933,high
76,Bhubaneswar-Zone1,10,59.1,31.8,121.6,1.0,high
76,Bhubaneswar-Zone1,11,32.6,31.7,106.6,1.0,medium
76,Bhubaneswar-Zone1,12,48.3,31.4,115.1,0.822,high
76,Bhubaneswar-Zone1,13,55.6,33.5,107.3,0.851,high
76,Bhubaneswar-Zone1,14,37.3,32.8,121.4,0.998,low
76,Bhubaneswar-Zone1,15,24.6,36.4,111.0,0.857,medium
76,Bhubaneswar-Zone1,16,91.3,37.6,114.3,1.0,high
76,Bhubaneswar-Zone1,17,48.1,39.2,118.1,0.953,medium
76,Bhubaneswar-Zone1,18,42.5,39.3,118.9,1.0,medium
76,Bhubaneswar-Zone1,19,77.0,39.9,110.1,0.925,high
76,Bhubaneswar-Zone1,20,47.5,40.4,112.1,0.959,medium
76,Bhubaneswar-Zone1,21,40.6,40.8,113.6,1.0,medium
76,Bhubaneswar-Zone1,22,106.5,43.3,98.6,0.9,high
76,Bhubaneswar-Zone1,23,108.8,39.8,95.1,0.889,high
76,Bhubaneswar-Zone1,24,131.7,42.3,109.6,1.0,high
76,Bhubaneswar-Zone1,25,172.0,44.7,95.6,0.91,high
76,Bhubaneswar-Zone1,26,233.2,43.0,91.6,0.866,high
76,Bhubaneswar-Zone1,27,239.5,39.7,100.0,0.941,low
76,Bhubaneswar-Zone1,28,277.5,41.6,82.4,0.83,high
76,Bhubaneswar-Zone1,29,266.7,44.0,80.0,0.913,high
76,Bhubaneswar-Zone1,30,288.9,41.6,86.7,0.84,high
76,Bhubaneswar-Zone1,31,315.4,37.7,94.3,0.904,high
76,Bhubaneswar-Zone1,32,347.5,38.7,80.1,0.971,medium
76,Bhubaneswar-Zone1,33,310.4,40.2,84.4,1.0,high
76,Bhubaneswar-Zone1,34,360.4,35.9,81.1,0.967,high
76,Bhubaneswar-Zone1,35,379.1,39.7,78.3,0.942,high
76,Bhubaneswar-Zone1,36,336.6,37.5,77.7,0.779,high
76,Bhubaneswar-Zone1,37,342.3,34.8,76.1,0.749,low
76,Bhubaneswar-Zone1,38,316.9,32.3,111.4,1.0,high
76,Bhubaneswar-Zone1,39,305.7,31.8,166.1,0.932,high
76,Bhubaneswar-Zone1,40,248.4,30.8,169.3,0.703,high
76,Bhubaneswar-Zone1,41,221.0,28.0,179.9,0.778,high
76,Bhubaneswar-Zone1,42,190.3,28.7,179.9,0.891,high
76,Bhubaneswar-Zone1,43,201.3,28.2,167.6,0.874,high
76,Bhubaneswar-Zone1,44,162.7,26.5,180.9,0.934,high
76,Bhubaneswar-Zone1,45,104.4,24.5,193.9,0.878,high
76,Bhubaneswar-Zone1,46,101.0,27.6,195.9,0.819,high
76,Bhubaneswar-Zone1,47,24.5,25.1,193.1,0.847,medium
76,Bhubaneswar-Zone1,48,43.1,26.0,193.1,1.0,high
76,Bhubaneswar-Zone1,49,36.6,22.9,204.1,0.893,medium
76,Bhubaneswar-Zone1,50,40.1,21.7,205.1,0.941,medium
76,Bhubaneswar-Zone1,51,59.8,22.2,197.9,0.896,high
76,Bhubaneswar-Zone1,52,22.7,20.0,193.0,1.0,medium
77,Rourkela-Zone1,0,12.7,20.9,190.6,0.71,medium
77,Rourkela-Zone1,1,24.9,24.0,193.9,0.871,medium
77,Rourkela-Zone1,2,6.9,24.0,196.0,0.946,medium
77,Rourkela-Zone1,3,44.1,25.1,186.7,0.848,medium
77,Rourkela-Zone1,4,25.7,23.1,141.1,0.831,medium
77,Rourkela-Zone1,5,45.3,27.0,116.6,0.946,medium
77,Rourkela-Zone1,6,0.0,24.7,122.1,0.912,low
77,Rourkela-Zone1,7,13.6,28.2,101.6,0.92,low
77,Rourkela-Zone1,8,7.1,26.4,113.0,0.82,low
77,Rourkela-Zone1,9,42.5,29.2,118.1,0.808,medium
77,Rourkela-Zone1,10,4.4,32.2,114.0,0.887,low
77,Rourkela-Zone1,11,21.1,29.6,108.3,0.955,medium
77,Rourkela-Zone1,12,12.7,32.3,114.6,0.728,low
77,Rourkela-Zone1,13,30.3,35.3,104.7,0.851,medium
77,Rourkela-Zone1,14,11.6,36.0,119.1,0.812,low
77,Rourkela-Zone1,15,0.0,34.6,119.1,0.863,low
77,Rourkela-Zone1,16,8.5,36.6,116.0,0.936,low
77,Rourkela-Zone1,17,2.9,37.9,125.0,0.779,low
77,Rourkela-Zone1,18,19.5,39.1,114.0,0.923,medium
77,Rourkela-Zone1,19,16.4,41.1,111.6,0.823,medium
77,Rourkela-Zone1,20,59.8,40.2,117.1,0.972,high
77,Rourkela-Zone1,21,36.3,41.2,110.7,0.784,medium
77,Rourkela-Zone1,22,21.3,42.3,109.7,0.953,medium
77,Rourkela-Zone1,23,88.1,42.9,109.4,0.737,high
77,Rourkela-Zone1,24,118.1,43.9,107.7,0.88,high
77,Rourkela-Zone1,25,149.8,44.2,108.3,0.926,low
77,Rourkela-Zone1,26,149.3,42.9,99.3,0.787,high
77,Rourkela-Zone1,27,175.4,44.7,100.0,0.948,high
77,Rourkela-Zone1,28,191.7,40.9,96.9,0.82,high
77,Rourkela-Zone1,29,211.7,41.6,103.4,0.742,high
77,Rourkela-Zone1,30,223.5,41.2,94.6,0.676,high
77,Rourkela-Zone1,31,270.0,41.9,88.4,0.983,high
77,Rourkela-Zone1,32,262.3,41.3,93.0,0.977,high
77,Rourkela-Zone1,33,289.2,40.8,84.9,0.907,high
77,Rourkela-Zone1,34,271.3,38.8,90.9,0.921,high
77,Rourkela-Zone1,35,261.5,36.1,95.7,0.771,high
77,Rourkela-Zone1,36,265.7,34.2,99.6,0.855,high
77,Rourkela-Zone1,37,245.6,34.5,96.6,0.872,high
77,Rourkela-Zone1,38,252.5,34.9,100.7,0.891,high
77,Rourkela-Zone1,39,202.9,31.1,174.0,0.889,high
77,Rourkela-Zone1,40,262.6,29.5,162.4,0.864,high
77,Rourkela-Zone1,41,179.5,28.6,172.4,0.91,high
77,Rourkela-Zone1,42,143.8,27.3,183.1,0.74,high
77,Rourkela-Zone1,43,129.1,29.7,188.0,0.745,high
77,Rourkela-Zone1,44,104.7,25.8,177.6,0.783,high
77,Rourkela-Zone1,45,34.6,25.1,195.7,0.969,medium
77,Rourkela-Zone1,46,27.1,26.8,203.0,0.942,medium
77,Rourkela-Zone1,47,19.4,24.2,203.7,0.875,medium
77,Rourkela-Zone1,48,4.4,22.9,196.4,0.798,medium
77,Rourkela-Zone1,49,16.7,23.5,195.4,0.941,medium
77,Rourkela-Zone1,50,18.1,22.1,190.4,0.928,medium
77,Rourkela-Zone1,51,19.9,26.5,201.4,0.973,medium
77,Rourkela-Zone1,52,0.0,16.7,201.0,0.902,medium
78,Rourkela-Zone1,0,12.7,20.9,190.6,0.927,medium
78,Rourkela-Zone1,1,24.9,24.0,193.9,0.911,medium
78,Rourkela-Zone1,2,6.9,24.0,196.0,1.0,medium
78,Rourkela-Zone1,3,44.1,25.1,186.7,0.877,low
78,Rourkela-Zone1,4,25.7,23.1,141.1,1.0,medium
78,Rourkela-Zone1,5,45.3,27.0,116.6,0.917,medium
78,Rourkela-Zone1,6,0.0,24.7,122.1,0.928,low
78,Rourkela-Zone1,7,13.6,28.2,101.6,0.834,low
78,Rourkela-Zone1,8,7.1,26.4,113.0,1.0,high
78,Rourkela-Zone1,9,42.5,29.2,118.1,0.88,medium
78,Rourkela-Zone1,10,4.4,32.2,114.0,0.976,low
78,Rourkela-Zone1,11,21.1,29.6,108.3,1.0,medium
78,Rourkela-Zone1,12,12.7,32.3,114.6,0.934,low
78,Rourkela-Zone1,13,30.3,35.3,104.7,0.792,medium
78,Rourkela-Zone1,14,11.6,36.0,119.1,0.752,low
78,Rourkela-Zone1,15,0.0,34.6,119.1,0.899,low
78,Rourkela-Zone1,16,8.5,36.6,116.0,0.901,low
78,Rourkela-Zone1,17,2.9,37.9,125.0,0.807,low
78,Rourkela-Zone1,18,19.5,39.1,114.0,0.713,medium
78,Rourkela-Zone1,19,16.4,41.1,111.6,0.892,medium
78,Rourkela-Zone1,20,59.8,40.2,117.1,1.0,high
78,Rourkela-Zone1,21,36.3,41.2,110.7,0.972,medium
78,Rourkela-Zone1,22,21.3,42.3,109.7,0.963,high
78,Rourkela-Zone1,23,88.1,42.9,109.4,0.916,high
78,Rourkela-Zone1,24,118.1,43.9,107.7,0.834,high
78,Rourkela-Zone1,25,149.8,44.2,108.3,0.835,high
78,Rourkela-Zone1,26,149.3,42.9,99.3,1.0,high
78,Rourkela-Zone1,27,175.4,44.7,100.0,0.883,high
78,Rourkela-Zone1,28,191.7,40.9,96.9,0.861,high
78,Rourkela-Zone1,29,211.7,41.6,103.4,0.883,high
78,Rourkela-Zone1,30,223.5,41.2,94.6,0.822,high
78,Rourkela-Zone1,31,270.0,41.9,88.4,0.831,high
78,Rourkela-Zone1,32,262.3,41.3,93.0,0.85,high
78,Rourkela-Zone1,33,289.2,40.8,84.9,1.0,high
78,Rourkela-Zone1,34,271.3,38.8,90.9,0.855,high
78,Rourkela-Zone1,35,261.5,36.1,95.7,0.734,high
78,Rourkela-Zone1,36,265.7,34.2,99.6,0.985,high
78,Rourkela-Zone1,37,245.6,34.5,96.6,0.74,high
78,Rourkela-Zone1,38,252.5,34.9,100.7,0.82,high
78,Rourkela-Zone1,39,202.9,31.1,174.0,0.917,high
78,Rourkela-Zone1,40,262.6,29.5,162.4,0.794,high
78,Rourkela-Zone1,41,179.5,28.6,172.4,0.899,high
78,Rourkela-Zone1,42,143.8,27.3,183.1,0.892,high
78,Rourkela-Zone1,43,129.1,29.7,188.0,0.947,high
78,Rourkela-Zone1,44,104.7,25.8,177.6,0.992,high
78,Rourkela-Zone1,45,34.6,25.1,195.7,0.924,medium
78,Rourkela-Zone1,46,27.1,26.8,203.0,0.83,medium
78,Rourkela-Zone1,47,19.4,24.2,203.7,1.0,medium
78,Rourkela-Zone1,48,4.4,22.9,196.4,1.0,medium
78,Rourkela-Zone1,49,16.7,23.5,195.4,1.0,low
78,Rourkela-Zone1,50,18.1,22.1,190.4,1.0,medium
78,Rourkela-Zone1,51,19.9,26.5,201.4,1.0,medium
78,Rourkela-Zone1,52,0.0,16.7,201.0,1.0,medium
79,Rourkela-Zone1,0,12.7,20.9,190.6,0.451,medium
79,Rourkela-Zone1,1,24.9,24.0,193.9,0.24,medium
79,Rourkela-Zone1,2,6.9,24.0,196.0,0.587,medium
79,Rourkela-Zone1,3,44.1,25.1,186.7,0.594,medium
79,Rourkela-Zone1,4,25.7,23.1,141.1,0.58,medium
79,Rourkela-Zone1,5,45.3,27.0,116.6,0.649,medium
79,Rourkela-Zone1,6,0.0,24.7,122.1,0.625,low
79,Rourkela-Zone1,7,13.6,28.2,101.6,0.68,low
79,Rourkela-Zone1,8,7.1,26.4,113.0,0.54,low
79,Rourkela-Zone1,9,42.5,29.2,118.1,0.732,high
79,Rourkela-Zone1,10,4.4,32.2,114.0,0.455,low
79,Rourkela-Zone1,11,21.1,29.6,108.3,0.575,medium
79,Rourkela-Zone1,12,12.7,32.3,114.6,0.584,low
79,Rourkela-Zone1,13,30.3,35.3,104.7,0.714,medium
79,Rourkela-Zone1,14,11.6,36.0,119.1,0.52,low
79,Rourkela-Zone1,15,0.0,34.6,119.1,0.505,low
79,Rourkela-Zone1,16,8.5,36.6,116.0,0.722,low
79,Rourkela-Zone1,17,2.9,37.9,125.0,0.635,low
79,Rourkela-Zone1,18,19.5,39.1,114.0,0.498,medium
79,Rourkela-Zone1,19,16.4,41.1,111.6,0.725,medium
79,Rourkela-Zone1,20,59.8,40.2,117.1,0.528,high
79,Rourkela-Zone1,21,36.3,41.2,110.7,0.528,medium
79,Rourkela-Zone1,22,21.3,42.3,109.7,0.427,medium
79,Rourkela-Zone1,23,88.1,42.9,109.4,0.449,high
79,Rourkela-Zone1,24,118.1,43.9,107.7,0.659,medium
79,Rourkela-Zone1,25,149.8,44.2,108.3,0.56,medium
79,Rourkela-Zone1,26,149.3,42.9,99.3,0.572,high
79,Rourkela-Zone1,27,175.4,44.7,100.0,0.691,high
79,Rourkela-Zone1,28,191.7,40.9,96.9,0.612,high
79,Rourkela-Zone1,29,211.7,41.6,103.4,0.45,high
79,Rourkela-Zone1,30,223.5,41.2,94.6,0.68,high
79,Rourkela-Zone1,31,270.0,41.9,88.4,0.663,high
79,Rourkela-Zone1,32,262.3,41.3,93.0,0.549,high
79,Rourkela-Zone1,33,289.2,40.8,84.9,0.434,high
79,Rourkela-Zone1,34,271.3,38.8,90.9,0.599,high
79,Rourkela-Zone1,35,261.5,36.1,95.7,0.467,high
79,Rourkela-Zone1,36,265.7,34.2,99.6,0.536,low
79,Rourkela-Zone1,37,245.6,34.5,96.6,0.5,high
79,Rourkela-Zone1,38,252.5,34.9,100.7,0.587,high
79,Rourkela-Zone1,39,202.9,31.1,174.0,0.401,high
79,Rourkela-Zone1,40,262.6,29.5,162.4,0.634,high
79,Rourkela-Zone1,41,179.5,28.6,172.4,0.525,high
79,Rourkela-Zone1,42,143.8,27.3,183.1,0.398,low
79,Rourkela-Zone1,43,129.1,29.7,188.0,0.731,high
79,Rourkela-Zone1,44,104.7,25.8,177.6,0.644,high
79,Rourkela-Zone1,45,34.6,25.1,195.7,0.665,medium
79,Rourkela-Zone1,46,27.1,26.8,203.0,0.504,medium
79,Rourkela-Zone1,47,19.4,24.2,203.7,0.646,medium
79,Rourkela-Zone1,48,4.4,22.9,196.4,0.591,medium
79,Rourkela-Zone1,49,16.7,23.5,195.4,0.526,medium
79,Rourkela-Zone1,50,18.1,22.1,190.4,0.494,medium
79,Rourkela-Zone1,51,19.9,26.5,201.4,0.74,medium
79,Rourkela-Zone1,52,0.0,16.7,201.0,0.609,medium
80,Puri-Zone1,0,125.9,22.3,186.0,0.966,high
80,Puri-Zone1,1,116.2,22.7,185.0,0.811,high
80,Puri-Zone1,2,77.3,23.1,189.1,0.585,high
80,Puri-Zone1,3,144.2,24.7,182.0,0.935,high
80,Puri-Zone1,4,104.0,23.6,137.7,0.832,high
80,Puri-Zone1,5,75.6,24.8,105.9,0.694,high
80,Puri-Zone1,6,77.2,25.1,109.7,0.662,high
80,Puri-Zone1,7,81.9,25.9,100.3,0.909,high
80,Puri-Zone1,8,105.0,27.3,110.9,0.869,high
80,Puri-Zone1,9,117.3,26.6,105.0,0.896,high
80,Puri-Zone1,10,105.1,29.5,106.1,0.819,high
80,Puri-Zone1,11,92.2,31.1,109.7,0.959,high
80,Puri-Zone1,12,104.3,33.4,109.0,0.866,high
80,Puri-Zone1,13,69.9,32.5,108.0,0.98,high
80,Puri-Zone1,14,132.9,34.1,110.4,0.753,high
80,Puri-Zone1,15,100.4,36.5,110.0,0.868,high
80,Puri-Zone1,16,72.5,36.9,111.0,0.857,high
80,Puri-Zone1,17,94.5,37.0,95.1,0.773,high
80,Puri-Zone1,18,118.3,37.5,115.7,0.895,high
80,Puri-Zone1,19,114.9,40.1,103.0,0.695,high
80,Puri-Zone1,20,113.4,42.0,109.1,0.811,high
80,Puri-Zone1,21,66.8,41.2,111.9,0.881,high
80,Puri-Zone1,22,168.6,42.4,94.4,0.749,high
80,Puri-Zone1,23,169.2,41.7,96.7,0.847,high
80,Puri-Zone1,24,223.9,41.5,88.4,0.954,high
80,Puri-Zone1,25,238.0,42.9,88.3,0.853,high
80,Puri-Zone1,26,282.3,43.3,92.1,0.848,high
80,Puri-Zone1,27,270.7,41.6,90.7,0.915,high
80,Puri-Zone1,28,286.8,41.9,83.1,0.726,high
80,Puri-Zone1,29,340.7,40.4,88.9,0.684,high
80,Puri-Zone1,30,335.2,42.2,81.0,0.905,high
80,Puri-Zone1,31,385.5,40.3,84.7,0.906,high
80,Puri-Zone1,32,385.3,40.4,81.3,0.856,high
80,Puri-Zone1,33,344.1,40.2,81.4,1.0,high
80,Puri-Zone1,34,373.5,39.4,77.7,0.705,high
80,Puri-Zone1,35,389.2,37.7,64.0,0.732,high
80,Puri-Zone1,36,358.5,35.0,76.6,0.787,high
80,Puri-Zone1,37,354.0,35.9,92.4,0.967,high
80,Puri-Zone1,38,315.8,36.3,103.7,0.916,high
80,Puri-Zone1,39,351.5,35.2,150.6,1.0,high
80,Puri-Zone1,40,291.4,33.1,171.6,0.756,low
80,Puri-Zone1,41,285.5,31.7,169.0,0.838,high
80,Puri-Zone1,42,247.4,27.8,169.7,0.802,high
80,Puri-Zone1,43,246.9,27.8,159.6,0.861,high
80,Puri-Zone1,44,197.4,26.4,181.7,1.0,high
80,Puri-Zone1,45,159.8,23.8,182.3,0.903,high
80,Puri-Zone1,46,101.3,24.8,181.4,0.865,high
80,Puri-Zone1,47,113.6,24.7,191.0,1.0,high
80,Puri-Zone1,48,105.8,24.6,174.6,0.649,high
80,Puri-Zone1,49,69.5,24.6,191.0,0.839,high
80,Puri-Zone1,50,75.1,24.2,196.6,0.953,high
80,Puri-Zone1,51,109.4,21.1,192.7,0.677,high
80,Puri-Zone1,52,13.9,21.5,190.0,0.859,medium
81,Bhubaneswar-Zone1,0,49.0,21.8,193.4,0.648,medium
81,Bhubaneswar-Zone1,1,77.8,23.1,182.0,0.334,high
81,Bhubaneswar-Zone1,2,27.0,23.8,197.1,0.575,medium
81,Bhubaneswar-Zone1,3,32.5,23.1,193.3,0.506,medium
81,Bhubaneswar-Zone1,4,67.9,25.4,131.0,0.498,high
81,Bhubaneswar-Zone1,5,37.2,24.4,116.6,0.433,medium
81,Bhubaneswar-Zone1,6,45.8,26.3,107.7,0.391,medium
81,Bhubaneswar-Zone1,7,109.5,27.1,101.0,0.566,high
81,Bhubaneswar-Zone1,8,26.4,27.9,123.0,0.513,medium
81,Bhubaneswar-Zone1,9,61.9,27.4,112.9,0.568,high
81,Bhubaneswar-Zone1,10,59.1,31.8,121.6,0.58,high
81,Bhubaneswar-Zone1,11,32.6,31.7,106.6,0.405,medium
81,Bhubaneswar-Zone1,12,48.3,31.4,115.1,0.597,medium
81,Bhubaneswar-Zone1,13,55.6,33.5,107.3,0.473,high
81,Bhubaneswar-Zone1,14,37.3,32.8,121.4,0.495,medium
81,Bhubaneswar-Zone1,15,24.6,36.4,111.0,0.566,medium
81,Bhubaneswar-Zone1,16,91.3,37.6,114.3,0.527,high
81,Bhubaneswar-Zone1,17,48.1,39.2,118.1,0.53,medium
81,Bhubaneswar-Zone1,18,42.5,39.3,118.9,0.529,medium
81,Bhubaneswar-Zone1,19,77.0,39.9,110.1,0.387,high
81,Bhubaneswar-Zone1,20,47.5,40.4,112.1,0.45,medium
81,Bhubaneswar-Zone1,21,40.6,40.8,113.6,0.67,medium
81,Bhubaneswar-Zone1,22,106.5,43.3,98.6,0.429,high
81,Bhubaneswar-Zone1,23,108.8,39.8,95.1,0.647,high
81,Bhubaneswar-Zone1,24,131.7,42.3,109.6,0.701,high
81,Bhubaneswar-Zone1,25,172.0,44.7,95.6,0.275,high
81,Bhubaneswar-Zone1,26,233.2,43.0,91.6,0.341,high
81,Bhubaneswar-Zone1,27,239.5,39.7,100.0,0.554,high
81,Bhubaneswar-Zone1,28,277.5,41.6,82.4,0.59,high
81,Bhubaneswar-Zone1,29,266.7,44.0,80.0,0.521,high
81,Bhubaneswar-Zone1,30,288.9,41.6,86.7,0.497,high
81,Bhubaneswar-Zone1,31,315.4,37.7,94.3,0.562,high
81,Bhubaneswar-Zone1,32,347.5,38.7,80.1,0.277,high
81,Bhubaneswar-Zone1,33,310.4,40.2,84.4,0.443,high
81,Bhubaneswar-Zone1,34,360.4,35.9,81.1,0.37,high
81,Bhubaneswar-Zone1,35,379.1,39.7,78.3,0.469,low
81,Bhubaneswar-Zone1,36,336.6,37.5,77.7,0.661,high
81,Bhubaneswar-Zone1,37,342.3,34.8,76.1,0.365,high
81,Bhubaneswar-Zone1,38,316.9,32.3,111.4,0.417,high
81,Bhubaneswar-Zone1,39,305.7,31.8,166.1,0.631,high
81,Bhubaneswar-Zone1,40,248.4,30.8,169.3,0.563,high
81,Bhubaneswar-Zone1,41,221.0,28.0,179.9,0.63,high
81,Bhubaneswar-Zone1,42,190.3,28.7,179.9,0.537,low
81,Bhubaneswar-Zone1,43,201.3,28.2,167.6,0.542,high
81,Bhubaneswar-Zone1,44,162.7,26.5,180.9,0.56,high
81,Bhubaneswar-Zone1,45,104.4,24.5,193.9,0.389,high
81,Bhubaneswar-Zone1,46,101.0,27.6,195.9,0.479,high
81,Bhubaneswar-Zone1,47,24.5,25.1,193.1,0.442,medium
81,Bhubaneswar-Zone1,48,43.1,26.0,193.1,0.488,medium
81,Bhubaneswar-Zone1,49,36.6,22.9,204.1,0.425,medium
81,Bhubaneswar-Zone1,50,40.1,21.7,205.1,0.607,medium
81,Bhubaneswar-Zone1,51,59.8,22.2,197.9,0.473,high
81,Bhubaneswar-Zone1,52,22.7,20.0,193.0,0.533,medium
82,Puri-Zone1,0,125.9,22.3,186.0,0.823,high
82,Puri-Zone1,1,116.2,22.7,185.0,0.795,high
82,Puri-Zone1,2,77.3,23.1,189.1,0.872,high
82,Puri-Zone1,3,144.2,24.7,182.0,0.87,high
82,Puri-Zone1,4,104.0,23.6,137.7,0.912,high
82,Puri-Zone1,5,75.6,24.8,105.9,0.875,high
82,Puri-Zone1,6,77.2,25.1,109.7,0.769,high
82,Puri-Zone1,7,81.9,25.9,100.3,0.723,low
82,Puri-Zone1,8,105.0,27.3,110.9,0.983,high
82,Puri-Zone1,9,117.3,26.6,105.0,0.907,high
82,Puri-Zone1,10,105.1,29.5,106.1,0.744,high
82,Puri-Zone1,11,92.2,31.1,109.7,0.836,medium
82,Puri-Zone1,12,104.3,33.4,109.0,1.0,high
82,Puri-Zone1,13,69.9,32.5,108.0,0.888,high
82,Puri-Zone1,14,132.9,34.1,110.4,0.927,high
82,Puri-Zone1,15,100.4,36.5,110.0,0.83,high
82,Puri-Zone1,16,72.5,36.9,111.0,0.877,high
82,Puri-Zone1,17,94.5,37.0,95.1,0.768,high
82,Puri-Zone1,18,118.3,37.5,115.7,0.938,high
82,Puri-Zone1,19,114.9,40.1,103.0,0.841,high
82,Puri-Zone1,20,113.4,42.0,109.1,1.0,high
82,Puri-Zone1,21,66.8,41.2,111.9,0.854,high
82,Puri-Zone1,22,168.6,42.4,94.4,1.0,high
82,Puri-Zone1,23,169.2,41.7,96.7,0.835,high
82,Puri-Zone1,24,223.9,41.5,88.4,0.839,high
82,Puri-Zone1,25,238.0,42.9,88.3,0.962,high
82,Puri-Zone1,26,282.3,43.3,92.1,0.798,high
82,Puri-Zone1,27,270.7,41.6,90.7,0.881,high
82,Puri-Zone1,28,286.8,41.9,83.1,0.8,high
82,Puri-Zone1,29,340.7,40.4,88.9,1.0,high
82,Puri-Zone1,30,335.2,42.2,81.0,1.0,high
82,Puri-Zone1,31,385.5,40.3,84.7,0.884,high
82,Puri-Zone1,32,385.3,40.4,81.3,0.84,high
82,Puri-Zone1,33,344.1,40.2,81.4,0.769,high
82,Puri-Zone1,34,373.5,39.4,77.7,0.825,high
82,Puri-Zone1,35,389.2,37.7,64.0,0.905,high
82,Puri-Zone1,36,358.5,35.0,76.6,0.76,high
82,Puri-Zone1,37,354.0,35.9,92.4,0.946,high
82,Puri-Zone1,38,315.8,36.3,103.7,0.997,high
82,Puri-Zone1,39,351.5,35.2,150.6,0.965,high
82,Puri-Zone1,40,291.4,33.1,171.6,0.806,high
82,Puri-Zone1,41,285.5,31.7,169.0,0.973,high
82,Puri-Zone1,42,247.4,27.8,169.7,0.895,high
82,Puri-Zone1,43,246.9,27.8,159.6,0.968,high
82,Puri-Zone1,44,197.4,26.4,181.7,0.977,high
82,Puri-Zone1,45,159.8,23.8,182.3,0.983,high
82,Puri-Zone1,46,101.3,24.8,181.4,0.838,high
82,Puri-Zone1,47,113.6,24.7,191.0,1.0,high
82,Puri-Zone1,48,105.8,24.6,174.6,0.812,high
82,Puri-Zone1,49,69.5,24.6,191.0,0.761,high
82,Puri-Zone1,50,75.1,24.2,196.6,0.863,high
82,Puri-Zone1,51,109.4,21.1,192.7,0.792,high
82,Puri-Zone1,52,13.9,21.5,190.0,0.929,medium
83,Puri-Zone1,0,125.9,22.3,186.0,0.71,high
83,Puri-Zone1,1,116.2,22.7,185.0,0.812,high
83,Puri-Zone1,2,77.3,23.1,189.1,0.728,high
83,Puri-Zone1,3,144.2,24.7,182.0,0.812,high
83,Puri-Zone1,4,104.0,23.6,137.7,0.833,high
83,Puri-Zone1,5,75.6,24.8,105.9,0.714,high
83,Puri-Zone1,6,77.2,25.1,109.7,0.832,high
83,Puri-Zone1,7,81.9,25.9,100.3,0.572,high
83,Puri-Zone1,8,105.0,27.3,110.9,0.593,high
83,Puri-Zone1,9,117.3,26.6,105.0,0.73,high
83,Puri-Zone1,10,105.1,29.5,106.1,0.771,high
83,Puri-Zone1,11,92.2,31.1,109.7,0.744,high
83,Puri-Zone1,12,104.3,33.4,109.0,0.82,high
83,Puri-Zone1,13,69.9,32.5,108.0,0.773,high
83,Puri-Zone1,14,132.9,34.1,110.4,0.777,high
83,Puri-Zone1,15,100.4,36.5,110.0,0.695,high
83,Puri-Zone1,16,72.5,36.9,111.0,0.849,high
83,Puri-Zone1,17,94.5,37.0,95.1,0.744,high
83,Puri-Zone1,18,118.3,37.5,115.7,0.948,high
83,Puri-Zone1,19,114.9,40.1,103.0,0.896,high
83,Puri-Zone1,20,113.4,42.0,109.1,0.81,high
83,Puri-Zone1,21,66.8,41.2,111.9,0.725,high
83,Puri-Zone1,22,168.6,42.4,94.4,0.939,high
83,Puri-Zone1,23,169.2,41.7,96.7,0.694,high
83,Puri-Zone1,24,223.9,41.5,88.4,0.72,high
83,Puri-Zone1,25,238.0,42.9,88.3,0.761,high
83,Puri-Zone1,26,282.3,43.3,92.1,0.742,high
83,Puri-Zone1,27,270.7,41.6,90.7,0.963,high
83,Puri-Zone1,28,286.8,41.9,83.1,0.682,high
83,Puri-Zone1,29,340.7,40.4,88.9,0.691,high
83,Puri-Zone1,30,335.2,42.2,81.0,0.753,high
83,Puri-Zone1,31,385.5,40.3,84.7,0.625,high
83,Puri-Zone1,32,385.3,40.4,81.3,0.482,high
83,Puri-Zone1,33,344.1,40.2,81.4,0.87,high
83,Puri-Zone1,34,373.5,39.4,77.7,0.889,high
83,Puri-Zone1,35,389.2,37.7,64.0,0.813,high
83,Puri-Zone1,36,358.5,35.0,76.6,0.751,high
83,Puri-Zone1,37,354.0,35.9,92.4,0.731,high
83,Puri-Zone1,38,315.8,36.3,103.7,0.741,high
83,Puri-Zone1,39,351.5,35.2,150.6,0.822,high
83,Puri-Zone1,40,291.4,33.1,171.6,0.797,high
83,Puri-Zone1,41,285.5,31.7,169.0,0.608,high
83,Puri-Zone1,42,247.4,27.8,169.7,0.802,high
83,Puri-Zone1,43,246.9,27.8,159.6,0.667,high
83,Puri-Zone1,44,197.4,26.4,181.7,0.709,high
83,Puri-Zone1,45,159.8,23.8,182.3,0.569,high
83,Puri-Zone1,46,101.3,24.8,181.4,0.708,high
83,Puri-Zone1,47,113.6,24.7,191.0,0.931,high
83,Puri-Zone1,48,105.8,24.6,174.6,0.775,high
83,Puri-Zone1,49,69.5,24.6,191.0,0.557,high
83,Puri-Zone1,50,75.1,24.2,196.6,0.66,high
83,Puri-Zone1,51,109.4,21.1,192.7,0.825,high
83,Puri-Zone1,52,13.9,21.5,190.0,0.795,medium
84,Bhubaneswar-Zone1,0,49.0,21.8,193.4,0.675,medium
84,Bhubaneswar-Zone1,1,77.8,23.1,182.0,0.657,high
84,Bhubaneswar-Zone1,2,27.0,23.8,197.1,0.651,medium
84,Bhubaneswar-Zone1,3,32.5,23.1,193.3,0.695,medium
84,Bhubaneswar-Zone1,4,67.9,25.4,131.0,0.757,high
84,Bhubaneswar-Zone1,5,37.2,24.4,116.6,0.757,medium
84,Bhubaneswar-Zone1,6,45.8,26.3,107.7,0.64,low
84,Bhubaneswar-Zone1,7,109.5,27.1,101.0,0.873,high
84,Bhubaneswar-Zone1,8,26.4,27.9,123.0,0.637,medium
84,Bhubaneswar-Zone1,9,61.9,27.4,112.9,0.673,high
84,Bhubaneswar-Zone1,10,59.1,31.8,121.6,0.821,high
84,Bhubaneswar-Zone1,11,32.6,31.7,106.6,0.652,medium
84,Bhubaneswar-Zone1,12,48.3,31.4,115.1,0.889,medium
84,Bhubaneswar-Zone1,13,55.6,33.5,107.3,0.593,high
84,Bhubaneswar-Zone1,14,37.3,32.8,121.4,0.817,medium
84,Bhubaneswar-Zone1,15,24.6,36.4,111.0,0.724,medium
84,Bhubaneswar-Zone1,16,91.3,37.6,114.3,0.637,high
84,Bhubaneswar-Zone1,17,48.1,39.2,118.1,0.743,medium
84,Bhubaneswar-Zone1,18,42.5,39.3,118.9,0.655,medium
84,Bhubaneswar-Zone1,19,77.0,39.9,110.1,0.679,high
84,Bhubaneswar-Zone1,20,47.5,40.4,112.1,0.697,medium
84,Bhubaneswar-Zone1,21,40.6,40.8,113.6,0.809,medium
84,Bhubaneswar-Zone1,22,106.5,43.3,98.6,0.672,high
84,Bhubaneswar-Zone1,23,108.8,39.8,95.1,0.758,high
84,Bhubaneswar-Zone1,24,131.7,42.3,109.6,0.813,high
84,Bhubaneswar-Zone1,25,172.0,44.7,95.6,0.74,high
84,Bhubaneswar-Zone1,26,233.2,43.0,91.6,0.773,high
84,Bhubaneswar-Zone1,27,239.5,39.7,100.0,0.731,high
84,Bhubaneswar-Zone1,28,277.5,41.6,82.4,0.788,high
84,Bhubaneswar-Zone1,29,266.7,44.0,80.0,0.61,high
84,Bhubaneswar-Zone1,30,288.9,41.6,86.7,0.71,high
84,Bhubaneswar-Zone1,31,315.4,37.7,94.3,0.795,high
84,Bhubaneswar-Zone1,32,347.5,38.7,80.1,0.673,high
84,Bhubaneswar-Zone1,33,310.4,40.2,84.4,0.827,high
84,Bhubaneswar-Zone1,34,360.4,35.9,81.1,0.727,high
84,Bhubaneswar-Zone1,35,379.1,39.7,78.3,0.707,high
84,Bhubaneswar-Zone1,36,336.6,37.5,77.7,0.728,high
84,Bhubaneswar-Zone1,37,342.3,34.8,76.1,0.72,high
84,Bhubaneswar-Zone1,38,316.9,32.3,111.4,0.675,high
84,Bhubaneswar-Zone1,39,305.7,31.8,166.1,0.677,high
84,Bhubaneswar-Zone1,40,248.4,30.8,169.3,0.882,high
84,Bhubaneswar-Zone1,41,221.0,28.0,179.9,0.805,high
84,Bhubaneswar-Zone1,42,190.3,28.7,179.9,0.697,high
84,Bhubaneswar-Zone1,43,201.3,28.2,167.6,0.709,high
84,Bhubaneswar-Zone1,44,162.7,26.5,180.9,0.764,high
84,Bhubaneswar-Zone1,45,104.4,24.5,193.9,0.786,high
84,Bhubaneswar-Zone1,46,101.0,27.6,195.9,0.595,medium
84,Bhubaneswar-Zone1,47,24.5,25.1,193.1,0.686,medium
84,Bhubaneswar-Zone1,48,43.1,26.0,193.1,0.771,medium
84,Bhubaneswar-Zone1,49,36.6,22.9,204.1,0.871,medium
84,Bhubaneswar-Zone1,50,40.1,21.7,205.1,0.55,medium
84,Bhubaneswar-Zone1,51,59.8,22.2,197.9,0.656,high
84,Bhubaneswar-Zone1,52,22.7,20.0,193.0,0.694,medium
85,Bhubaneswar-Zone1,0,49.0,21.8,193.4,0.575,medium
85,Bhubaneswar-Zone1,1,77.8,23.1,182.0,0.762,high
85,Bhubaneswar-Zone1,2,27.0,23.8,197.1,0.823,medium
85,Bhubaneswar-Zone1,3,32.5,23.1,193.3,0.731,medium
85,Bhubaneswar-Zone1,4,67.9,25.4,131.0,0.777,high
85,Bhubaneswar-Zone1,5,37.2,24.4,116.6,0.721,medium
85,Bhubaneswar-Zone1,6,45.8,26.3,107.7,0.787,low
85,Bhubaneswar-Zone1,7,109.5,27.1,101.0,0.613,high
85,Bhubaneswar-Zone1,8,26.4,27.9,123.0,0.734,medium
85,Bhubaneswar-Zone1,9,61.9,27.4,112.9,0.701,high
85,Bhubaneswar-Zone1,10,59.1,31.8,121.6,0.883,high
85,Bhubaneswar-Zone1,11,32.6,31.7,106.6,0.643,medium
85,Bhubaneswar-Zone1,12,48.3,31.4,115.1,0.648,low
85,Bhubaneswar-Zone1,13,55.6,33.5,107.3,0.755,high
85,Bhubaneswar-Zone1,14,37.3,32.8,121.4,0.676,medium
85,Bhubaneswar-Zone1,15,24.6,36.4,111.0,0.752,medium
85,Bhubaneswar-Zone1,16,91.3,37.6,114.3,0.888,high
85,Bhubaneswar-Zone1,17,48.1,39.2,118.1,0.832,medium
85,Bhubaneswar-Zone1,18,42.5,39.3,118.9,0.804,medium
85,Bhubaneswar-Zone1,19,77.0,39.9,110.1,0.727,high
85,Bhubaneswar-Zone1,20,47.5,40.4,112.1,0.926,medium
85,Bhubaneswar-Zone1,21,40.6,40.8,113.6,0.862,medium
85,Bhubaneswar-Zone1,22,106.5,43.3,98.6,0.718,high
85,Bhubaneswar-Zone1,23,108.8,39.8,95.1,0.618,high
85,Bhubaneswar-Zone1,24,131.7,42.3,109.6,0.783,high
85,Bhubaneswar-Zone1,25,172.0,44.7,95.6,0.833,high
85,Bhubaneswar-Zone1,26,233.2,43.0,91.6,0.712,high
85,Bhubaneswar-Zone1,27,239.5,39.7,100.0,0.817,high
85,Bhubaneswar-Zone1,28,277.5,41.6,82.4,0.741,high
85,Bhubaneswar-Zone1,29,266.7,44.0,80.0,0.69,high
85,Bhubaneswar-Zone1,30,288.9,41.6,86.7,0.797,high
85,Bhubaneswar-Zone1,31,315.4,37.7,94.3,0.704,high
85,Bhubaneswar-Zone1,32,347.5,38.7,80.1,0.837,high
85,Bhubaneswar-Zone1,33,310.4,40.2,84.4,0.861,high
85,Bhubaneswar-Zone1,34,360.4,35.9,81.1,0.883,high
85,Bhubaneswar-Zone1,35,379.1,39.7,78.3,0.706,high
85,Bhubaneswar-Zone1,36,336.6,37.5,77.7,0.665,high
85,Bhubaneswar-Zone1,37,342.3,34.8,76.1,0.801,high
85,Bhubaneswar-Zone1,38,316.9,32.3,111.4,0.889,high
85,Bhubaneswar-Zone1,39,305.7,31.8,166.1,0.847,high
85,Bhubaneswar-Zone1,40,248.4,30.8,169.3,0.71,high
85,Bhubaneswar-Zone1,41,221.0,28.0,179.9,0.719,high
85,Bhubaneswar-Zone1,42,190.3,28.7,179.9,0.742,low
85,Bhubaneswar-Zone1,43,201.3,28.2,167.6,0.898,high
85,Bhubaneswar-Zone1,44,162.7,26.5,180.9,0.886,high
85,Bhubaneswar-Zone1,45,104.4,24.5,193.9,0.796,high
85,Bhubaneswar-Zone1,46,101.0,27.6,195.9,0.907,high
85,Bhubaneswar-Zone1,47,24.5,25.1,193.1,0.65,medium
85,Bhubaneswar-Zone1,48,43.1,26.0,193.1,0.976,medium
85,Bhubaneswar-Zone1,49,36.6,22.9,204.1,0.882,low
85,Bhubaneswar-Zone1,50,40.1,21.7,205.1,0.82,medium
85,Bhubaneswar-Zone1,51,59.8,22.2,197.9,0.603,high
85,Bhubaneswar-Zone1,52,22.7,20.0,193.0,0.852,medium
86,Bhubaneswar-Zone1,0,49.0,21.8,193.4,0.558,medium
86,Bhubaneswar-Zone1,1,77.8,23.1,182.0,0.527,high
86,Bhubaneswar-Zone1,2,27.0,23.8,197.1,0.57,medium
86,Bhubaneswar-Zone1,3,32.5,23.1,193.3,0.639,high
86,Bhubaneswar-Zone1,4,67.9,25.4,131.0,0.631,high
86,Bhubaneswar-Zone1,5,37.2,24.4,116.6,0.641,medium
86,Bhubaneswar-Zone1,6,45.8,26.3,107.7,0.65,medium
86,Bhubaneswar-Zone1,7,109.5,27.1,101.0,0.842,high
86,Bhubaneswar-Zone1,8,26.4,27.9,123.0,0.663,medium
86,Bhubaneswar-Zone1,9,61.9,27.4,112.9,0.801,high
86,Bhubaneswar-Zone1,10,59.1,31.8,121.6,0.515,high
86,Bhubaneswar-Zone1,11,32.6,31.7,106.6,0.601,medium
86,Bhubaneswar-Zone1,12,48.3,31.4,115.1,0.395,medium
86,Bhubaneswar-Zone1,13,55.6,33.5,107.3,0.389,high
86,Bhubaneswar-Zone1,14,37.3,32.8,121.4,0.485,medium
86,Bhubaneswar-Zone1,15,24.6,36.4,111.0,0.543,medium
86,Bhubaneswar-Zone1,16,91.3,37.6,114.3,0.769,high
86,Bhubaneswar-Zone1,17,48.1,39.2,118.1,0.75,medium
86,Bhubaneswar-Zone1,18,42.5,39.3,118.9,0.637,medium
86,Bhubaneswar-Zone1,19,77.0,39.9,110.1,0.543,high
86,Bhubaneswar-Zone1,20,47.5,40.4,112.1,0.524,medium
86,Bhubaneswar-Zone1,21,40.6,40.8,113.6,0.611,high
86,Bhubaneswar-Zone1,22,106.5,43.3,98.6,0.721,high
86,Bhubaneswar-Zone1,23,108.8,39.8,95.1,0.676,high
86,Bhubaneswar-Zone1,24,131.7,42.3,109.6,0.651,high
86,Bhubaneswar-Zone1,25,172.0,44.7,95.6,0.739,high
86,Bhubaneswar-Zone1,26,233.2,43.0,91.6,0.739,high
86,Bhubaneswar-Zone1,27,239.5,39.7,100.0,0.622,high
86,Bhubaneswar-Zone1,28,277.5,41.6,82.4,0.574,high
86,Bhubaneswar-Zone1,29,266.7,44.0,80.0,0.631,high
86,Bhubaneswar-Zone1,30,288.9,41.6,86.7,0.597,high
86,Bhubaneswar-Zone1,31,315.4,37.7,94.3,0.57,high
86,Bhubaneswar-Zone1,32,347.5,38.7,80.1,0.627,high
86,Bhubaneswar-Zone1,33,310.4,40.2,84.4,0.647,high
86,Bhubaneswar-Zone1,34,360.4,35.9,81.1,0.671,high
86,Bhubaneswar-Zone1,35,379.1,39.7,78.3,0.757,high
86,Bhubaneswar-Zone1,36,336.6,37.5,77.7,0.637,high
86,Bhubaneswar-Zone1,37,342.3,34.8,76.1,0.608,high
86,Bhubaneswar-Zone1,38,316.9,32.3,111.4,0.707,high
86,Bhubaneswar-Zone1,39,305.7,31.8,166.1,0.531,high
86,Bhubaneswar-Zone1,40,248.4,30.8,169.3,0.42,high
86,Bhubaneswar-Zone1,41,221.0,28.0,179.9,0.456,high
86,Bhubaneswar-Zone1,42,190.3,28.7,179.9,0.657,high
86,Bhubaneswar-Zone1,43,201.3,28.2,167.6,0.578,high
86,Bhubaneswar-Zone1,44,162.7,26.5,180.9,0.586,high
86,Bhubaneswar-Zone1,45,104.4,24.5,193.9,0.529,high
86,Bhubaneswar-Zone1,46,101.0,27.6,195.9,0.729,high
86,Bhubaneswar-Zone1,47,24.5,25.1,193.1,0.46,medium
86,Bhubaneswar-Zone1,48,43.1,26.0,193.1,0.667,medium
86,Bhubaneswar-Zone1,49,36.6,22.9,204.1,0.609,medium
86,Bhubaneswar-Zone1,50,40.1,21.7,205.1,0.764,medium
86,Bhubaneswar-Zone1,51,59.8,22.2,197.9,0.708,high
86,Bhubaneswar-Zone1,52,22.7,20.0,193.0,0.504,medium
87,Bhubaneswar-Zone1,0,49.0,21.8,193.4,0.682,medium
87,Bhubaneswar-Zone1,1,77.8,23.1,182.0,0.66,high
87,Bhubaneswar-Zone1,2,27.0,23.8,197.1,0.608,medium
87,Bhubaneswar-Zone1,3,32.5,23.1,193.3,0.674,medium
87,Bhubaneswar-Zone1,4,67.9,25.4,131.0,0.553,high
87,Bhubaneswar-Zone1,5,37.2,24.4,116.6,0.624,medium
87,Bhubaneswar-Zone1,6,45.8,26.3,107.7,0.617,medium
87,Bhubaneswar-Zone1,7,109.5,27.1,101.0,0.539,high
87,Bhubaneswar-Zone1,8,26.4,27.9,123.0,0.584,medium
87,Bhubaneswar-Zone1,9,61.9,27.4,112.9,0.568,high
87,Bhubaneswar-Zone1,10,59.1,31.8,121.6,0.653,high
87,Bhubaneswar-Zone1,11,32.6,31.7,106.6,0.741,medium
87,Bhubaneswar-Zone1,12,48.3,31.4,115.1,0.49,medium
87,Bhubaneswar-Zone1,13,55.6,33.5,107.3,0.656,low
87,Bhubaneswar-Zone1,14,37.3,32.8,121.4,0.565,medium
87,Bhubaneswar-Zone1,15,24.6,36.4,111.0,0.6,medium
87,Bhubaneswar-Zone1,16,91.3,37.6,114.3,0.635,high
87,Bhubaneswar-Zone1,17,48.1,39.2,118.1,0.366,medium
87,Bhubaneswar-Zone1,18,42.5,39.3,118.9,0.606,medium
87,Bhubaneswar-Zone1,19,77.0,39.9,110.1,0.764,high
87,Bhubaneswar-Zone1,20,47.5,40.4,112.1,0.602,medium
87,Bhubaneswar-Zone1,21,40.6,40.8,113.6,0.558,medium
87,Bhubaneswar-Zone1,22,106.5,43.3,98.6,0.591,high
87,Bhubaneswar-Zone1,23,108.8,39.8,95.1,0.581,high
87,Bhubaneswar-Zone1,24,131.7,42.3,109.6,0.743,high
87,Bhubaneswar-Zone1,25,172.0,44.7,95.6,0.493,high
87,Bhubaneswar-Zone1,26,233.2,43.0,91.6,0.639,high
87,Bhubaneswar-Zone1,27,239.5,39.7,100.0,0.655,high
87,Bhubaneswar-Zone1,28,277.5,41.6,82.4,0.692,medium
87,Bhubaneswar-Zone1,29,266.7,44.0,80.0,0.617,high
87,Bhubaneswar-Zone1,30,288.9,41.6,86.7,0.89,high
87,Bhubaneswar-Zone1,31,315.4,37.7,94.3,0.68,high
87,Bhubaneswar-Zone1,32,347.5,38.7,80.1,0.539,high
87,Bhubaneswar-Zone1,33,310.4,40.2,84.4,0.701,high
87,Bhubaneswar-Zone1,34,360.4,35.9,81.1,0.501,high
87,Bhubaneswar-Zone1,35,379.1,39.7,78.3,0.627,high
87,Bhubaneswar-Zone1,36,336.6,37.5,77.7,0.629,high
87,Bhubaneswar-Zone1,37,342.3,34.8,76.1,0.627,high
87,Bhubaneswar-Zone1,38,316.9,32.3,111.4,0.493,high
87,Bhubaneswar-Zone1,39,305.7,31.8,166.1,0.367,high
87,Bhubaneswar-Zone1,40,248.4,30.8,169.3,0.692,high
87,Bhubaneswar-Zone1,41,221.0,28.0,179.9,0.587,high
87,Bhubaneswar-Zone1,42,190.3,28.7,179.9,0.65,high
87,Bhubaneswar-Zone1,43,201.3,28.2,167.6,0.757,high
87,Bhubaneswar-Zone1,44,162.7,26.5,180.9,0.651,high
87,Bhubaneswar-Zone1,45,104.4,24.5,193.9,0.499,high
87,Bhubaneswar-Zone1,46,101.0,27.6,195.9,0.593,high
87,Bhubaneswar-Zone1,47,24.5,25.1,193.1,0.599,medium
87,Bhubaneswar-Zone1,48,43.1,26.0,193.1,0.74,medium
87,Bhubaneswar-Zone1,49,36.6,22.9,204.1,0.455,medium
87,Bhubaneswar-Zone1,50,40.1,21.7,205.1,0.654,medium
87,Bhubaneswar-Zone1,51,59.8,22.2,197.9,0.513,high
87,Bhubaneswar-Zone1,52,22.7,20.0,193.0,0.561,medium
88,Rourkela-Zone1,0,12.7,20.9,190.6,0.959,medium
88,Rourkela-Zone1,1,24.9,24.0,193.9,0.904,medium
88,Rourkela-Zone1,2,6.9,24.0,196.0,0.884,medium
88,Rourkela-Zone1,3,44.1,25.1,186.7,0.861,medium
88,Rourkela-Zone1,4,25.7,23.1,141.1,0.956,medium
88,Rourkela-Zone1,5,45.3,27.0,116.6,0.846,low
88,Rourkela-Zone1,6,0.0,24.7,122.1,0.912,low
88,Rourkela-Zone1,7,13.6,28.2,101.6,1.0,low
88,Rourkela-Zone1,8,7.1,26.4,113.0,0.946,low
88,Rourkela-Zone1,9,42.5,29.2,118.1,0.922,medium
88,Rourkela-Zone1,10,4.4,32.2,114.0,0.939,low
88,Rourkela-Zone1,11,21.1,29.6,108.3,0.999,medium
88,Rourkela-Zone1,12,12.7,32.3,114.6,0.711,low
88,Rourkela-Zone1,13,30.3,35.3,104.7,0.991,medium
88,Rourkela-Zone1,14,11.6,36.0,119.1,0.738,low
88,Rourkela-Zone1,15,0.0,34.6,119.1,0.86,low
88,Rourkela-Zone1,16,8.5,36.6,116.0,0.933,low
88,Rourkela-Zone1,17,2.9,37.9,125.0,1.0,low
88,Rourkela-Zone1,18,19.5,39.1,114.0,0.876,medium
88,Rourkela-Zone1,19,16.4,41.1,111.6,0.815,medium
88,Rourkela-Zone1,20,59.8,40.2,117.1,0.871,high
88,Rourkela-Zone1,21,36.3,41.2,110.7,0.88,medium
88,Rourkela-Zone1,22,21.3,42.3,109.7,0.819,medium
88,Rourkela-Zone1,23,88.1,42.9,109.4,0.868,high
88,Rourkela-Zone1,24,118.1,43.9,107.7,0.826,high
88,Rourkela-Zone1,25,149.8,44.2,108.3,0.942,high
88,Rourkela-Zone1,26,149.3,42.9,99.3,0.939,high
88,Rourkela-Zone1,27,175.4,44.7,100.0,1.0,high
88,Rourkela-Zone1,28,191.7,40.9,96.9,0.936,high
88,Rourkela-Zone1,29,211.7,41.6,103.4,0.776,high
88,Rourkela-Zone1,30,223.5,41.2,94.6,0.915,high
88,Rourkela-Zone1,31,270.0,41.9,88.4,0.895,high
88,Rourkela-Zone1,32,262.3,41.3,93.0,0.889,high
88,Rourkela-Zone1,33,289.2,40.8,84.9,0.76,high
88,Rourkela-Zone1,34,271.3,38.8,90.9,0.915,high
88,Rourkela-Zone1,35,261.5,36.1,95.7,0.881,high
88,Rourkela-Zone1,36,265.7,34.2,99.6,0.772,medium
88,Rourkela-Zone1,37,245.6,34.5,96.6,1.0,high
88,Rourkela-Zone1,38,252.5,34.9,100.7,0.81,high
88,Rourkela-Zone1,39,202.9,31.1,174.0,0.768,high
88,Rourkela-Zone1,40,262.6,29.5,162.4,0.683,high
88,Rourkela-Zone1,41,179.5,28.6,172.4,1.0,high
88,Rourkela-Zone1,42,143.8,27.3,183.1,1.0,low
88,Rourkela-Zone1,43,129.1,29.7,188.0,0.896,low
88,Rourkela-Zone1,44,104.7,25.8,177.6,1.0,high
88,Rourkela-Zone1,45,34.6,25.1,195.7,1.0,medium
88,Rourkela-Zone1,46,27.1,26.8,203.0,0.82,medium
88,Rourkela-Zone1,47,19.4,24.2,203.7,0.981,high
88,Rourkela-Zone1,48,4.4,22.9,196.4,0.772,medium
88,Rourkela-Zone1,49,16.7,23.5,195.4,0.879,medium
88,Rourkela-Zone1,50,18.1,22.1,190.4,0.947,medium
88,Rourkela-Zone1,51,19.9,26.5,201.4,1.0,medium
88,Rourkela-Zone1,52,0.0,16.7,201.0,0.905,medium
89,Cuttack-Zone1,0,20.0,23.7,196.3,0.708,medium
89,Cuttack-Zone1,1,53.9,23.0,203.3,0.677,high
89,Cuttack-Zone1,2,39.0,22.9,200.9,0.64,medium
89,Cuttack-Zone1,3,52.1,24.6,189.0,0.593,high
89,Cuttack-Zone1,4,42.3,25.4,151.7,0.621,medium
89,Cuttack-Zone1,5,29.4,25.2,116.0,0.439,high
89,Cuttack-Zone1,6,33.7,25.9,117.0,0.716,medium
89,Cuttack-Zone1,7,32.3,27.7,117.3,0.59,medium
89,Cuttack-Zone1,8,26.4,27.3,120.7,0.537,medium
89,Cuttack-Zone1,9,18.2,26.7,110.9,0.631,low
89,Cuttack-Zone1,10,12.5,29.6,110.7,0.548,low
89,Cuttack-Zone1,11,14.1,32.2,118.6,0.496,low
89,Cuttack-Zone1,12,53.2,30.8,110.4,0.684,high
89,Cuttack-Zone1,13,45.8,31.3,105.1,0.634,medium
89,Cuttack-Zone1,14,12.8,35.2,118.6,0.536,low
89,Cuttack-Zone1,15,68.1,36.8,115.9,0.764,high
89,Cuttack-Zone1,16,12.1,37.5,111.4,0.597,low
89,Cuttack-Zone1,17,63.9,38.5,104.0,0.858,high
89,Cuttack-Zone1,18,62.2,40.9,113.7,0.506,high
89,Cuttack-Zone1,19,33.3,38.5,111.6,0.673,medium
89,Cuttack-Zone1,20,26.4,39.6,116.0,0.379,medium
89,Cuttack-Zone1,21,31.7,41.9,114.3,0.558,medium
89,Cuttack-Zone1,22,62.7,39.8,117.4,0.654,high
89,Cuttack-Zone1,23,79.2,41.7,106.4,0.7,high
89,Cuttack-Zone1,24,159.5,42.0,102.3,0.714,high
89,Cuttack-Zone1,25,246.6,43.2,96.1,0.64,high
89,Cuttack-Zone1,26,198.7,41.4,97.4,0.734,high
89,Cuttack-Zone1,27,282.6,43.4,82.7,0.7,high
89,Cuttack-Zone1,28,235.4,40.8,94.9,0.807,high
89,Cuttack-Zone1,29,238.0,42.0,95.3,0.858,high
89,Cuttack-Zone1,30,288.1,42.8,83.0,0.559,high
89,Cuttack-Zone1,31,263.5,38.7,89.7,0.789,high
89,Cuttack-Zone1,32,334.1,40.7,72.4,0.642,high
89,Cuttack-Zone1,33,337.1,38.6,73.7,0.575,high
89,Cuttack-Zone1,34,302.3,38.0,94.7,0.738,high
89,Cuttack-Zone1,35,285.6,36.6,81.6,0.722,high
89,Cuttack-Zone1,36,313.4,35.3,77.0,0.686,high
89,Cuttack-Zone1,37,325.5,35.0,78.6,0.494,high
89,Cuttack-Zone1,38,264.2,34.8,115.7,0.58,high
89,Cuttack-Zone1,39,271.7,31.9,178.6,0.592,high
89,Cuttack-Zone1,40,247.0,29.6,171.7,0.686,high
89,Cuttack-Zone1,41,190.4,30.8,175.7,0.431,high
89,Cuttack-Zone1,42,184.7,28.1,171.0,0.573,high
89,Cuttack-Zone1,43,185.3,26.9,174.4,0.613,high
89,Cuttack-Zone1,44,119.5,26.5,181.4,0.589,high
89,Cuttack-Zone1,45,144.4,25.5,180.1,0.775,high
89,Cuttack-Zone1,46,76.7,24.8,191.4,0.712,high
89,Cuttack-Zone1,47,22.2,23.5,199.6,0.711,medium
89,Cuttack-Zone1,48,49.5,23.0,193.1,0.565,medium
89,Cuttack-Zone1,49,56.2,22.8,188.0,0.629,medium
89,Cuttack-Zone1,50,55.0,22.8,190.0,0.526,high
89,Cuttack-Zone1,51,44.3,24.1,197.1,0.538,medium
89,Cuttack-Zone1,52,0.9,17.3,221.0,0.658,medium
90,Cuttack-Zone1,0,20.0,23.7,196.3,0.761,medium
90,Cuttack-Zone1,1,53.9,23.0,203.3,0.772,high
90,Cuttack-Zone1,2,39.0,22.9,200.9,0.735,medium
90,Cuttack-Zone1,3,52.1,24.6,189.0,0.668,high
90,Cuttack-Zone1,4,42.3,25.4,151.7,0.726,medium
90,Cuttack-Zone1,5,29.4,25.2,116.0,0.873,medium
90,Cuttack-Zone1,6,33.7,25.9,117.0,0.808,medium
90,Cuttack-Zone1,7,32.3,27.7,117.3,0.831,medium
90,Cuttack-Zone1,8,26.4,27.3,120.7,0.745,medium
90,Cuttack-Zone1,9,18.2,26.7,110.9,0.763,low
90,Cuttack-Zone1,10,12.5,29.6,110.7,0.752,low
90,Cuttack-Zone1,11,14.1,32.2,118.6,0.836,medium
90,Cuttack-Zone1,12,53.2,30.8,110.4,0.855,high
90,Cuttack-Zone1,13,45.8,31.3,105.1,0.75,medium
90,Cuttack-Zone1,14,12.8,35.2,118.6,0.774,low
90,Cuttack-Zone1,15,68.1,36.8,115.9,0.773,high
90,Cuttack-Zone1,16,12.1,37.5,111.4,0.817,low
90,Cuttack-Zone1,17,63.9,38.5,104.0,0.783,low
90,Cuttack-Zone1,18,62.2,40.9,113.7,0.69,low
90,Cuttack-Zone1,19,33.3,38.5,111.6,0.844,medium
90,Cuttack-Zone1,20,26.4,39.6,116.0,0.831,medium
90,Cuttack-Zone1,21,31.7,41.9,114.3,0.928,medium
90,Cuttack-Zone1,22,62.7,39.8,117.4,0.914,high
90,Cuttack-Zone1,23,79.2,41.7,106.4,0.657,high
90,Cuttack-Zone1,24,159.5,42.0,102.3,0.648,high
90,Cuttack-Zone1,25,246.6,43.2,96.1,0.786,high
90,Cuttack-Zone1,26,198.7,41.4,97.4,0.885,high
90,Cuttack-Zone1,27,282.6,43.4,82.7,0.924,high
90,Cuttack-Zone1,28,235.4,40.8,94.9,0.77,high
90,Cuttack-Zone1,29,238.0,42.0,95.3,0.783,high
90,Cuttack-Zone1,30,288.1,42.8,83.0,0.776,high
90,Cuttack-Zone1,31,263.5,38.7,89.7,0.797,high
90,Cuttack-Zone1,32,334.1,40.7,72.4,0.82,high
90,Cuttack-Zone1,33,337.1,38.6,73.7,0.76,high
90,Cuttack-Zone1,34,302.3,38.0,94.7,0.775,high
90,Cuttack-Zone1,35,285.6,36.6,81.6,0.843,high
90,Cuttack-Zone1,36,313.4,35.3,77.0,0.681,high
90,Cuttack-Zone1,37,325.5,35.0,78.6,0.99,high
90,Cuttack-Zone1,38,264.2,34.8,115.7,1.0,high
90,Cuttack-Zone1,39,271.7,31.9,178.6,0.882,high
90,Cuttack-Zone1,40,247.0,29.6,171.7,0.941,high
90,Cuttack-Zone1,41,190.4,30.8,175.7,0.717,high
90,Cuttack-Zone1,42,184.7,28.1,171.0,0.746,high
90,Cuttack-Zone1,43,185.3,26.9,174.4,0.579,high
90,Cuttack-Zone1,44,119.5,26.5,181.4,0.809,high
90,Cuttack-Zone1,45,144.4,25.5,180.1,0.812,high
90,Cuttack-Zone1,46,76.7,24.8,191.4,0.832,high
90,Cuttack-Zone1,47,22.2,23.5,199.6,0.642,medium
90,Cuttack-Zone1,48,49.5,23.0,193.1,0.983,medium
90,Cuttack-Zone1,49,56.2,22.8,188.0,0.739,high
90,Cuttack-Zone1,50,55.0,22.8,190.0,0.838,high
90,Cuttack-Zone1,51,44.3,24.1,197.1,0.691,medium
90,Cuttack-Zone1,52,0.9,17.3,221.0,0.72,medium
91,Bhubaneswar-Zone1,0,49.0,21.8,193.4,0.472,medium
91,Bhubaneswar-Zone1,1,77.8,23.1,182.0,0.337,high
91,Bhubaneswar-Zone1,2,27.0,23.8,197.1,0.225,medium
91,Bhubaneswar-Zone1,3,32.5,23.1,193.3,0.318,medium
91,Bhubaneswar-Zone1,4,67.9,25.4,131.0,0.425,high
91,Bhubaneswar-Zone1,5,37.2,24.4,116.6,0.372,medium
91,Bhubaneswar-Zone1,6,45.8,26.3,107.7,0.28,medium
91,Bhubaneswar-Zone1,7,109.5,27.1,101.0,0.356,high
91,Bhubaneswar-Zone1,8,26.4,27.9,123.0,0.293,medium
91,Bhubaneswar-Zone1,9,61.9,27.4,112.9,0.257,high
91,Bhubaneswar-Zone1,10,59.1,31.8,121.6,0.328,high
91,Bhubaneswar-Zone1,11,32.6,31.7,106.6,0.309,medium
91,Bhubaneswar-Zone1,12,48.3,31.4,115.1,0.283,medium
91,Bhubaneswar-Zone1,13,55.6,33.5,107.3,0.292,high
91,Bhubaneswar-Zone1,14,37.3,32.8,121.4,0.334,medium
91,Bhubaneswar-Zone1,15,24.6,36.4,111.0,0.399,medium
91,Bhubaneswar-Zone1,16,91.3,37.6,114.3,0.31,high
91,Bhubaneswar-Zone1,17,48.1,39.2,118.1,0.446,medium
91,Bhubaneswar-Zone1,18,42.5,39.3,118.9,0.276,medium
91,Bhubaneswar-Zone1,19,77.0,39.9,110.1,0.218,high
91,Bhubaneswar-Zone1,20,47.5,40.4,112.1,0.392,medium
91,Bhubaneswar-Zone1,21,40.6,40.8,113.6,0.4,medium
91,Bhubaneswar-Zone1,22,106.5,43.3,98.6,0.525,high
91,Bhubaneswar-Zone1,23,108.8,39.8,95.1,0.65,high
91,Bhubaneswar-Zone1,24,131.7,42.3,109.6,0.223,high
91,Bhubaneswar-Zone1,25,172.0,44.7,95.6,0.297,high
91,Bhubaneswar-Zone1,26,233.2,43.0,91.6,0.415,high
91,Bhubaneswar-Zone1,27,239.5,39.7,100.0,0.205,high
91,Bhubaneswar-Zone1,28,277.5,41.6,82.4,0.433,high
91,Bhubaneswar-Zone1,29,266.7,44.0,80.0,0.531,high
91,Bhubaneswar-Zone1,30,288.9,41.6,86.7,0.312,high
91,Bhubaneswar-Zone1,31,315.4,37.7,94.3,0.311,high
91,Bhubaneswar-Zone1,32,347.5,38.7,80.1,0.367,high
91,Bhubaneswar-Zone1,33,310.4,40.2,84.4,0.381,high
91,Bhubaneswar-Zone1,34,360.4,35.9,81.1,0.431,high
91,Bhubaneswar-Zone1,35,379.1,39.7,78.3,0.231,high
91,Bhubaneswar-Zone1,36,336.6,37.5,77.7,0.472,high
91,Bhubaneswar-Zone1,37,342.3,34.8,76.1,0.409,high
91,Bhubaneswar-Zone1,38,316.9,32.3,111.4,0.417,high
91,Bhubaneswar-Zone1,39,305.7,31.8,166.1,0.251,high
91,Bhubaneswar-Zone1,40,248.4,30.8,169.3,0.27,high
91,Bhubaneswar-Zone1,41,221.0,28.0,179.9,0.402,high
91,Bhubaneswar-Zone1,42,190.3,28.7,179.9,0.59,high
91,Bhubaneswar-Zone1,43,201.3,28.2,167.6,0.295,high
91,Bhubaneswar-Zone1,44,162.7,26.5,180.9,0.352,high
91,Bhubaneswar-Zone1,45,104.4,24.5,193.9,0.345,low
91,Bhubaneswar-Zone1,46,101.0,27.6,195.9,0.435,high
91,Bhubaneswar-Zone1,47,24.5,25.1,193.1,0.524,medium
91,Bhubaneswar-Zone1,48,43.1,26.0,193.1,0.566,medium
91,Bhubaneswar-Zone1,49,36.6,22.9,204.1,0.391,medium
91,Bhubaneswar-Zone1,50,40.1,21.7,205.1,0.475,medium
91,Bhubaneswar-Zone1,51,59.8,22.2,197.9,0.134,high
91,Bhubaneswar-Zone1,52,22.7,20.0,193.0,0.378,high
92,Cuttack-Zone1,0,20.0,23.7,196.3,0.643,medium
92,Cuttack-Zone1,1,53.9,23.0,203.3,0.669,high
92,Cuttack-Zone1,2,39.0,22.9,200.9,0.596,medium
92,Cuttack-Zone1,3,52.1,24.6,189.0,0.392,high
92,Cuttack-Zone1,4,42.3,25.4,151.7,0.652,medium
92,Cuttack-Zone1,5,29.4,25.2,116.0,0.585,medium
92,Cuttack-Zone1,6,33.7,25.9,117.0,0.327,medium
92,Cuttack-Zone1,7,32.3,27.7,117.3,0.576,medium
92,Cuttack-Zone1,8,26.4,27.3,120.7,0.467,medium
92,Cuttack-Zone1,9,18.2,26.7,110.9,0.542,low
92,Cuttack-Zone1,10,12.5,29.6,110.7,0.629,medium
92,Cuttack-Zone1,11,14.1,32.2,118.6,0.413,low
92,Cuttack-Zone1,12,53.2,30.8,110.4,0.6,high
92,Cuttack-Zone1,13,45.8,31.3,105.1,0.707,medium
92,Cuttack-Zone1,14,12.8,35.2,118.6,0.478,low
92,Cuttack-Zone1,15,68.1,36.8,115.9,0.348,high
92,Cuttack-Zone1,16,12.1,37.5,111.4,0.584,low
92,Cuttack-Zone1,17,63.9,38.5,104.0,0.698,high
92,Cuttack-Zone1,18,62.2,40.9,113.7,0.583,high
92,Cuttack-Zone1,19,33.3,38.5,111.6,0.425,medium
92,Cuttack-Zone1,20,26.4,39.6,116.0,0.577,medium
92,Cuttack-Zone1,21,31.7,41.9,114.3,0.539,medium
92,Cuttack-Zone1,22,62.7,39.8,117.4,0.566,high
92,Cuttack-Zone1,23,79.2,41.7,106.4,0.441,high
92,Cuttack-Zone1,24,159.5,42.0,102.3,0.483,high
92,Cuttack-Zone1,25,246.6,43.2,96.1,0.548,high
92,Cuttack-Zone1,26,198.7,41.4,97.4,0.649,high
92,Cuttack-Zone1,27,282.6,43.4,82.7,0.514,high
92,Cuttack-Zone1,28,235.4,40.8,94.9,0.532,medium
92,Cuttack-Zone1,29,238.0,42.0,95.3,0.513,high
92,Cuttack-Zone1,30,288.1,42.8,83.0,0.532,high
92,Cuttack-Zone1,31,263.5,38.7,89.7,0.561,high
92,Cuttack-Zone1,32,334.1,40.7,72.4,0.592,high
92,Cuttack-Zone1,33,337.1,38.6,73.7,0.588,high
92,Cuttack-Zone1,34,302.3,38.0,94.7,0.547,high
92,Cuttack-Zone1,35,285.6,36.6,81.6,0.55,high
92,Cuttack-Zone1,36,313.4,35.3,77.0,0.448,high
92,Cuttack-Zone1,37,325.5,35.0,78.6,0.603,high
92,Cuttack-Zone1,38,264.2,34.8,115.7,0.527,high
92,Cuttack-Zone1,39,271.7,31.9,178.6,0.519,high
92,Cuttack-Zone1,40,247.0,29.6,171.7,0.439,high
92,Cuttack-Zone1,41,190.4,30.8,175.7,0.45,high
92,Cuttack-Zone1,42,184.7,28.1,171.0,0.572,high
92,Cuttack-Zone1,43,185.3,26.9,174.4,0.693,high
92,Cuttack-Zone1,44,119.5,26.5,181.4,0.374,high
92,Cuttack-Zone1,45,144.4,25.5,180.1,0.489,high
92,Cuttack-Zone1,46,76.7,24.8,191.4,0.418,high
92,Cuttack-Zone1,47,22.2,23.5,199.6,0.619,medium
92,Cuttack-Zone1,48,49.5,23.0,193.1,0.417,medium
92,Cuttack-Zone1,49,56.2,22.8,188.0,0.448,high
92,Cuttack-Zone1,50,55.0,22.8,190.0,0.499,high
92,Cuttack-Zone1,51,44.3,24.1,197.1,0.706,medium
92,Cuttack-Zone1,52,0.9,17.3,221.0,0.527,medium
93,Cuttack-Zone1,0,20.0,23.7,196.3,0.915,medium
93,Cuttack-Zone1,1,53.9,23.0,203.3,0.932,high
93,Cuttack-Zone1,2,39.0,22.9,200.9,0.857,medium
93,Cuttack-Zone1,3,52.1,24.6,189.0,0.706,high
93,Cuttack-Zone1,4,42.3,25.4,151.7,0.965,medium
93,Cuttack-Zone1,5,29.4,25.2,116.0,0.809,medium
93,Cuttack-Zone1,6,33.7,25.9,117.0,1.0,medium
93,Cuttack-Zone1,7,32.3,27.7,117.3,0.775,medium
93,Cuttack-Zone1,8,26.4,27.3,120.7,0.865,medium
93,Cuttack-Zone1,9,18.2,26.7,110.9,0.877,low
93,Cuttack-Zone1,10,12.5,29.6,110.7,0.905,low
93,Cuttack-Zone1,11,14.1,32.2,118.6,0.916,low
93,Cuttack-Zone1,12,53.2,30.8,110.4,0.721,high
93,Cuttack-Zone1,13,45.8,31.3,105.1,0.865,medium
93,Cuttack-Zone1,14,12.8,35.2,118.6,0.844,low
93,Cuttack-Zone1,15,68.1,36.8,115.9,0.786,high
93,Cuttack-Zone1,16,12.1,37.5,111.4,0.978,low
93,Cuttack-Zone1,17,63.9,38.5,104.0,0.982,high
93,Cuttack-Zone1,18,62.2,40.9,113.7,0.839,high
93,Cuttack-Zone1,19,33.3,38.5,111.6,0.948,medium
93,Cuttack-Zone1,20,26.4,39.6,116.0,1.0,medium
93,Cuttack-Zone1,21,31.7,41.9,114.3,0.866,medium
93,Cuttack-Zone1,22,62.7,39.8,117.4,0.917,high
93,Cuttack-Zone1,23,79.2,41.7,106.4,0.802,high
93,Cuttack-Zone1,24,159.5,42.0,102.3,0.704,high
93,Cuttack-Zone1,25,246.6,43.2,96.1,0.998,high
93,Cuttack-Zone1,26,198.7,41.4,97.4,0.695,high
93,Cuttack-Zone1,27,282.6,43.4,82.7,0.908,high
93,Cuttack-Zone1,28,235.4,40.8,94.9,0.741,high
93,Cuttack-Zone1,29,238.0,42.0,95.3,0.963,high
93,Cuttack-Zone1,30,288.1,42.8,83.0,1.0,high
93,Cuttack-Zone1,31,263.5,38.7,89.7,0.858,low
93,Cuttack-Zone1,32,334.1,40.7,72.4,0.906,high
93,Cuttack-Zone1,33,337.1,38.6,73.7,0.787,high
93,Cuttack-Zone1,34,302.3,38.0,94.7,0.849,high
93,Cuttack-Zone1,35,285.6,36.6,81.6,1.0,low
93,Cuttack-Zone1,36,313.4,35.3,77.0,0.702,high
93,Cuttack-Zone1,37,325.5,35.0,78.6,0.814,high
93,Cuttack-Zone1,38,264.2,34.8,115.7,0.747,high
93,Cuttack-Zone1,39,271.7,31.9,178.6,0.903,high
93,Cuttack-Zone1,40,247.0,29.6,171.7,0.898,high
93,Cuttack-Zone1,41,190.4,30.8,175.7,0.815,low
93,Cuttack-Zone1,42,184.7,28.1,171.0,0.981,high
93,Cuttack-Zone1,43,185.3,26.9,174.4,1.0,high
93,Cuttack-Zone1,44,119.5,26.5,181.4,0.674,high
93,Cuttack-Zone1,45,144.4,25.5,180.1,0.789,high
93,Cuttack-Zone1,46,76.7,24.8,191.4,1.0,high
93,Cuttack-Zone1,47,22.2,23.5,199.6,1.0,medium
93,Cuttack-Zone1,48,49.5,23.0,193.1,0.914,medium
93,Cuttack-Zone1,49,56.2,22.8,188.0,0.907,high
93,Cuttack-Zone1,50,55.0,22.8,190.0,0.83,high
93,Cuttack-Zone1,51,44.3,24.1,197.1,0.946,medium
93,Cuttack-Zone1,52,0.9,17.3,221.0,0.971,medium
94,Bhubaneswar-Zone1,0,49.0,21.8,193.4,0.816,medium
94,Bhubaneswar-Zone1,1,77.8,23.1,182.0,0.522,high
94,Bhubaneswar-Zone1,2,27.0,23.8,197.1,0.608,medium
94,Bhubaneswar-Zone1,3,32.5,23.1,193.3,0.551,medium
94,Bhubaneswar-Zone1,4,67.9,25.4,131.0,0.639,low
94,Bhubaneswar-Zone1,5,37.2,24.4,116.6,0.714,medium
94,Bhubaneswar-Zone1,6,45.8,26.3,107.7,0.618,low
94,Bhubaneswar-Zone1,7,109.5,27.1,101.0,0.765,high
94,Bhubaneswar-Zone1,8,26.4,27.9,123.0,0.444,medium
94,Bhubaneswar-Zone1,9,61.9,27.4,112.9,0.672,low
94,Bhubaneswar-Zone1,10,59.1,31.8,121.6,0.63,high
94,Bhubaneswar-Zone1,11,32.6,31.7,106.6,0.599,medium
94,Bhubaneswar-Zone1,12,48.3,31.4,115.1,0.511,medium
94,Bhubaneswar-Zone1,13,55.6,33.5,107.3,0.682,high
94,Bhubaneswar-Zone1,14,37.3,32.8,121.4,0.7,medium
94,Bhubaneswar-Zone1,15,24.6,36.4,111.0,0.763,medium
94,Bhubaneswar-Zone1,16,91.3,37.6,114.3,0.771,high
94,Bhubaneswar-Zone1,17,48.1,39.2,118.1,0.535,medium
94,Bhubaneswar-Zone1,18,42.5,39.3,118.9,0.692,medium
94,Bhubaneswar-Zone1,19,77.0,39.9,110.1,0.655,high
94,Bhubaneswar-Zone1,20,47.5,40.4,112.1,0.509,medium
94,Bhubaneswar-Zone1,21,40.6,40.8,113.6,0.625,medium
94,Bhubaneswar-Zone1,22,106.5,43.3,98.6,0.628,medium
94,Bhubaneswar-Zone1,23,108.8,39.8,95.1,0.606,high
94,Bhubaneswar-Zone1,24,131.7,42.3,109.6,0.573,high
94,Bhubaneswar-Zone1,25,172.0,44.7,95.6,0.727,high
94,Bhubaneswar-Zone1,26,233.2,43.0,91.6,0.586,high
94,Bhubaneswar-Zone1,27,239.5,39.7,100.0,0.514,high
94,Bhubaneswar-Zone1,28,277.5,41.6,82.4,0.633,high
94,Bhubaneswar-Zone1,29,266.7,44.0,80.0,0.662,high
94,Bhubaneswar-Zone1,30,288.9,41.6,86.7,0.584,high
94,Bhubaneswar-Zone1,31,315.4,37.7,94.3,0.469,high
94,Bhubaneswar-Zone1,32,347.5,38.7,80.1,0.666,high
94,Bhubaneswar-Zone1,33,310.4,40.2,84.4,0.483,high
94,Bhubaneswar-Zone1,34,360.4,35.9,81.1,0.765,high
94,Bhubaneswar-Zone1,35,379.1,39.7,78.3,0.641,high
94,Bhubaneswar-Zone1,36,336.6,37.5,77.7,0.53,high
94,Bhubaneswar-Zone1,37,342.3,34.8,76.1,0.624,high
94,Bhubaneswar-Zone1,38,316.9,32.3,111.4,0.741,high
94,Bhubaneswar-Zone1,39,305.7,31.8,166.1,0.55,high
94,Bhubaneswar-Zone1,40,248.4,30.8,169.3,0.657,high
94,Bhubaneswar-Zone1,41,221.0,28.0,179.9,0.687,high
94,Bhubaneswar-Zone1,42,190.3,28.7,179.9,0.636,high
94,Bhubaneswar-Zone1,43,201.3,28.2,167.6,0.554,high
94,Bhubaneswar-Zone1,44,162.7,26.5,180.9,0.555,high
94,Bhubaneswar-Zone1,45,104.4,24.5,193.9,0.69,high
94,Bhubaneswar-Zone1,46,101.0,27.6,195.9,0.534,high
94,Bhubaneswar-Zone1,47,24.5,25.1,193.1,0.511,medium
94,Bhubaneswar-Zone1,48,43.1,26.0,193.1,0.724,high
94,Bhubaneswar-Zone1,49,36.6,22.9,204.1,0.748,medium
94,Bhubaneswar-Zone1,50,40.1,21.7,205.1,0.679,medium
94,Bhubaneswar-Zone1,51,59.8,22.2,197.9,0.503,high
94,Bhubaneswar-Zone1,52,22.7,20.0,193.0,0.574,medium
95,Cuttack-Zone1,0,20.0,23.7,196.3,0.839,medium
95,Cuttack-Zone1,1,53.9,23.0,203.3,0.727,high
95,Cuttack-Zone1,2,39.0,22.9,200.9,0.562,medium
95,Cuttack-Zone1,3,52.1,24.6,189.0,0.775,high
95,Cuttack-Zone1,4,42.3,25.4,151.7,0.925,medium
95,Cuttack-Zone1,5,29.4,25.2,116.0,0.515,medium
95,Cuttack-Zone1,6,33.7,25.9,117.0,0.721,medium
95,Cuttack-Zone1,7,32.3,27.7,117.3,0.709,medium
95,Cuttack-Zone1,8,26.4,27.3,120.7,0.937,medium
95,Cuttack-Zone1,9,18.2,26.7,110.9,0.809,low
95,Cuttack-Zone1,10,12.5,29.6,110.7,0.703,low
95,Cuttack-Zone1,11,14.1,32.2,118.6,0.792,low
95,Cuttack-Zone1,12,53.2,30.8,110.4,0.522,high
95,Cuttack-Zone1,13,45.8,31.3,105.1,0.708,medium
95,Cuttack-Zone1,14,12.8,35.2,118.6,0.643,low
95,Cuttack-Zone1,15,68.1,36.8,115.9,0.719,high
95,Cuttack-Zone1,16,12.1,37.5,111.4,0.512,low
95,Cuttack-Zone1,17,63.9,38.5,104.0,0.772,high
95,Cuttack-Zone1,18,62.2,40.9,113.7,0.752,high
95,Cuttack-Zone1,19,33.3,38.5,111.6,0.813,low
95,Cuttack-Zone1,20,26.4,39.6,116.0,0.664,medium
95,Cuttack-Zone1,21,31.7,41.9,114.3,0.53,medium
95,Cuttack-Zone1,22,62.7,39.8,117.4,0.757,high
95,Cuttack-Zone1,23,79.2,41.7,106.4,0.647,high
95,Cuttack-Zone1,24,159.5,42.0,102.3,0.904,high
95,Cuttack-Zone1,25,246.6,43.2,96.1,0.598,high
95,Cuttack-Zone1,26,198.7,41.4,97.4,0.781,high
95,Cuttack-Zone1,27,282.6,43.4,82.7,0.696,high
95,Cuttack-Zone1,28,235.4,40.8,94.9,0.553,high
95,Cuttack-Zone1,29,238.0,42.0,95.3,0.836,low
95,Cuttack-Zone1,30,288.1,42.8,83.0,0.79,high
95,Cuttack-Zone1,31,263.5,38.7,89.7,0.856,high
95,Cuttack-Zone1,32,334.1,40.7,72.4,0.728,high
95,Cuttack-Zone1,33,337.1,38.6,73.7,0.777,high
95,Cuttack-Zone1,34,302.3,38.0,94.7,0.649,high
95,Cuttack-Zone1,35,285.6,36.6,81.6,0.691,high
95,Cuttack-Zone1,36,313.4,35.3,77.0,0.755,high
95,Cuttack-Zone1,37,325.5,35.0,78.6,0.708,high
95,Cuttack-Zone1,38,264.2,34.8,115.7,0.626,high
95,Cuttack-Zone1,39,271.7,31.9,178.6,0.746,high
95,Cuttack-Zone1,40,247.0,29.6,171.7,0.779,high
95,Cuttack-Zone1,41,190.4,30.8,175.7,0.586,high
95,Cuttack-Zone1,42,184.7,28.1,171.0,0.537,high
95,Cuttack-Zone1,43,185.3,26.9,174.4,0.748,high
95,Cuttack-Zone1,44,119.5,26.5,181.4,0.881,high
95,Cuttack-Zone1,45,144.4,25.5,180.1,0.648,high
95,Cuttack-Zone1,46,76.7,24.8,191.4,0.865,high
95,Cuttack-Zone1,47,22.2,23.5,199.6,0.667,medium
95,Cuttack-Zone1,48,49.5,23.0,193.1,0.9,medium
95,Cuttack-Zone1,49,56.2,22.8,188.0,0.744,high
95,Cuttack-Zone1,50,55.0,22.8,190.0,0.733,high
95,Cuttack-Zone1,51,44.3,24.1,197.1,0.83,medium
95,Cuttack-Zone1,52,0.9,17.3,221.0,0.767,medium
96,Puri-Zone1,0,125.9,22.3,186.0,0.568,high
96,Puri-Zone1,1,116.2,22.7,185.0,0.52,high
96,Puri-Zone1,2,77.3,23.1,189.1,0.355,high
96,Puri-Zone1,3,144.2,24.7,182.0,0.527,high
96,Puri-Zone1,4,104.0,23.6,137.7,0.647,high
96,Puri-Zone1,5,75.6,24.8,105.9,0.451,high
96,Puri-Zone1,6,77.2,25.1,109.7,0.516,high
96,Puri-Zone1,7,81.9,25.9,100.3,0.509,high
96,Puri-Zone1,8,105.0,27.3,110.9,0.553,high
96,Puri-Zone1,9,117.3,26.6,105.0,0.55,high
96,Puri-Zone1,10,105.1,29.5,106.1,0.504,high
96,Puri-Zone1,11,92.2,31.1,109.7,0.425,high
96,Puri-Zone1,12,104.3,33.4,109.0,0.497,high
96,Puri-Zone1,13,69.9,32.5,108.0,0.689,high
96,Puri-Zone1,14,132.9,34.1,110.4,0.616,high
96,Puri-Zone1,15,100.4,36.5,110.0,0.685,high
96,Puri-Zone1,16,72.5,36.9,111.0,0.607,high
96,Puri-Zone1,17,94.5,37.0,95.1,0.665,high
96,Puri-Zone1,18,118.3,37.5,115.7,0.489,high
96,Puri-Zone1,19,114.9,40.1,103.0,0.568,high
96,Puri-Zone1,20,113.4,42.0,109.1,0.366,high
96,Puri-Zone1,21,66.8,41.2,111.9,0.574,medium
96,Puri-Zone1,22,168.6,42.4,94.4,0.681,high
96,Puri-Zone1,23,169.2,41.7,96.7,0.48,high
96,Puri-Zone1,24,223.9,41.5,88.4,0.673,high
96,Puri-Zone1,25,238.0,42.9,88.3,0.562,high
96,Puri-Zone1,26,282.3,43.3,92.1,0.582,high
96,Puri-Zone1,27,270.7,41.6,90.7,0.44,high
96,Puri-Zone1,28,286.8,41.9,83.1,0.505,high
96,Puri-Zone1,29,340.7,40.4,88.9,0.548,high
96,Puri-Zone1,30,335.2,42.2,81.0,0.658,high
96,Puri-Zone1,31,385.5,40.3,84.7,0.53,medium
96,Puri-Zone1,32,385.3,40.4,81.3,0.574,high
96,Puri-Zone1,33,344.1,40.2,81.4,0.657,high
96,Puri-Zone1,34,373.5,39.4,77.7,0.457,high
96,Puri-Zone1,35,389.2,37.7,64.0,0.471,high
96,Puri-Zone1,36,358.5,35.0,76.6,0.747,high
96,Puri-Zone1,37,354.0,35.9,92.4,0.484,high
96,Puri-Zone1,38,315.8,36.3,103.7,0.542,high
96,Puri-Zone1,39,351.5,35.2,150.6,0.508,high
96,Puri-Zone1,40,291.4,33.1,171.6,0.571,high
96,Puri-Zone1,41,285.5,31.7,169.0,0.594,high
96,Puri-Zone1,42,247.4,27.8,169.7,0.56,high
96,Puri-Zone1,43,246.9,27.8,159.6,0.524,high
96,Puri-Zone1,44,197.4,26.4,181.7,0.571,high
96,Puri-Zone1,45,159.8,23.8,182.3,0.597,high
96,Puri-Zone1,46,101.3,24.8,181.4,0.518,high
96,Puri-Zone1,47,113.6,24.7,191.0,0.59,high
96,Puri-Zone1,48,105.8,24.6,174.6,0.444,high
96,Puri-Zone1,49,69.5,24.6,191.0,0.554,high
96,Puri-Zone1,50,75.1,24.2,196.6,0.568,high
96,Puri-Zone1,51,109.4,21.1,192.7,0.594,high
96,Puri-Zone1,52,13.9,21.5,190.0,0.447,medium
97,Bhubaneswar-Zone2,0,108.4,21.1,189.9,0.566,high
97,Bhubaneswar-Zone2,1,66.7,23.3,193.3,0.618,high
97,Bhubaneswar-Zone2,2,91.1,21.0,196.0,0.562,high
97,Bhubaneswar-Zone2,3,88.0,23.2,190.6,0.61,high
97,Bhubaneswar-Zone2,4,72.7,23.2,136.9,0.646,high
97,Bhubaneswar-Zone2,5,70.9,23.7,114.6,0.56,high
97,Bhubaneswar-Zone2,6,57.1,25.3,117.9,0.662,high
97,Bhubaneswar-Zone2,7,97.0,27.2,108.0,0.64,low
97,Bhubaneswar-Zone2,8,46.4,29.7,118.6,0.618,medium
97,Bhubaneswar-Zone2,9,41.6,29.3,109.4,0.558,medium
97,Bhubaneswar-Zone2,10,89.7,31.0,125.9,0.608,low
97,Bhubaneswar-Zone2,11,48.2,31.0,113.4,0.501,medium
97,Bhubaneswar-Zone2,12,51.8,32.7,113.7,0.701,high
97,Bhubaneswar-Zone2,13,128.9,34.8,95.1,0.742,high
97,Bhubaneswar-Zone2,14,48.1,34.4,114.6,0.515,medium
97,Bhubaneswar-Zone2,15,83.4,36.8,106.0,0.718,high
97,Bhubaneswar-Zone2,16,85.1,37.7,110.0,0.716,high
97,Bhubaneswar-Zone2,17,79.0,37.4,102.9,0.672,high
97,Bhubaneswar-Zone2,18,104.4,39.9,105.0,0.618,high
97,Bhubaneswar-Zone2,19,111.3,41.9,103.0,0.581,high
97,Bhubaneswar-Zone2,20,72.2,41.6,115.3,0.612,high
97,Bhubaneswar-Zone2,21,49.8,41.0,114.1,0.681,medium
97,Bhubaneswar-Zone2,22,74.5,40.8,103.9,0.749,low
97,Bhubaneswar-Zone2,23,135.2,42.9,108.3,0.537,high
97,Bhubaneswar-Zone2,24,142.8,45.0,110.1,0.535,high
97,Bhubaneswar-Zone2,25,213.2,44.1,96.4,0.739,high
97,Bhubaneswar-Zone2,26,244.8,41.9,89.4,0.488,high
97,Bhubaneswar-Zone2,27,229.8,42.9,94.4,0.686,high
97,Bhubaneswar-Zone2,28,257.8,43.2,89.7,0.603,high
97,Bhubaneswar-Zone2,29,279.6,42.9,86.7,0.756,high
97,Bhubaneswar-Zone2,30,323.3,39.3,86.4,0.581,high
97,Bhubaneswar-Zone2,31,349.4,41.3,75.7,0.399,high
97,Bhubaneswar-Zone2,32,343.1,39.3,87.0,0.572,high
97,Bhubaneswar-Zone2,33,339.2,37.7,72.0,0.363,high
97,Bhubaneswar-Zone2,34,333.2,38.6,85.4,0.476,high
97,Bhubaneswar-Zone2,35,359.8,35.4,79.1,0.737,high
97,Bhubaneswar-Zone2,36,362.9,35.0,81.6,0.384,high
97,Bhubaneswar-Zone2,37,299.2,34.3,85.6,0.682,high
97,Bhubaneswar-Zone2,38,297.3,31.5,112.0,0.632,high
97,Bhubaneswar-Zone2,39,298.5,33.3,172.7,0.744,high
97,Bhubaneswar-Zone2,40,306.6,31.3,161.4,0.682,high
97,Bhubaneswar-Zone2,41,250.9,30.8,175.1,0.668,high
97,Bhubaneswar-Zone2,42,222.5,32.6,174.1,0.789,high
97,Bhubaneswar-Zone2,43,240.7,28.6,180.7,0.676,high
97,Bhubaneswar-Zone2,44,170.7,25.8,181.1,0.723,high
97,Bhubaneswar-Zone2,45,115.2,27.1,179.3,0.431,low
97,Bhubaneswar-Zone2,46,103.4,24.2,181.1,0.558,high
97,Bhubaneswar-Zone2,47,123.4,26.9,181.4,0.802,high
97,Bhubaneswar-Zone2,48,92.9,23.7,190.6,0.764,high
97,Bhubaneswar-Zone2,49,71.1,23.2,195.3,0.674,high
97,Bhubaneswar-Zone2,50,89.6,23.4,189.3,0.544,high
97,Bhubaneswar-Zone2,51,31.0,23.1,195.4,0.871,medium
97,Bhubaneswar-Zone2,52,3.2,17.6,200.0,0.724,low
98,Bhubaneswar-Zone2,0,108.4,21.1,189.9,0.729,high
98,Bhubaneswar-Zone2,1,66.7,23.3,193.3,0.762,high
98,Bhubaneswar-Zone2,2,91.1,21.0,196.0,0.793,high
98,Bhubaneswar-Zone2,3,88.0,23.2,190.6,0.87,high
98,Bhubaneswar-Zone2,4,72.7,23.2,136.9,0.937,high
98,Bhubaneswar-Zone2,5,70.9,23.7,114.6,0.727,high
98,Bhubaneswar-Zone2,6,57.1,25.3,117.9,0.688,high
98,Bhubaneswar-Zone2,7,97.0,27.2,108.0,0.796,high
98,Bhubaneswar-Zone2,8,46.4,29.7,118.6,0.838,medium
98,Bhubaneswar-Zone2,9,41.6,29.3,109.4,0.679,medium
98,Bhubaneswar-Zone2,10,89.7,31.0,125.9,0.745,high
98,Bhubaneswar-Zone2,11,48.2,31.0,113.4,0.748,medium
98,Bhubaneswar-Zone2,12,51.8,32.7,113.7,0.69,high
98,Bhubaneswar-Zone2,13,128.9,34.8,95.1,0.852,high
98,Bhubaneswar-Zone2,14,48.1,34.4,114.6,0.933,medium
98,Bhubaneswar-Zone2,15,83.4,36.8,106.0,0.583,high
98,Bhubaneswar-Zone2,16,85.1,37.7,110.0,0.818,high
98,Bhubaneswar-Zone2,17,79.0,37.4,102.9,0.744,high
98,Bhubaneswar-Zone2,18,104.4,39.9,105.0,0.726,high
98,Bhubaneswar-Zone2,19,111.3,41.9,103.0,0.722,high
98,Bhubaneswar-Zone2,20,72.2,41.6,115.3,0.678,high
98,Bhubaneswar-Zone2,21,49.8,41.0,114.1,0.849,medium
98,Bhubaneswar-Zone2,22,74.5,40.8,103.9,0.664,high
98,Bhubaneswar-Zone2,23,135.2,42.9,108.3,0.817,high
98,Bhubaneswar-Zone2,24,142.8,45.0,110.1,0.693,high
98,Bhubaneswar-Zone2,25,213.2,44.1,96.4,0.796,high
98,Bhubaneswar-Zone2,26,244.8,41.9,89.4,0.769,high
98,Bhubaneswar-Zone2,27,229.8,42.9,94.4,0.735,high
98,Bhubaneswar-Zone2,28,257.8,43.2,89.7,0.709,high
98,Bhubaneswar-Zone2,29,279.6,42.9,86.7,0.78,high
98,Bhubaneswar-Zone2,30,323.3,39.3,86.4,0.768,high
98,Bhubaneswar-Zone2,31,349.4,41.3,75.7,0.683,high
98,Bhubaneswar-Zone2,32,343.1,39.3,87.0,0.861,high
98,Bhubaneswar-Zone2,33,339.2,37.7,72.0,0.835,medium
98,Bhubaneswar-Zone2,34,333.2,38.6,85.4,0.664,high
98,Bhubaneswar-Zone2,35,359.8,35.4,79.1,0.668,high
98,Bhubaneswar-Zone2,36,362.9,35.0,81.6,0.844,high
98,Bhubaneswar-Zone2,37,299.2,34.3,85.6,0.692,high
98,Bhubaneswar-Zone2,38,297.3,31.5,112.0,0.744,low
98,Bhubaneswar-Zone2,39,298.5,33.3,172.7,0.712,high
98,Bhubaneswar-Zone2,40,306.6,31.3,161.4,0.816,high
98,Bhubaneswar-Zone2,41,250.9,30.8,175.1,0.702,high
98,Bhubaneswar-Zone2,42,222.5,32.6,174.1,0.81,high
98,Bhubaneswar-Zone2,43,240.7,28.6,180.7,0.512,high
98,Bhubaneswar-Zone2,44,170.7,25.8,181.1,0.665,high
98,Bhubaneswar-Zone2,45,115.2,27.1,179.3,0.657,high
98,Bhubaneswar-Zone2,46,103.4,24.2,181.1,0.647,high
98,Bhubaneswar-Zone2,47,123.4,26.9,181.4,0.811,high
98,Bhubaneswar-Zone2,48,92.9,23.7,190.6,0.659,high
98,Bhubaneswar-Zone2,49,71.1,23.2,195.3,0.641,high
98,Bhubaneswar-Zone2,50,89.6,23.4,189.3,0.798,high
98,Bhubaneswar-Zone2,51,31.0,23.1,195.4,0.804,medium
98,Bhubaneswar-Zone2,52,3.2,17.6,200.0,0.774,medium
99,Bhubaneswar-Zone1,0,49.0,21.8,193.4,0.593,medium
99,Bhubaneswar-Zone1,1,77.8,23.1,182.0,0.797,high
99,Bhubaneswar-Zone1,2,27.0,23.8,197.1,0.718,medium
99,Bhubaneswar-Zone1,3,32.5,23.1,193.3,0.654,medium
99,Bhubaneswar-Zone1,4,67.9,25.4,131.0,0.715,high
99,Bhubaneswar-Zone1,5,37.2,24.4,116.6,0.62,medium
99,Bhubaneswar-Zone1,6,45.8,26.3,107.7,0.651,high
99,Bhubaneswar-Zone1,7,109.5,27.1,101.0,0.721,high
99,Bhubaneswar-Zone1,8,26.4,27.9,123.0,0.567,medium
99,Bhubaneswar-Zone1,9,61.9,27.4,112.9,0.905,high
99,Bhubaneswar-Zone1,10,59.1,31.8,121.6,0.672,high
99,Bhubaneswar-Zone1,11,32.6,31.7,106.6,0.843,medium
99,Bhubaneswar-Zone1,12,48.3,31.4,115.1,0.527,medium
99,Bhubaneswar-Zone1,13,55.6,33.5,107.3,0.45,high
99,Bhubaneswar-Zone1,14,37.3,32.8,121.4,0.615,medium
99,Bhubaneswar-Zone1,15,24.6,36.4,111.0,0.728,medium
99,Bhubaneswar-Zone1,16,91.3,37.6,114.3,0.699,high
99,Bhubaneswar-Zone1,17,48.1,39.2,118.1,0.628,medium
99,Bhubaneswar-Zone1,18,42.5,39.3,118.9,0.726,medium
99,Bhubaneswar-Zone1,19,77.0,39.9,110.1,0.662,high
99,Bhubaneswar-Zone1,20,47.5,40.4,112.1,0.57,medium
99,Bhubaneswar-Zone1,21,40.6,40.8,113.6,0.861,medium
99,Bhubaneswar-Zone1,22,106.5,43.3,98.6,0.445,high
99,Bhubaneswar-Zone1,23,108.8,39.8,95.1,0.713,high
99,Bhubaneswar-Zone1,24,131.7,42.3,109.6,0.692,high
99,Bhubaneswar-Zone1,25,172.0,44.7,95.6,0.695,high
99,Bhubaneswar-Zone1,26,233.2,43.0,91.6,0.794,high
99,Bhubaneswar-Zone1,27,239.5,39.7,100.0,0.583,high
99,Bhubaneswar-Zone1,28,277.5,41.6,82.4,0.578,high
99,Bhubaneswar-Zone1,29,266.7,44.0,80.0,0.795,high
99,Bhubaneswar-Zone1,30,288.9,41.6,86.7,0.749,high
99,Bhubaneswar-Zone1,31,315.4,37.7,94.3,0.836,high
99,Bhubaneswar-Zone1,32,347.5,38.7,80.1,0.667,high
99,Bhubaneswar-Zone1,33,310.4,40.2,84.4,0.664,low
99,Bhubaneswar-Zone1,34,360.4,35.9,81.1,0.782,high
99,Bhubaneswar-Zone1,35,379.1,39.7,78.3,0.598,high
99,Bhubaneswar-Zone1,36,336.6,37.5,77.7,0.591,high
99,Bhubaneswar-Zone1,37,342.3,34.8,76.1,0.898,high
99,Bhubaneswar-Zone1,38,316.9,32.3,111.4,0.697,high
99,Bhubaneswar-Zone1,39,305.7,31.8,166.1,0.674,medium
99,Bhubaneswar-Zone1,40,248.4,30.8,169.3,0.572,high
99,Bhubaneswar-Zone1,41,221.0,28.0,179.9,0.771,high
99,Bhubaneswar-Zone1,42,190.3,28.7,179.9,0.576,high
99,Bhubaneswar-Zone1,43,201.3,28.2,167.6,0.548,high
99,Bhubaneswar-Zone1,44,162.7,26.5,180.9,0.609,high
99,Bhubaneswar-Zone1,45,104.4,24.5,193.9,0.693,high
99,Bhubaneswar-Zone1,46,101.0,27.6,195.9,0.595,high
99,Bhubaneswar-Zone1,47,24.5,25.1,193.1,0.812,medium
99,Bhubaneswar-Zone1,48,43.1,26.0,193.1,0.416,medium
99,Bhubaneswar-Zone1,49,36.6,22.9,204.1,0.693,medium
99,Bhubaneswar-Zone1,50,40.1,21.7,205.1,0.678,medium
99,Bhubaneswar-Zone1,51,59.8,22.2,197.9,0.849,high
99,Bhubaneswar-Zone1,52,22.7,20.0,193.0,0.703,medium
100,Rourkela-Zone1,0,12.7,20.9,190.6,0.954,medium
100,Rourkela-Zone1,1,24.9,24.0,193.9,0.909,medium
100,Rourkela-Zone1,2,6.9,24.0,196.0,1.0,medium
100,Rourkela-Zone1,3,44.1,25.1,186.7,0.975,high
100,Rourkela-Zone1,4,25.7,23.1,141.1,0.808,medium
100,Rourkela-Zone1,5,45.3,27.0,116.6,1.0,medium
100,Rourkela-Zone1,6,0.0,24.7,122.1,1.0,low
100,Rourkela-Zone1,7,13.6,28.2,101.6,0.945,low
100,Rourkela-Zone1,8,7.1,26.4,113.0,1.0,low
100,Rourkela-Zone1,9,42.5,29.2,118.1,0.96,medium
100,Rourkela-Zone1,10,4.4,32.2,114.0,0.969,low
100,Rourkela-Zone1,11,21.1,29.6,108.3,1.0,medium
100,Rourkela-Zone1,12,12.7,32.3,114.6,0.875,low
100,Rourkela-Zone1,13,30.3,35.3,104.7,0.929,medium
100,Rourkela-Zone1,14,11.6,36.0,119.1,0.944,low
100,Rourkela-Zone1,15,0.0,34.6,119.1,1.0,low
100,Rourkela-Zone1,16,8.5,36.6,116.0,0.865,low
100,Rourkela-Zone1,17,2.9,37.9,125.0,0.842,low
100,Rourkela-Zone1,18,19.5,39.1,114.0,0.847,medium
100,Rourkela-Zone1,19,16.4,41.1,111.6,1.0,medium
100,Rourkela-Zone1,20,59.8,40.2,117.1,1.0,high
100,Rourkela-Zone1,21,36.3,41.2,110.7,1.0,medium
100,Rourkela-Zone1,22,21.3,42.3,109.7,1.0,medium
100,Rourkela-Zone1,23,88.1,42.9,109.4,1.0,high
100,Rourkela-Zone1,24,118.1,43.9,107.7,0.817,high
100,Rourkela-Zone1,25,149.8,44.2,108.3,1.0,high
100,Rourkela-Zone1,26,149.3,42.9,99.3,0.897,high
100,Rourkela-Zone1,27,175.4,44.7,100.0,0.961,high
100,Rourkela-Zone1,28,191.7,40.9,96.9,1.0,high
100,Rourkela-Zone1,29,211.7,41.6,103.4,1.0,high
100,Rourkela-Zone1,30,223.5,41.2,94.6,1.0,medium
100,Rourkela-Zone1,31,270.0,41.9,88.4,1.0,high
100,Rourkela-Zone1,32,262.3,41.3,93.0,1.0,high
100,Rourkela-Zone1,33,289.2,40.8,84.9,0.947,high
100,Rourkela-Zone1,34,271.3,38.8,90.9,0.731,high
100,Rourkela-Zone1,35,261.5,36.1,95.7,0.978,high
100,Rourkela-Zone1,36,265.7,34.2,99.6,1.0,high
100,Rourkela-Zone1,37,245.6,34.5,96.6,0.831,high
100,Rourkela-Zone1,38,252.5,34.9,100.7,1.0,high
100,Rourkela-Zone1,39,202.9,31.1,174.0,0.816,high
100,Rourkela-Zone1,40,262.6,29.5,162.4,1.0,high
100,Rourkela-Zone1,41,179.5,28.6,172.4,0.909,high
100,Rourkela-Zone1,42,143.8,27.3,183.1,0.926,high
100,Rourkela-Zone1,43,129.1,29.7,188.0,1.0,high
100,Rourkela-Zone1,44,104.7,25.8,177.6,0.804,high
100,Rourkela-Zone1,45,34.6,25.1,195.7,1.0,high
100,Rourkela-Zone1,46,27.1,26.8,203.0,0.959,medium
100,Rourkela-Zone1,47,19.4,24.2,203.7,1.0,medium
100,Rourkela-Zone1,48,4.4,22.9,196.4,1.0,medium
100,Rourkela-Zone1,49,16.7,23.5,195.4,0.831,medium
100,Rourkela-Zone1,50,18.1,22.1,190.4,1.0,medium
100,Rourkela-Zone1,51,19.9,26.5,201.4,0.733,low
100,Rourkela-Zone1,52,0.0,16.7,201.0,1.0,medium
101,Bhubaneswar-Zone1,0,49.0,21.8,193.4,0.703,medium
101,Bhubaneswar-Zone1,1,77.8,23.1,182.0,0.828,high
101,Bhubaneswar-Zone1,2,27.0,23.8,197.1,0.796,medium
101,Bhubaneswar-Zone1,3,32.5,23.1,193.3,0.74,medium
101,Bhubaneswar-Zone1,4,67.9,25.4,131.0,0.488,medium
101,Bhubaneswar-Zone1,5,37.2,24.4,116.6,0.816,medium
101,Bhubaneswar-Zone1,6,45.8,26.3,107.7,0.681,medium
101,Bhubaneswar-Zone1,7,109.5,27.1,101.0,0.389,high
101,Bhubaneswar-Zone1,8,26.4,27.9,123.0,0.845,medium
101,Bhubaneswar-Zone1,9,61.9,27.4,112.9,0.678,high
101,Bhubaneswar-Zone1,10,59.1,31.8,121.6,0.7,high
101,Bhubaneswar-Zone1,11,32.6,31.7,106.6,0.553,medium
101,Bhubaneswar-Zone1,12,48.3,31.4,115.1,0.703,medium
101,Bhubaneswar-Zone1,13,55.6,33.5,107.3,0.721,high
101,Bhubaneswar-Zone1,14,37.3,32.8,121.4,0.585,medium
101,Bhubaneswar-Zone1,15,24.6,36.4,111.0,0.752,medium
101,Bhubaneswar-Zone1,16,91.3,37.6,114.3,0.497,high
101,Bhubaneswar-Zone1,17,48.1,39.2,118.1,0.665,medium
101,Bhubaneswar-Zone1,18,42.5,39.3,118.9,0.55,medium
101,Bhubaneswar-Zone1,19,77.0,39.9,110.1,0.687,high
101,Bhubaneswar-Zone1,20,47.5,40.4,112.1,0.646,medium
101,Bhubaneswar-Zone1,21,40.6,40.8,113.6,0.728,medium
101,Bhubaneswar-Zone1,22,106.5,43.3,98.6,0.677,high
101,Bhubaneswar-Zone1,23,108.8,39.8,95.1,0.725,high
101,Bhubaneswar-Zone1,24,131.7,42.3,109.6,0.69,high
101,Bhubaneswar-Zone1,25,172.0,44.7,95.6,0.79,high
101,Bhubaneswar-Zone1,26,233.2,43.0,91.6,0.774,high
101,Bhubaneswar-Zone1,27,239.5,39.7,100.0,0.614,high
101,Bhubaneswar-Zone1,28,277.5,41.6,82.4,0.782,high
101,Bhubaneswar-Zone1,29,266.7,44.0,80.0,0.72,high
101,Bhubaneswar-Zone1,30,288.9,41.6,86.7,0.8,high
101,Bhubaneswar-Zone1,31,315.4,37.7,94.3,0.588,high
101,Bhubaneswar-Zone1,32,347.5,38.7,80.1,0.566,low
101,Bhubaneswar-Zone1,33,310.4,40.2,84.4,0.657,high
101,Bhubaneswar-Zone1,34,360.4,35.9,81.1,0.66,high
101,Bhubaneswar-Zone1,35,379.1,39.7,78.3,0.573,high
101,Bhubaneswar-Zone1,36,336.6,37.5,77.7,0.689,high
101,Bhubaneswar-Zone1,37,342.3,34.8,76.1,0.537,high
101,Bhubaneswar-Zone1,38,316.9,32.3,111.4,0.663,high
101,Bhubaneswar-Zone1,39,305.7,31.8,166.1,0.501,high
101,Bhubaneswar-Zone1,40,248.4,30.8,169.3,0.702,high
101,Bhubaneswar-Zone1,41,221.0,28.0,179.9,0.654,high
101,Bhubaneswar-Zone1,42,190.3,28.7,179.9,0.596,high
101,Bhubaneswar-Zone1,43,201.3,28.2,167.6,0.728,high
101,Bhubaneswar-Zone1,44,162.7,26.5,180.9,0.85,high
101,Bhubaneswar-Zone1,45,104.4,24.5,193.9,0.937,high
101,Bhubaneswar-Zone1,46,101.0,27.6,195.9,0.742,high
101,Bhubaneswar-Zone1,47,24.5,25.1,193.1,0.725,medium
101,Bhubaneswar-Zone1,48,43.1,26.0,193.1,0.583,medium
101,Bhubaneswar-Zone1,49,36.6,22.9,204.1,0.736,medium
101,Bhubaneswar-Zone1,50,40.1,21.7,205.1,0.617,medium
101,Bhubaneswar-Zone1,51,59.8,22.2,197.9,0.786,high
101,Bhubaneswar-Zone1,52,22.7,20.0,193.0,0.714,medium
102,Rourkela-Zone1,0,12.7,20.9,190.6,1.0,medium
102,Rourkela-Zone1,1,24.9,24.0,193.9,0.796,medium
102,Rourkela-Zone1,2,6.9,24.0,196.0,0.804,medium
102,Rourkela-Zone1,3,44.1,25.1,186.7,0.856,medium
102,Rourkela-Zone1,4,25.7,23.1,141.1,0.899,medium
102,Rourkela-Zone1,5,45.3,27.0,116.6,0.778,high
102,Rourkela-Zone1,6,0.0,24.7,122.1,0.864,low
102,Rourkela-Zone1,7,13.6,28.2,101.6,0.831,low
102,Rourkela-Zone1,8,7.1,26.4,113.0,0.701,low
102,Rourkela-Zone1,9,42.5,29.2,118.1,1.0,medium
102,Rourkela-Zone1,10,4.4,32.2,114.0,0.983,low
102,Rourkela-Zone1,11,21.1,29.6,108.3,0.747,medium
102,Rourkela-Zone1,12,12.7,32.3,114.6,1.0,low
102,Rourkela-Zone1,13,30.3,35.3,104.7,0.858,medium
102,Rourkela-Zone1,14,11.6,36.0,119.1,0.757,low
102,Rourkela-Zone1,15,0.0,34.6,119.1,0.951,low
102,Rourkela-Zone1,16,8.5,36.6,116.0,0.915,low
102,Rourkela-Zone1,17,2.9,37.9,125.0,0.78,low
102,Rourkela-Zone1,18,19.5,39.1,114.0,0.763,medium
102,Rourkela-Zone1,19,16.4,41.1,111.6,0.815,medium
102,Rourkela-Zone1,20,59.8,40.2,117.1,0.78,high
102,Rourkela-Zone1,21,36.3,41.2,110.7,0.9,medium
102,Rourkela-Zone1,22,21.3,42.3,109.7,0.908,medium
102,Rourkela-Zone1,23,88.1,42.9,109.4,1.0,high
102,Rourkela-Zone1,24,118.1,43.9,107.7,0.918,high
102,Rourkela-Zone1,25,149.8,44.2,108.3,0.99,high
102,Rourkela-Zone1,26,149.3,42.9,99.3,0.79,high
102,Rourkela-Zone1,27,175.4,44.7,100.0,1.0,high
102,Rourkela-Zone1,28,191.7,40.9,96.9,0.784,high
102,Rourkela-Zone1,29,211.7,41.6,103.4,0.759,high
102,Rourkela-Zone1,30,223.5,41.2,94.6,0.915,high
102,Rourkela-Zone1,31,270.0,41.9,88.4,0.869,high
102,Rourkela-Zone1,32,262.3,41.3,93.0,0.86,high
102,Rourkela-Zone1,33,289.2,40.8,84.9,0.94,high
102,Rourkela-Zone1,34,271.3,38.8,90.9,0.796,high
102,Rourkela-Zone1,35,261.5,36.1,95.7,0.945,high
102,Rourkela-Zone1,36,265.7,34.2,99.6,0.875,high
102,Rourkela-Zone1,37,245.6,34.5,96.6,0.987,high
102,Rourkela-Zone1,38,252.5,34.9,100.7,0.786,high
102,Rourkela-Zone1,39,202.9,31.1,174.0,0.791,high
102,Rourkela-Zone1,40,262.6,29.5,162.4,1.0,high
102,Rourkela-Zone1,41,179.5,28.6,172.4,0.925,high
102,Rourkela-Zone1,42,143.8,27.3,183.1,0.848,high
102,Rourkela-Zone1,43,129.1,29.7,188.0,0.996,medium
102,Rourkela-Zone1,44,104.7,25.8,177.6,0.956,high
102,Rourkela-Zone1,45,34.6,25.1,195.7,0.946,medium
102,Rourkela-Zone1,46,27.1,26.8,203.0,1.0,medium
102,Rourkela-Zone1,47,19.4,24.2,203.7,0.944,medium
102,Rourkela-Zone1,48,4.4,22.9,196.4,1.0,medium
102,Rourkela-Zone1,49,16.7,23.5,195.4,0.94,medium
102,Rourkela-Zone1,50,18.1,22.1,190.4,0.829,medium
102,Rourkela-Zone1,51,19.9,26.5,201.4,0.76,medium
102,Rourkela-Zone1,52,0.0,16.7,201.0,1.0,medium
103,Bhubaneswar-Zone2,0,108.4,21.1,189.9,0.835,high
103,Bhubaneswar-Zone2,1,66.7,23.3,193.3,0.736,high
103,Bhubaneswar-Zone2,2,91.1,21.0,196.0,0.826,high
103,Bhubaneswar-Zone2,3,88.0,23.2,190.6,0.709,high
103,Bhubaneswar-Zone2,4,72.7,23.2,136.9,0.843,high
103,Bhubaneswar-Zone2,5,70.9,23.7,114.6,0.726,high
103,Bhubaneswar-Zone2,6,57.1,25.3,117.9,0.729,high
103,Bhubaneswar-Zone2,7,97.0,27.2,108.0,0.95,high
103,Bhubaneswar-Zone2,8,46.4,29.7,118.6,0.769,medium
103,Bhubaneswar-Zone2,9,41.6,29.3,109.4,0.808,medium
103,Bhubaneswar-Zone2,10,89.7,31.0,125.9,0.783,high
103,Bhubaneswar-Zone2,11,48.2,31.0,113.4,0.781,medium
103,Bhubaneswar-Zone2,12,51.8,32.7,113.7,0.896,high
103,Bhubaneswar-Zone2,13,128.9,34.8,95.1,0.724,high
103,Bhubaneswar-Zone2,14,48.1,34.4,114.6,0.697,medium
103,Bhubaneswar-Zone2,15,83.4,36.8,106.0,0.606,high
103,Bhubaneswar-Zone2,16,85.1,37.7,110.0,0.755,high
103,Bhubaneswar-Zone2,17,79.0,37.4,102.9,0.674,high
103,Bhubaneswar-Zone2,18,104.4,39.9,105.0,0.771,high
103,Bhubaneswar-Zone2,19,111.3,41.9,103.0,0.63,high
103,Bhubaneswar-Zone2,20,72.2,41.6,115.3,0.77,high
103,Bhubaneswar-Zone2,21,49.8,41.0,114.1,0.832,medium
103,Bhubaneswar-Zone2,22,74.5,40.8,103.9,0.798,high
103,Bhubaneswar-Zone2,23,135.2,42.9,108.3,0.864,high
103,Bhubaneswar-Zone2,24,142.8,45.0,110.1,0.915,low
103,Bhubaneswar-Zone2,25,213.2,44.1,96.4,0.888,high
103,Bhubaneswar-Zone2,26,244.8,41.9,89.4,0.721,high
103,Bhubaneswar-Zone2,27,229.8,42.9,94.4,0.75,high
103,Bhubaneswar-Zone2,28,257.8,43.2,89.7,0.904,high
103,Bhubaneswar-Zone2,29,279.6,42.9,86.7,0.751,high
103,Bhubaneswar-Zone2,30,323.3,39.3,86.4,0.498,high
103,Bhubaneswar-Zone2,31,349.4,41.3,75.7,0.661,high
103,Bhubaneswar-Zone2,32,343.1,39.3,87.0,0.827,high
103,Bhubaneswar-Zone2,33,339.2,37.7,72.0,0.903,high
103,Bhubaneswar-Zone2,34,333.2,38.6,85.4,0.712,high
103,Bhubaneswar-Zone2,35,359.8,35.4,79.1,0.782,high
103,Bhubaneswar-Zone2,36,362.9,35.0,81.6,0.805,high
103,Bhubaneswar-Zone2,37,299.2,34.3,85.6,0.828,high
103,Bhubaneswar-Zone2,38,297.3,31.5,112.0,0.71,high
103,Bhubaneswar-Zone2,39,298.5,33.3,172.7,0.667,high
103,Bhubaneswar-Zone2,40,306.6,31.3,161.4,0.903,high
103,Bhubaneswar-Zone2,41,250.9,30.8,175.1,0.735,high
103,Bhubaneswar-Zone2,42,222.5,32.6,174.1,0.72,high
103,Bhubaneswar-Zone2,43,240.7,28.6,180.7,0.826,high
103,Bhubaneswar-Zone2,44,170.7,25.8,181.1,0.748,high
103,Bhubaneswar-Zone2,45,115.2,27.1,179.3,0.827,high
103,Bhubaneswar-Zone2,46,103.4,24.2,181.1,0.714,low
103,Bhubaneswar-Zone2,47,123.4,26.9,181.4,0.891,high
103,Bhubaneswar-Zone2,48,92.9,23.7,190.6,1.0,high
103,Bhubaneswar-Zone2,49,71.1,23.2,195.3,1.0,high
103,Bhubaneswar-Zone2,50,89.6,23.4,189.3,0.79,low
103,Bhubaneswar-Zone2,51,31.0,23.1,195.4,0.808,medium
103,Bhubaneswar-Zone2,52,3.2,17.6,200.0,0.747,medium
104,Bhubaneswar-Zone1,0,49.0,21.8,193.4,0.699,medium
104,Bhubaneswar-Zone1,1,77.8,23.1,182.0,0.477,high
104,Bhubaneswar-Zone1,2,27.0,23.8,197.1,0.438,medium
104,Bhubaneswar-Zone1,3,32.5,23.1,193.3,0.451,medium
104,Bhubaneswar-Zone1,4,67.9,25.4,131.0,0.519,high
104,Bhubaneswar-Zone1,5,37.2,24.4,116.6,0.668,medium
104,Bhubaneswar-Zone1,6,45.8,26.3,107.7,0.876,medium
104,Bhubaneswar-Zone1,7,109.5,27.1,101.0,0.542,high
104,Bhubaneswar-Zone1,8,26.4,27.9,123.0,0.555,medium
104,Bhubaneswar-Zone1,9,61.9,27.4,112.9,0.438,high
104,Bhubaneswar-Zone1,10,59.1,31.8,121.6,0.447,high
104,Bhubaneswar-Zone1,11,32.6,31.7,106.6,0.516,medium
104,Bhubaneswar-Zone1,12,48.3,31.4,115.1,0.492,high
104,Bhubaneswar-Zone1,13,55.6,33.5,107.3,0.644,high
104,Bhubaneswar-Zone1,14,37.3,32.8,121.4,0.602,medium
104,Bhubaneswar-Zone1,15,24.6,36.4,111.0,0.667,medium
104,Bhubaneswar-Zone1,16,91.3,37.6,114.3,0.618,high
104,Bhubaneswar-Zone1,17,48.1,39.2,118.1,0.327,medium
104,Bhubaneswar-Zone1,18,42.5,39.3,118.9,0.482,medium
104,Bhubaneswar-Zone1,19,77.0,39.9,110.1,0.497,high
104,Bhubaneswar-Zone1,20,47.5,40.4,112.1,0.562,high
104,Bhubaneswar-Zone1,21,40.6,40.8,113.6,0.545,medium
104,Bhubaneswar-Zone1,22,106.5,43.3,98.6,0.509,high
104,Bhubaneswar-Zone1,23,108.8,39.8,95.1,0.597,high
104,Bhubaneswar-Zone1,24,131.7,42.3,109.6,0.441,high
104,Bhubaneswar-Zone1,25,172.0,44.7,95.6,0.498,high
104,Bhubaneswar-Zone1,26,233.2,43.0,91.6,0.681,high
104,Bhubaneswar-Zone1,27,239.5,39.7,100.0,0.448,high
104,Bhubaneswar-Zone1,28,277.5,41.6,82.4,0.648,high
104,Bhubaneswar-Zone1,29,266.7,44.0,80.0,0.648,low
104,Bhubaneswar-Zone1,30,288.9,41.6,86.7,0.514,high
104,Bhubaneswar-Zone1,31,315.4,37.7,94.3,0.568,high
104,Bhubaneswar-Zone1,32,347.5,38.7,80.1,0.625,high
104,Bhubaneswar-Zone1,33,310.4,40.2,84.4,0.547,high
104,Bhubaneswar-Zone1,34,360.4,35.9,81.1,0.526,high
104,Bhubaneswar-Zone1,35,379.1,39.7,78.3,0.592,high
104,Bhubaneswar-Zone1,36,336.6,37.5,77.7,0.564,high
104,Bhubaneswar-Zone1,37,342.3,34.8,76.1,0.437,high
104,Bhubaneswar-Zone1,38,316.9,32.3,111.4,0.708,high
104,Bhubaneswar-Zone1,39,305.7,31.8,166.1,0.533,high
104,Bhubaneswar-Zone1,40,248.4,30.8,169.3,0.564,high
104,Bhubaneswar-Zone1,41,221.0,28.0,179.9,0.419,high
104,Bhubaneswar-Zone1,42,190.3,28.7,179.9,0.674,high
104,Bhubaneswar-Zone1,43,201.3,28.2,167.6,0.52,high
104,Bhubaneswar-Zone1,44,162.7,26.5,180.9,0.721,high
104,Bhubaneswar-Zone1,45,104.4,24.5,193.9,0.559,high
104,Bhubaneswar-Zone1,46,101.0,27.6,195.9,0.618,high
104,Bhubaneswar-Zone1,47,24.5,25.1,193.1,0.528,medium
104,Bhubaneswar-Zone1,48,43.1,26.0,193.1,0.443,medium
104,Bhubaneswar-Zone1,49,36.6,22.9,204.1,0.604,medium
104,Bhubaneswar-Zone1,50,40.1,21.7,205.1,0.603,medium
104,Bhubaneswar-Zone1,51,59.8,22.2,197.9,0.348,high
104,Bhubaneswar-Zone1,52,22.7,20.0,193.0,0.435,medium
105,Puri-Zone1,0,125.9,22.3,186.0,0.984,high
105,Puri-Zone1,1,116.2,22.7,185.0,0.834,high
105,Puri-Zone1,2,77.3,23.1,189.1,0.945,high
105,Puri-Zone1,3,144.2,24.7,182.0,1.0,low
105,Puri-Zone1,4,104.0,23.6,137.7,0.922,high
105,Puri-Zone1,5,75.6,24.8,105.9,0.935,high
105,Puri-Zone1,6,77.2,25.1,109.7,1.0,high
105,Puri-Zone1,7,81.9,25.9,100.3,1.0,high
105,Puri-Zone1,8,105.0,27.3,110.9,0.767,high
105,Puri-Zone1,9,117.3,26.6,105.0,1.0,high
105,Puri-Zone1,10,105.1,29.5,106.1,0.821,high
105,Puri-Zone1,11,92.2,31.1,109.7,0.799,high
105,Puri-Zone1,12,104.3,33.4,109.0,0.689,high
105,Puri-Zone1,13,69.9,32.5,108.0,0.873,high
105,Puri-Zone1,14,132.9,34.1,110.4,0.874,high
105,Puri-Zone1,15,100.4,36.5,110.0,0.909,high
105,Puri-Zone1,16,72.5,36.9,111.0,0.797,high
105,Puri-Zone1,17,94.5,37.0,95.1,0.87,high
105,Puri-Zone1,18,118.3,37.5,115.7,0.823,high
105,Puri-Zone1,19,114.9,40.1,103.0,0.909,high
105,Puri-Zone1,20,113.4,42.0,109.1,0.99,high
105,Puri-Zone1,21,66.8,41.2,111.9,0.994,high
105,Puri-Zone1,22,168.6,42.4,94.4,1.0,high
105,Puri-Zone1,23,169.2,41.7,96.7,0.752,high
105,Puri-Zone1,24,223.9,41.5,88.4,0.845,high
105,Puri-Zone1,25,238.0,42.9,88.3,0.817,high
105,Puri-Zone1,26,282.3,43.3,92.1,0.709,high
105,Puri-Zone1,27,270.7,41.6,90.7,0.887,high
105,Puri-Zone1,28,286.8,41.9,83.1,0.927,high
105,Puri-Zone1,29,340.7,40.4,88.9,0.998,high
105,Puri-Zone1,30,335.2,42.2,81.0,0.985,high
105,Puri-Zone1,31,385.5,40.3,84.7,0.812,high
105,Puri-Zone1,32,385.3,40.4,81.3,0.74,high
105,Puri-Zone1,33,344.1,40.2,81.4,0.848,high
105,Puri-Zone1,34,373.5,39.4,77.7,0.958,high
105,Puri-Zone1,35,389.2,37.7,64.0,1.0,high
105,Puri-Zone1,36,358.5,35.0,76.6,0.588,high
105,Puri-Zone1,37,354.0,35.9,92.4,0.797,high
105,Puri-Zone1,38,315.8,36.3,103.7,0.913,high
105,Puri-Zone1,39,351.5,35.2,150.6,0.939,high
105,Puri-Zone1,40,291.4,33.1,171.6,0.784,high
105,Puri-Zone1,41,285.5,31.7,169.0,0.816,high
105,Puri-Zone1,42,247.4,27.8,169.7,0.722,high
105,Puri-Zone1,43,246.9,27.8,159.6,1.0,high
105,Puri-Zone1,44,197.4,26.4,181.7,0.898,high
105,Puri-Zone1,45,159.8,23.8,182.3,0.815,high
105,Puri-Zone1,46,101.3,24.8,181.4,0.99,high
105,Puri-Zone1,47,113.6,24.7,191.0,0.898,high
105,Puri-Zone1,48,105.8,24.6,174.6,1.0,high
105,Puri-Zone1,49,69.5,24.6,191.0,1.0,high
105,Puri-Zone1,50,75.1,24.2,196.6,0.784,high
105,Puri-Zone1,51,109.4,21.1,192.7,0.997,high
105,Puri-Zone1,52,13.9,21.5,190.0,0.993,medium
106,Cuttack-Zone1,0,20.0,23.7,196.3,0.629,medium
106,Cuttack-Zone1,1,53.9,23.0,203.3,0.637,high
106,Cuttack-Zone1,2,39.0,22.9,200.9,0.598,medium
106,Cuttack-Zone1,3,52.1,24.6,189.0,0.474,high
106,Cuttack-Zone1,4,42.3,25.4,151.7,0.467,medium
106,Cuttack-Zone1,5,29.4,25.2,116.0,0.746,medium
106,Cuttack-Zone1,6,33.7,25.9,117.0,0.604,medium
106,Cuttack-Zone1,7,32.3,27.7,117.3,0.561,medium
106,Cuttack-Zone1,8,26.4,27.3,120.7,0.733,medium
106,Cuttack-Zone1,9,18.2,26.7,110.9,0.615,low
106,Cuttack-Zone1,10,12.5,29.6,110.7,0.595,low
106,Cuttack-Zone1,11,14.1,32.2,118.6,0.564,low
106,Cuttack-Zone1,12,53.2,30.8,110.4,0.567,high
106,Cuttack-Zone1,13,45.8,31.3,105.1,0.628,medium
106,Cuttack-Zone1,14,12.8,35.2,118.6,0.695,low
106,Cuttack-Zone1,15,68.1,36.8,115.9,0.552,high
106,Cuttack-Zone1,16,12.1,37.5,111.4,0.493,low
106,Cuttack-Zone1,17,63.9,38.5,104.0,0.487,high
106,Cuttack-Zone1,18,62.2,40.9,113.7,0.613,high
106,Cuttack-Zone1,19,33.3,38.5,111.6,0.462,medium
106,Cuttack-Zone1,20,26.4,39.6,116.0,0.721,medium
106,Cuttack-Zone1,21,31.7,41.9,114.3,0.468,medium
106,Cuttack-Zone1,22,62.7,39.8,117.4,0.711,high
106,Cuttack-Zone1,23,79.2,41.7,106.4,0.545,high
106,Cuttack-Zone1,24,159.5,42.0,102.3,0.603,high
106,Cuttack-Zone1,25,246.6,43.2,96.1,0.735,high
106,Cuttack-Zone1,26,198.7,41.4,97.4,0.514,high
106,Cuttack-Zone1,27,282.6,43.4,82.7,0.576,high
106,Cuttack-Zone1,28,235.4,40.8,94.9,0.609,high
106,Cuttack-Zone1,29,238.0,42.0,95.3,0.581,high
106,Cuttack-Zone1,30,288.1,42.8,83.0,0.437,high
106,Cuttack-Zone1,31,263.5,38.7,89.7,0.659,high
106,Cuttack-Zone1,32,334.1,40.7,72.4,0.595,high
106,Cuttack-Zone1,33,337.1,38.6,73.7,0.488,high
106,Cuttack-Zone1,34,302.3,38.0,94.7,0.594,high
106,Cuttack-Zone1,35,285.6,36.6,81.6,0.635,high
106,Cuttack-Zone1,36,313.4,35.3,77.0,0.597,high
106,Cuttack-Zone1,37,325.5,35.0,78.6,0.728,high
106,Cuttack-Zone1,38,264.2,34.8,115.7,0.398,high
106,Cuttack-Zone1,39,271.7,31.9,178.6,0.506,high
106,Cuttack-Zone1,40,247.0,29.6,171.7,0.646,high
106,Cuttack-Zone1,41,190.4,30.8,175.7,0.543,high
106,Cuttack-Zone1,42,184.7,28.1,171.0,0.425,high
106,Cuttack-Zone1,43,185.3,26.9,174.4,0.753,high
106,Cuttack-Zone1,44,119.5,26.5,181.4,0.502,high
106,Cuttack-Zone1,45,144.4,25.5,180.1,0.537,high
106,Cuttack-Zone1,46,76.7,24.8,191.4,0.584,high
106,Cuttack-Zone1,47,22.2,23.5,199.6,0.747,medium
106,Cuttack-Zone1,48,49.5,23.0,193.1,0.594,medium
106,Cuttack-Zone1,49,56.2,22.8,188.0,0.534,high
106,Cuttack-Zone1,50,55.0,22.8,190.0,0.883,high
106,Cuttack-Zone1,51,44.3,24.1,197.1,0.629,medium
106,Cuttack-Zone1,52,0.9,17.3,221.0,0.606,medium
107,Rourkela-Zone1,0,12.7,20.9,190.6,0.349,medium
107,Rourkela-Zone1,1,24.9,24.0,193.9,0.549,medium
107,Rourkela-Zone1,2,6.9,24.0,196.0,0.602,medium
107,Rourkela-Zone1,3,44.1,25.1,186.7,0.361,medium
107,Rourkela-Zone1,4,25.7,23.1,141.1,0.654,medium
107,Rourkela-Zone1,5,45.3,27.0,116.6,0.764,medium
107,Rourkela-Zone1,6,0.0,24.7,122.1,0.669,low
107,Rourkela-Zone1,7,13.6,28.2,101.6,0.429,low
107,Rourkela-Zone1,8,7.1,26.4,113.0,0.659,low
107,Rourkela-Zone1,9,42.5,29.2,118.1,0.579,medium
107,Rourkela-Zone1,10,4.4,32.2,114.0,0.48,low
107,Rourkela-Zone1,11,21.1,29.6,108.3,0.632,medium
107,Rourkela-Zone1,12,12.7,32.3,114.6,0.556,low
107,Rourkela-Zone1,13,30.3,35.3,104.7,0.512,medium
107,Rourkela-Zone1,14,11.6,36.0,119.1,0.459,low
107,Rourkela-Zone1,15,0.0,34.6,119.1,0.435,low
107,Rourkela-Zone1,16,8.5,36.6,116.0,0.53,low
107,Rourkela-Zone1,17,2.9,37.9,125.0,0.314,medium
107,Rourkela-Zone1,18,19.5,39.1,114.0,0.302,low
107,Rourkela-Zone1,19,16.4,41.1,111.6,0.428,medium
107,Rourkela-Zone1,20,59.8,40.2,117.1,0.349,high
107,Rourkela-Zone1,21,36.3,41.2,110.7,0.599,medium
107,Rourkela-Zone1,22,21.3,42.3,109.7,0.646,medium
107,Rourkela-Zone1,23,88.1,42.9,109.4,0.639,high
107,Rourkela-Zone1,24,118.1,43.9,107.7,0.509,high
107,Rourkela-Zone1,25,149.8,44.2,108.3,0.305,high
107,Rourkela-Zone1,26,149.3,42.9,99.3,0.346,high
107,Rourkela-Zone1,27,175.4,44.7,100.0,0.386,high
107,Rourkela-Zone1,28,191.7,40.9,96.9,0.433,high
107,Rourkela-Zone1,29,211.7,41.6,103.4,0.635,high
107,Rourkela-Zone1,30,223.5,41.2,94.6,0.537,high
107,Rourkela-Zone1,31,270.0,41.9,88.4,0.504,high
107,Rourkela-Zone1,32,262.3,41.3,93.0,0.514,high
107,Rourkela-Zone1,33,289.2,40.8,84.9,0.593,high
107,Rourkela-Zone1,34,271.3,38.8,90.9,0.586,high
107,Rourkela-Zone1,35,261.5,36.1,95.7,0.502,high
107,Rourkela-Zone1,36,265.7,34.2,99.6,0.615,high
107,Rourkela-Zone1,37,245.6,34.5,96.6,0.452,high
107,Rourkela-Zone1,38,252.5,34.9,100.7,0.579,high
107,Rourkela-Zone1,39,202.9,31.1,174.0,0.612,medium
107,Rourkela-Zone1,40,262.6,29.5,162.4,0.592,high
107,Rourkela-Zone1,41,179.5,28.6,172.4,0.61,low
107,Rourkela-Zone1,42,143.8,27.3,183.1,0.425,high
107,Rourkela-Zone1,43,129.1,29.7,188.0,0.644,high
107,Rourkela-Zone1,44,104.7,25.8,177.6,0.431,high
107,Rourkela-Zone1,45,34.6,25.1,195.7,0.451,medium
107,Rourkela-Zone1,46,27.1,26.8,203.0,0.554,medium
107,Rourkela-Zone1,47,19.4,24.2,203.7,0.595,medium
107,Rourkela-Zone1,48,4.4,22.9,196.4,0.482,high
107,Rourkela-Zone1,49,16.7,23.5,195.4,0.435,medium
107,Rourkela-Zone1,50,18.1,22.1,190.4,0.412,low
107,Rourkela-Zone1,51,19.9,26.5,201.4,0.4,medium
107,Rourkela-Zone1,52,0.0,16.7,201.0,0.337,medium
108,Cuttack-Zone1,0,20.0,23.7,196.3,0.457,medium
108,Cuttack-Zone1,1,53.9,23.0,203.3,0.508,high
108,Cuttack-Zone1,2,39.0,22.9,200.9,0.504,medium
108,Cuttack-Zone1,3,52.1,24.6,189.0,0.531,high
108,Cuttack-Zone1,4,42.3,25.4,151.7,0.564,medium
108,Cuttack-Zone1,5,29.4,25.2,116.0,0.352,medium
108,Cuttack-Zone1,6,33.7,25.9,117.0,0.567,medium
108,Cuttack-Zone1,7,32.3,27.7,117.3,0.503,medium
108,Cuttack-Zone1,8,26.4,27.3,120.7,0.602,medium
108,Cuttack-Zone1,9,18.2,26.7,110.9,0.408,low
108,Cuttack-Zone1,10,12.5,29.6,110.7,0.613,low
108,Cuttack-Zone1,11,14.1,32.2,118.6,0.697,high
108,Cuttack-Zone1,12,53.2,30.8,110.4,0.351,high
108,Cuttack-Zone1,13,45.8,31.3,105.1,0.533,medium
108,Cuttack-Zone1,14,12.8,35.2,118.6,0.506,low
108,Cuttack-Zone1,15,68.1,36.8,115.9,0.42,high
108,Cuttack-Zone1,16,12.1,37.5,111.4,0.332,medium
108,Cuttack-Zone1,17,63.9,38.5,104.0,0.597,high
108,Cuttack-Zone1,18,62.2,40.9,113.7,0.575,high
108,Cuttack-Zone1,19,33.3,38.5,111.6,0.615,medium
108,Cuttack-Zone1,20,26.4,39.6,116.0,0.756,medium
108,Cuttack-Zone1,21,31.7,41.9,114.3,0.545,medium
108,Cuttack-Zone1,22,62.7,39.8,117.4,0.517,high
108,Cuttack-Zone1,23,79.2,41.7,106.4,0.472,high
108,Cuttack-Zone1,24,159.5,42.0,102.3,0.487,high
108,Cuttack-Zone1,25,246.6,43.2,96.1,0.606,high
108,Cuttack-Zone1,26,198.7,41.4,97.4,0.41,high
108,Cuttack-Zone1,27,282.6,43.4,82.7,0.601,high
108,Cuttack-Zone1,28,235.4,40.8,94.9,0.539,high
108,Cuttack-Zone1,29,238.0,42.0,95.3,0.586,high
108,Cuttack-Zone1,30,288.1,42.8,83.0,0.564,high
108,Cuttack-Zone1,31,263.5,38.7,89.7,0.609,high
108,Cuttack-Zone1,32,334.1,40.7,72.4,0.554,high
108,Cuttack-Zone1,33,337.1,38.6,73.7,0.569,high
108,Cuttack-Zone1,34,302.3,38.0,94.7,0.554,high
108,Cuttack-Zone1,35,285.6,36.6,81.6,0.608,high
108,Cuttack-Zone1,36,313.4,35.3,77.0,0.482,high
108,Cuttack-Zone1,37,325.5,35.0,78.6,0.435,high
108,Cuttack-Zone1,38,264.2,34.8,115.7,0.823,high
108,Cuttack-Zone1,39,271.7,31.9,178.6,0.595,high
108,Cuttack-Zone1,40,247.0,29.6,171.7,0.595,high
108,Cuttack-Zone1,41,190.4,30.8,175.7,0.491,high
108,Cuttack-Zone1,42,184.7,28.1,171.0,0.797,high
108,Cuttack-Zone1,43,185.3,26.9,174.4,0.402,high
108,Cuttack-Zone1,44,119.5,26.5,181.4,0.415,high
108,Cuttack-Zone1,45,144.4,25.5,180.1,0.492,high
108,Cuttack-Zone1,46,76.7,24.8,191.4,0.513,high
108,Cuttack-Zone1,47,22.2,23.5,199.6,0.604,medium
108,Cuttack-Zone1,48,49.5,23.0,193.1,0.607,medium
108,Cuttack-Zone1,49,56.2,22.8,188.0,0.406,high
108,Cuttack-Zone1,50,55.0,22.8,190.0,0.51,high
108,Cuttack-Zone1,51,44.3,24.1,197.1,0.517,medium
108,Cuttack-Zone1,52,0.9,17.3,221.0,0.6,medium
109,Cuttack-Zone1,0,20.0,23.7,196.3,0.779,medium
109,Cuttack-Zone1,1,53.9,23.0,203.3,0.764,high
109,Cuttack-Zone1,2,39.0,22.9,200.9,0.659,medium
109,Cuttack-Zone1,3,52.1,24.6,189.0,0.63,high
109,Cuttack-Zone1,4,42.3,25.4,151.7,0.82,medium
109,Cuttack-Zone1,5,29.4,25.2,116.0,0.87,medium
109,Cuttack-Zone1,6,33.7,25.9,117.0,0.844,medium
109,Cuttack-Zone1,7,32.3,27.7,117.3,0.734,low
109,Cuttack-Zone1,8,26.4,27.3,120.7,0.741,medium
109,Cuttack-Zone1,9,18.2,26.7,110.9,0.714,low
109,Cuttack-Zone1,10,12.5,29.6,110.7,0.756,low
109,Cuttack-Zone1,11,14.1,32.2,118.6,0.816,low
109,Cuttack-Zone1,12,53.2,30.8,110.4,0.917,high
109,Cuttack-Zone1,13,45.8,31.3,105.1,0.747,medium
109,Cuttack-Zone1,14,12.8,35.2,118.6,0.531,low
109,Cuttack-Zone1,15,68.1,36.8,115.9,0.921,high
109,Cuttack-Zone1,16,12.1,37.5,111.4,0.734,low
109,Cuttack-Zone1,17,63.9,38.5,104.0,0.718,high
109,Cuttack-Zone1,18,62.2,40.9,113.7,0.601,high
109,Cuttack-Zone1,19,33.3,38.5,111.6,0.623,medium
109,Cuttack-Zone1,20,26.4,39.6,116.0,0.787,medium
109,Cuttack-Zone1,21,31.7,41.9,114.3,0.741,medium
109,Cuttack-Zone1,22,62.7,39.8,117.4,0.946,high
109,Cuttack-Zone1,23,79.2,41.7,106.4,0.671,high
109,Cuttack-Zone1,24,159.5,42.0,102.3,0.754,high
109,Cuttack-Zone1,25,246.6,43.2,96.1,0.679,high
109,Cuttack-Zone1,26,198.7,41.4,97.4,0.662,high
109,Cuttack-Zone1,27,282.6,43.4,82.7,0.859,high
109,Cuttack-Zone1,28,235.4,40.8,94.9,0.774,high
109,Cuttack-Zone1,29,238.0,42.0,95.3,0.781,high
109,Cuttack-Zone1,30,288.1,42.8,83.0,0.61,high
109,Cuttack-Zone1,31,263.5,38.7,89.7,0.949,high
109,Cuttack-Zone1,32,334.1,40.7,72.4,0.883,medium
109,Cuttack-Zone1,33,337.1,38.6,73.7,0.909,high
109,Cuttack-Zone1,34,302.3,38.0,94.7,0.586,high
109,Cuttack-Zone1,35,285.6,36.6,81.6,0.945,high
109,Cuttack-Zone1,36,313.4,35.3,77.0,0.82,high
109,Cuttack-Zone1,37,325.5,35.0,78.6,0.639,high
109,Cuttack-Zone1,38,264.2,34.8,115.7,0.72,high
109,Cuttack-Zone1,39,271.7,31.9,178.6,0.645,high
109,Cuttack-Zone1,40,247.0,29.6,171.7,0.761,high
109,Cuttack-Zone1,41,190.4,30.8,175.7,0.679,high
109,Cuttack-Zone1,42,184.7,28.1,171.0,0.744,high
109,Cuttack-Zone1,43,185.3,26.9,174.4,0.784,high
109,Cuttack-Zone1,44,119.5,26.5,181.4,0.736,high
109,Cuttack-Zone1,45,144.4,25.5,180.1,0.721,high
109,Cuttack-Zone1,46,76.7,24.8,191.4,0.683,high
109,Cuttack-Zone1,47,22.2,23.5,199.6,0.739,medium
109,Cuttack-Zone1,48,49.5,23.0,193.1,0.656,medium
109,Cuttack-Zone1,49,56.2,22.8,188.0,0.799,high
109,Cuttack-Zone1,50,55.0,22.8,190.0,0.768,high
109,Cuttack-Zone1,51,44.3,24.1,197.1,0.752,medium
109,Cuttack-Zone1,52,0.9,17.3,221.0,0.924,medium
110,Bhubaneswar-Zone1,0,49.0,21.8,193.4,1.0,medium
110,Bhubaneswar-Zone1,1,77.8,23.1,182.0,0.834,high
110,Bhubaneswar-Zone1,2,27.0,23.8,197.1,1.0,medium
110,Bhubaneswar-Zone1,3,32.5,23.1,193.3,0.943,medium
110,Bhubaneswar-Zone1,4,67.9,25.4,131.0,0.986,high
110,Bhubaneswar-Zone1,5,37.2,24.4,116.6,0.908,high
110,Bhubaneswar-Zone1,6,45.8,26.3,107.7,1.0,medium
110,Bhubaneswar-Zone1,7,109.5,27.1,101.0,1.0,high
110,Bhubaneswar-Zone1,8,26.4,27.9,123.0,1.0,medium
110,Bhubaneswar-Zone1,9,61.9,27.4,112.9,0.966,high
110,Bhubaneswar-Zone1,10,59.1,31.8,121.6,0.879,high
110,Bhubaneswar-Zone1,11,32.6,31.7,106.6,0.842,medium
110,Bhubaneswar-Zone1,12,48.3,31.4,115.1,0.921,medium
110,Bhubaneswar-Zone1,13,55.6,33.5,107.3,0.662,high
110,Bhubaneswar-Zone1,14,37.3,32.8,121.4,1.0,medium
110,Bhubaneswar-Zone1,15,24.6,36.4,111.0,1.0,medium
110,Bhubaneswar-Zone1,16,91.3,37.6,114.3,0.878,high
110,Bhubaneswar-Zone1,17,48.1,39.2,118.1,1.0,medium
110,Bhubaneswar-Zone1,18,42.5,39.3,118.9,0.841,medium
110,Bhubaneswar-Zone1,19,77.0,39.9,110.1,0.863,low
110,Bhubaneswar-Zone1,20,47.5,40.4,112.1,1.0,medium
110,Bhubaneswar-Zone1,21,40.6,40.8,113.6,0.9,medium
110,Bhubaneswar-Zone1,22,106.5,43.3,98.6,1.0,low
110,Bhubaneswar-Zone1,23,108.8,39.8,95.1,1.0,medium
110,Bhubaneswar-Zone1,24,131.7,42.3,109.6,1.0,high
110,Bhubaneswar-Zone1,25,172.0,44.7,95.6,0.909,high
110,Bhubaneswar-Zone1,26,233.2,43.0,91.6,0.766,high
110,Bhubaneswar-Zone1,27,239.5,39.7,100.0,1.0,high
110,Bhubaneswar-Zone1,28,277.5,41.6,82.4,0.821,high
110,Bhubaneswar-Zone1,29,266.7,44.0,80.0,0.914,high
110,Bhubaneswar-Zone1,30,288.9,41.6,86.7,0.859,high
110,Bhubaneswar-Zone1,31,315.4,37.7,94.3,0.974,high
110,Bhubaneswar-Zone1,32,347.5,38.7,80.1,0.925,high
110,Bhubaneswar-Zone1,33,310.4,40.2,84.4,1.0,high
110,Bhubaneswar-Zone1,34,360.4,35.9,81.1,0.871,high
110,Bhubaneswar-Zone1,35,379.1,39.7,78.3,0.901,high
110,Bhubaneswar-Zone1,36,336.6,37.5,77.7,0.844,high
110,Bhubaneswar-Zone1,37,342.3,34.8,76.1,1.0,high
110,Bhubaneswar-Zone1,38,316.9,32.3,111.4,0.735,high
110,Bhubaneswar-Zone1,39,305.7,31.8,166.1,1.0,high
110,Bhubaneswar-Zone1,40,248.4,30.8,169.3,1.0,high
110,Bhubaneswar-Zone1,41,221.0,28.0,179.9,0.921,high
110,Bhubaneswar-Zone1,42,190.3,28.7,179.9,0.892,high
110,Bhubaneswar-Zone1,43,201.3,28.2,167.6,0.949,high
110,Bhubaneswar-Zone1,44,162.7,26.5,180.9,0.862,high
110,Bhubaneswar-Zone1,45,104.4,24.5,193.9,0.922,high
110,Bhubaneswar-Zone1,46,101.0,27.6,195.9,1.0,high
110,Bhubaneswar-Zone1,47,24.5,25.1,193.1,0.804,medium
110,Bhubaneswar-Zone1,48,43.1,26.0,193.1,1.0,medium
110,Bhubaneswar-Zone1,49,36.6,22.9,204.1,0.944,medium
110,Bhubaneswar-Zone1,50,40.1,21.7,205.1,1.0,medium
110,Bhubaneswar-Zone1,51,59.8,22.2,197.9,0.96,high
110,Bhubaneswar-Zone1,52,22.7,20.0,193.0,0.873,high
111,Cuttack-Zone1,0,20.0,23.7,196.3,0.401,medium
111,Cuttack-Zone1,1,53.9,23.0,203.3,0.286,high
111,Cuttack-Zone1,2,39.0,22.9,200.9,0.574,medium
111,Cuttack-Zone1,3,52.1,24.6,189.0,0.192,high
111,Cuttack-Zone1,4,42.3,25.4,151.7,0.409,medium
111,Cuttack-Zone1,5,29.4,25.2,116.0,0.615,medium
111,Cuttack-Zone1,6,33.7,25.9,117.0,0.213,medium
111,Cuttack-Zone1,7,32.3,27.7,117.3,0.48,medium
111,Cuttack-Zone1,8,26.4,27.3,120.7,0.506,medium
111,Cuttack-Zone1,9,18.2,26.7,110.9,0.499,low
111,Cuttack-Zone1,10,12.5,29.6,110.7,0.534,low
111,Cuttack-Zone1,11,14.1,32.2,118.6,0.468,low
111,Cuttack-Zone1,12,53.2,30.8,110.4,0.462,high
111,Cuttack-Zone1,13,45.8,31.3,105.1,0.292,medium
111,Cuttack-Zone1,14,12.8,35.2,118.6,0.435,low
111,Cuttack-Zone1,15,68.1,36.8,115.9,0.465,high
111,Cuttack-Zone1,16,12.1,37.5,111.4,0.376,medium
111,Cuttack-Zone1,17,63.9,38.5,104.0,0.362,low
111,Cuttack-Zone1,18,62.2,40.9,113.7,0.498,high
111,Cuttack-Zone1,19,33.3,38.5,111.6,0.313,medium
111,Cuttack-Zone1,20,26.4,39.6,116.0,0.275,medium
111,Cuttack-Zone1,21,31.7,41.9,114.3,0.324,medium
111,Cuttack-Zone1,22,62.7,39.8,117.4,0.391,high
111,Cuttack-Zone1,23,79.2,41.7,106.4,0.451,high
111,Cuttack-Zone1,24,159.5,42.0,102.3,0.41,high
111,Cuttack-Zone1,25,246.6,43.2,96.1,0.566,high
111,Cuttack-Zone1,26,198.7,41.4,97.4,0.307,high
111,Cuttack-Zone1,27,282.6,43.4,82.7,0.248,high
111,Cuttack-Zone1,28,235.4,40.8,94.9,0.409,high
111,Cuttack-Zone1,29,238.0,42.0,95.3,0.311,high
111,Cuttack-Zone1,30,288.1,42.8,83.0,0.326,high
111,Cuttack-Zone1,31,263.5,38.7,89.7,0.454,high
111,Cuttack-Zone1,32,334.1,40.7,72.4,0.473,medium
111,Cuttack-Zone1,33,337.1,38.6,73.7,0.514,high
111,Cuttack-Zone1,34,302.3,38.0,94.7,0.47,high
111,Cuttack-Zone1,35,285.6,36.6,81.6,0.518,high
111,Cuttack-Zone1,36,313.4,35.3,77.0,0.464,high
111,Cuttack-Zone1,37,325.5,35.0,78.6,0.432,low
111,Cuttack-Zone1,38,264.2,34.8,115.7,0.559,high
111,Cuttack-Zone1,39,271.7,31.9,178.6,0.594,high
111,Cuttack-Zone1,40,247.0,29.6,171.7,0.434,high
111,Cuttack-Zone1,41,190.4,30.8,175.7,0.329,high
111,Cuttack-Zone1,42,184.7,28.1,171.0,0.614,high
111,Cuttack-Zone1,43,185.3,26.9,174.4,0.517,high
111,Cuttack-Zone1,44,119.5,26.5,181.4,0.346,high
111,Cuttack-Zone1,45,144.4,25.5,180.1,0.513,high
111,Cuttack-Zone1,46,76.7,24.8,191.4,0.612,high
111,Cuttack-Zone1,47,22.2,23.5,199.6,0.592,medium
111,Cuttack-Zone1,48,49.5,23.0,193.1,0.309,medium
111,Cuttack-Zone1,49,56.2,22.8,188.0,0.464,high
111,Cuttack-Zone1,50,55.0,22.8,190.0,0.334,high
111,Cuttack-Zone1,51,44.3,24.1,197.1,0.581,medium
111,Cuttack-Zone1,52,0.9,17.3,221.0,0.4,medium
112,Puri-Zone1,0,125.9,22.3,186.0,0.652,high
112,Puri-Zone1,1,116.2,22.7,185.0,0.549,high
112,Puri-Zone1,2,77.3,23.1,189.1,0.617,high
112,Puri-Zone1,3,144.2,24.7,182.0,0.502,high
112,Puri-Zone1,4,104.0,23.6,137.7,0.436,high
112,Puri-Zone1,5,75.6,24.8,105.9,0.7,high
112,Puri-Zone1,6,77.2,25.1,109.7,0.762,high
112,Puri-Zone1,7,81.9,25.9,100.3,0.542,high
112,Puri-Zone1,8,105.0,27.3,110.9,0.609,high
112,Puri-Zone1,9,117.3,26.6,105.0,0.403,high
112,Puri-Zone1,10,105.1,29.5,106.1,0.548,high
112,Puri-Zone1,11,92.2,31.1,109.7,0.72,high
112,Puri-Zone1,12,104.3,33.4,109.0,0.853,medium
112,Puri-Zone1,13,69.9,32.5,108.0,0.77,high
112,Puri-Zone1,14,132.9,34.1,110.4,0.676,high
112,Puri-Zone1,15,100.4,36.5,110.0,0.658,high
112,Puri-Zone1,16,72.5,36.9,111.0,0.583,high
112,Puri-Zone1,17,94.5,37.0,95.1,0.644,low
112,Puri-Zone1,18,118.3,37.5,115.7,0.843,high
112,Puri-Zone1,19,114.9,40.1,103.0,0.623,high
112,Puri-Zone1,20,113.4,42.0,109.1,0.677,high
112,Puri-Zone1,21,66.8,41.2,111.9,0.643,high
112,Puri-Zone1,22,168.6,42.4,94.4,0.5,high
112,Puri-Zone1,23,169.2,41.7,96.7,0.691,high
112,Puri-Zone1,24,223.9,41.5,88.4,0.642,high
112,Puri-Zone1,25,238.0,42.9,88.3,0.513,medium
112,Puri-Zone1,26,282.3,43.3,92.1,0.675,high
112,Puri-Zone1,27,270.7,41.6,90.7,0.7,high
112,Puri-Zone1,28,286.8,41.9,83.1,0.783,high
112,Puri-Zone1,29,340.7,40.4,88.9,0.494,high
112,Puri-Zone1,30,335.2,42.2,81.0,0.575,high
112,Puri-Zone1,31,385.5,40.3,84.7,0.664,high
112,Puri-Zone1,32,385.3,40.4,81.3,0.666,high
112,Puri-Zone1,33,344.1,40.2,81.4,0.641,high
112,Puri-Zone1,34,373.5,39.4,77.7,0.639,high
112,Puri-Zone1,35,389.2,37.7,64.0,0.858,high
112,Puri-Zone1,36,358.5,35.0,76.6,0.697,high
112,Puri-Zone1,37,354.0,35.9,92.4,0.452,high
112,Puri-Zone1,38,315.8,36.3,103.7,0.557,high
112,Puri-Zone1,39,351.5,35.2,150.6,0.789,high
112,Puri-Zone1,40,291.4,33.1,171.6,0.515,high
112,Puri-Zone1,41,285.5,31.7,169.0,0.634,high
112,Puri-Zone1,42,247.4,27.8,169.7,0.747,high
112,Puri-Zone1,43,246.9,27.8,159.6,0.634,high
112,Puri-Zone1,44,197.4,26.4,181.7,0.67,high
112,Puri-Zone1,45,159.8,23.8,182.3,0.701,high
112,Puri-Zone1,46,101.3,24.8,181.4,0.611,high
112,Puri-Zone1,47,113.6,24.7,191.0,0.419,high
112,Puri-Zone1,48,105.8,24.6,174.6,0.683,high
112,Puri-Zone1,49,69.5,24.6,191.0,0.674,high
112,Puri-Zone1,50,75.1,24.2,196.6,0.588,high
112,Puri-Zone1,51,109.4,21.1,192.7,0.43,high
112,Puri-Zone1,52,13.9,21.5,190.0,0.587,medium
113,Cuttack-Zone1,0,20.0,23.7,196.3,0.83,medium
113,Cuttack-Zone1,1,53.9,23.0,203.3,0.617,high
113,Cuttack-Zone1,2,39.0,22.9,200.9,0.738,medium
113,Cuttack-Zone1,3,52.1,24.6,189.0,0.841,high
113,Cuttack-Zone1,4,42.3,25.4,151.7,0.768,medium
113,Cuttack-Zone1,5,29.4,25.2,116.0,0.839,medium
113,Cuttack-Zone1,6,33.7,25.9,117.0,0.922,medium
113,Cuttack-Zone1,7,32.3,27.7,117.3,0.813,medium
113,Cuttack-Zone1,8,26.4,27.3,120.7,0.744,medium
113,Cuttack-Zone1,9,18.2,26.7,110.9,0.693,low
113,Cuttack-Zone1,10,12.5,29.6,110.7,0.708,low
113,Cuttack-Zone1,11,14.1,32.2,118.6,0.748,low
113,Cuttack-Zone1,12,53.2,30.8,110.4,0.827,high
113,Cuttack-Zone1,13,45.8,31.3,105.1,0.863,medium
113,Cuttack-Zone1,14,12.8,35.2,118.6,0.671,low
113,Cuttack-Zone1,15,68.1,36.8,115.9,0.754,high
113,Cuttack-Zone1,16,12.1,37.5,111.4,0.565,low
113,Cuttack-Zone1,17,63.9,38.5,104.0,0.662,high
113,Cuttack-Zone1,18,62.2,40.9,113.7,0.783,high
113,Cuttack-Zone1,19,33.3,38.5,111.6,0.848,low
113,Cuttack-Zone1,20,26.4,39.6,116.0,0.85,medium
113,Cuttack-Zone1,21,31.7,41.9,114.3,0.79,medium
113,Cuttack-Zone1,22,62.7,39.8,117.4,0.77,high
113,Cuttack-Zone1,23,79.2,41.7,106.4,0.759,high
113,Cuttack-Zone1,24,159.5,42.0,102.3,0.695,high
113,Cuttack-Zone1,25,246.6,43.2,96.1,0.926,high
113,Cuttack-Zone1,26,198.7,41.4,97.4,0.633,high
113,Cuttack-Zone1,27,282.6,43.4,82.7,0.449,medium
113,Cuttack-Zone1,28,235.4,40.8,94.9,0.786,high
113,Cuttack-Zone1,29,238.0,42.0,95.3,0.742,low
113,Cuttack-Zone1,30,288.1,42.8,83.0,0.697,high
113,Cuttack-Zone1,31,263.5,38.7,89.7,0.689,high
113,Cuttack-Zone1,32,334.1,40.7,72.4,0.72,high
113,Cuttack-Zone1,33,337.1,38.6,73.7,0.701,high
113,Cuttack-Zone1,34,302.3,38.0,94.7,0.649,high
113,Cuttack-Zone1,35,285.6,36.6,81.6,0.696,high
113,Cuttack-Zone1,36,313.4,35.3,77.0,0.841,high
113,Cuttack-Zone1,37,325.5,35.0,78.6,0.872,high
113,Cuttack-Zone1,38,264.2,34.8,115.7,0.875,high
113,Cuttack-Zone1,39,271.7,31.9,178.6,0.669,high
113,Cuttack-Zone1,40,247.0,29.6,171.7,0.852,high
113,Cuttack-Zone1,41,190.4,30.8,175.7,0.805,high
113,Cuttack-Zone1,42,184.7,28.1,171.0,0.572,high
113,Cuttack-Zone1,43,185.3,26.9,174.4,0.569,high
113,Cuttack-Zone1,44,119.5,26.5,181.4,0.588,high
113,Cuttack-Zone1,45,144.4,25.5,180.1,0.732,high
113,Cuttack-Zone1,46,76.7,24.8,191.4,0.932,high
113,Cuttack-Zone1,47,22.2,23.5,199.6,0.742,medium
113,Cuttack-Zone1,48,49.5,23.0,193.1,0.665,medium
113,Cuttack-Zone1,49,56.2,22.8,188.0,0.671,medium
113,Cuttack-Zone1,50,55.0,22.8,190.0,0.929,high
113,Cuttack-Zone1,51,44.3,24.1,197.1,0.846,medium
113,Cuttack-Zone1,52,0.9,17.3,221.0,0.739,medium
114,Bhubaneswar-Zone1,0,49.0,21.8,193.4,0.641,medium
114,Bhubaneswar-Zone1,1,77.8,23.1,182.0,0.545,high
114,Bhubaneswar-Zone1,2,27.0,23.8,197.1,0.845,medium
114,Bhubaneswar-Zone1,3,32.5,23.1,193.3,0.8,medium
114,Bhubaneswar-Zone1,4,67.9,25.4,131.0,0.636,high
114,Bhubaneswar-Zone1,5,37.2,24.4,116.6,0.726,high
114,Bhubaneswar-Zone1,6,45.8,26.3,107.7,0.531,medium
114,Bhubaneswar-Zone1,7,109.5,27.1,101.0,0.587,high
114,Bhubaneswar-Zone1,8,26.4,27.9,123.0,0.829,medium
114,Bhubaneswar-Zone1,9,61.9,27.4,112.9,0.586,high
114,Bhubaneswar-Zone1,10,59.1,31.8,121.6,0.688,high
114,Bhubaneswar-Zone1,11,32.6,31.7,106.6,0.642,medium
114,Bhubaneswar-Zone1,12,48.3,31.4,115.1,0.849,medium
114,Bhubaneswar-Zone1,13,55.6,33.5,107.3,0.569,high
114,Bhubaneswar-Zone1,14,37.3,32.8,121.4,0.747,high
114,Bhubaneswar-Zone1,15,24.6,36.4,111.0,0.637,medium
114,Bhubaneswar-Zone1,16,91.3,37.6,114.3,0.914,high
114,Bhubaneswar-Zone1,17,48.1,39.2,118.1,0.592,medium
114,Bhubaneswar-Zone1,18,42.5,39.3,118.9,0.772,medium
114,Bhubaneswar-Zone1,19,77.0,39.9,110.1,0.895,high
114,Bhubaneswar-Zone1,20,47.5,40.4,112.1,0.548,medium
114,Bhubaneswar-Zone1,21,40.6,40.8,113.6,0.775,medium
114,Bhubaneswar-Zone1,22,106.5,43.3,98.6,0.692,low
114,Bhubaneswar-Zone1,23,108.8,39.8,95.1,0.576,high
114,Bhubaneswar-Zone1,24,131.7,42.3,109.6,0.656,medium
114,Bhubaneswar-Zone1,25,172.0,44.7,95.6,0.583,high
114,Bhubaneswar-Zone1,26,233.2,43.0,91.6,0.669,high
114,Bhubaneswar-Zone1,27,239.5,39.7,100.0,0.581,high
114,Bhubaneswar-Zone1,28,277.5,41.6,82.4,0.716,low
114,Bhubaneswar-Zone1,29,266.7,44.0,80.0,0.932,high
114,Bhubaneswar-Zone1,30,288.9,41.6,86.7,0.812,high
114,Bhubaneswar-Zone1,31,315.4,37.7,94.3,0.601,low
114,Bhubaneswar-Zone1,32,347.5,38.7,80.1,0.689,high
114,Bhubaneswar-Zone1,33,310.4,40.2,84.4,0.782,high
114,Bhubaneswar-Zone1,34,360.4,35.9,81.1,0.723,medium
114,Bhubaneswar-Zone1,35,379.1,39.7,78.3,0.831,high
114,Bhubaneswar-Zone1,36,336.6,37.5,77.7,0.551,high
114,Bhubaneswar-Zone1,37,342.3,34.8,76.1,0.524,high
114,Bhubaneswar-Zone1,38,316.9,32.3,111.4,0.627,high
114,Bhubaneswar-Zone1,39,305.7,31.8,166.1,0.687,high
114,Bhubaneswar-Zone1,40,248.4,30.8,169.3,0.573,high
114,Bhubaneswar-Zone1,41,221.0,28.0,179.9,0.629,high
114,Bhubaneswar-Zone1,42,190.3,28.7,179.9,0.777,high
114,Bhubaneswar-Zone1,43,201.3,28.2,167.6,0.836,high
114,Bhubaneswar-Zone1,44,162.7,26.5,180.9,0.535,high
114,Bhubaneswar-Zone1,45,104.4,24.5,193.9,0.641,high
114,Bhubaneswar-Zone1,46,101.0,27.6,195.9,0.833,high
114,Bhubaneswar-Zone1,47,24.5,25.1,193.1,0.789,medium
114,Bhubaneswar-Zone1,48,43.1,26.0,193.1,0.777,medium
114,Bhubaneswar-Zone1,49,36.6,22.9,204.1,0.667,medium
114,Bhubaneswar-Zone1,50,40.1,21.7,205.1,0.712,medium
114,Bhubaneswar-Zone1,51,59.8,22.2,197.9,0.756,high
114,Bhubaneswar-Zone1,52,22.7,20.0,193.0,0.879,medium
115,Puri-Zone1,0,125.9,22.3,186.0,0.614,high
115,Puri-Zone1,1,116.2,22.7,185.0,0.688,low
115,Puri-Zone1,2,77.3,23.1,189.1,0.668,high
115,Puri-Zone1,3,144.2,24.7,182.0,0.703,low
115,Puri-Zone1,4,104.0,23.6,137.7,0.747,high
115,Puri-Zone1,5,75.6,24.8,105.9,0.568,high
115,Puri-Zone1,6,77.2,25.1,109.7,0.763,high
115,Puri-Zone1,7,81.9,25.9,100.3,0.522,high
115,Puri-Zone1,8,105.0,27.3,110.9,0.64,high
115,Puri-Zone1,9,117.3,26.6,105.0,0.54,high
115,Puri-Zone1,10,105.1,29.5,106.1,0.661,high
115,Puri-Zone1,11,92.2,31.1,109.7,0.624,high
115,Puri-Zone1,12,104.3,33.4,109.0,0.558,high
115,Puri-Zone1,13,69.9,32.5,108.0,0.678,high
115,Puri-Zone1,14,132.9,34.1,110.4,0.574,high
115,Puri-Zone1,15,100.4,36.5,110.0,0.464,high
115,Puri-Zone1,16,72.5,36.9,111.0,0.519,high
115,Puri-Zone1,17,94.5,37.0,95.1,0.638,high
115,Puri-Zone1,18,118.3,37.5,115.7,0.651,high
115,Puri-Zone1,19,114.9,40.1,103.0,0.709,high
115,Puri-Zone1,20,113.4,42.0,109.1,0.731,high
115,Puri-Zone1,21,66.8,41.2,111.9,0.656,high
115,Puri-Zone1,22,168.6,42.4,94.4,0.726,high
115,Puri-Zone1,23,169.2,41.7,96.7,0.771,high
115,Puri-Zone1,24,223.9,41.5,88.4,0.718,high
115,Puri-Zone1,25,238.0,42.9,88.3,0.715,high
115,Puri-Zone1,26,282.3,43.3,92.1,0.807,high
115,Puri-Zone1,27,270.7,41.6,90.7,0.7,high
115,Puri-Zone1,28,286.8,41.9,83.1,0.662,high
115,Puri-Zone1,29,340.7,40.4,88.9,0.747,high
115,Puri-Zone1,30,335.2,42.2,81.0,0.713,high
115,Puri-Zone1,31,385.5,40.3,84.7,0.845,medium
115,Puri-Zone1,32,385.3,40.4,81.3,0.669,high
115,Puri-Zone1,33,344.1,40.2,81.4,0.571,high
115,Puri-Zone1,34,373.5,39.4,77.7,0.537,high
115,Puri-Zone1,35,389.2,37.7,64.0,0.626,high
115,Puri-Zone1,36,358.5,35.0,76.6,0.722,high
115,Puri-Zone1,37,354.0,35.9,92.4,0.585,high
115,Puri-Zone1,38,315.8,36.3,103.7,0.725,high
115,Puri-Zone1,39,351.5,35.2,150.6,0.758,high
115,Puri-Zone1,40,291.4,33.1,171.6,0.634,high
115,Puri-Zone1,41,285.5,31.7,169.0,0.665,high
115,Puri-Zone1,42,247.4,27.8,169.7,0.743,high
115,Puri-Zone1,43,246.9,27.8,159.6,0.681,medium
115,Puri-Zone1,44,197.4,26.4,181.7,0.726,high
115,Puri-Zone1,45,159.8,23.8,182.3,0.668,high
115,Puri-Zone1,46,101.3,24.8,181.4,0.786,high
115,Puri-Zone1,47,113.6,24.7,191.0,0.598,high
115,Puri-Zone1,48,105.8,24.6,174.6,0.503,high
115,Puri-Zone1,49,69.5,24.6,191.0,0.767,high
115,Puri-Zone1,50,75.1,24.2,196.6,0.709,high
115,Puri-Zone1,51,109.4,21.1,192.7,0.579,high
115,Puri-Zone1,52,13.9,21.5,190.0,0.58,medium
116,Bhubaneswar-Zone2,0,108.4,21.1,189.9,0.663,high
116,Bhubaneswar-Zone2,1,66.7,23.3,193.3,0.744,high
116,Bhubaneswar-Zone2,2,91.1,21.0,196.0,0.971,high
116,Bhubaneswar-Zone2,3,88.0,23.2,190.6,0.903,high
116,Bhubaneswar-Zone2,4,72.7,23.2,136.9,0.718,high
116,Bhubaneswar-Zone2,5,70.9,23.7,114.6,0.927,high
116,Bhubaneswar-Zone2,6,57.1,25.3,117.9,0.668,high
116,Bhubaneswar-Zone2,7,97.0,27.2,108.0,0.735,high
116,Bhubaneswar-Zone2,8,46.4,29.7,118.6,0.749,medium
116,Bhubaneswar-Zone2,9,41.6,29.3,109.4,1.0,medium
116,Bhubaneswar-Zone2,10,89.7,31.0,125.9,0.686,high
116,Bhubaneswar-Zone2,11,48.2,31.0,113.4,0.687,medium
116,Bhubaneswar-Zone2,12,51.8,32.7,113.7,0.762,high
116,Bhubaneswar-Zone2,13,128.9,34.8,95.1,0.753,high
116,Bhubaneswar-Zone2,14,48.1,34.4,114.6,0.762,medium
116,Bhubaneswar-Zone2,15,83.4,36.8,106.0,0.723,high
116,Bhubaneswar-Zone2,16,85.1,37.7,110.0,0.726,high
116,Bhubaneswar-Zone2,17,79.0,37.4,102.9,0.778,high
116,Bhubaneswar-Zone2,18,104.4,39.9,105.0,0.586,high
116,Bhubaneswar-Zone2,19,111.3,41.9,103.0,0.812,high
116,Bhubaneswar-Zone2,20,72.2,41.6,115.3,0.764,high
116,Bhubaneswar-Zone2,21,49.8,41.0,114.1,0.76,medium
116,Bhubaneswar-Zone2,22,74.5,40.8,103.9,0.727,high
116,Bhubaneswar-Zone2,23,135.2,42.9,108.3,0.707,high
116,Bhubaneswar-Zone2,24,142.8,45.0,110.1,0.942,high
116,Bhubaneswar-Zone2,25,213.2,44.1,96.4,0.824,high
116,Bhubaneswar-Zone2,26,244.8,41.9,89.4,0.691,high
116,Bhubaneswar-Zone2,27,229.8,42.9,94.4,0.735,high
116,Bhubaneswar-Zone2,28,257.8,43.2,89.7,0.724,high
116,Bhubaneswar-Zone2,29,279.6,42.9,86.7,0.697,high
116,Bhubaneswar-Zone2,30,323.3,39.3,86.4,0.79,high
116,Bhubaneswar-Zone2,31,349.4,41.3,75.7,0.81,high
116,Bhubaneswar-Zone2,32,343.1,39.3,87.0,0.737,high
116,Bhubaneswar-Zone2,33,339.2,37.7,72.0,0.62,high
116,Bhubaneswar-Zone2,34,333.2,38.6,85.4,0.853,high
116,Bhubaneswar-Zone2,35,359.8,35.4,79.1,0.604,high
116,Bhubaneswar-Zone2,36,362.9,35.0,81.6,0.727,high
116,Bhubaneswar-Zone2,37,299.2,34.3,85.6,0.757,high
116,Bhubaneswar-Zone2,38,297.3,31.5,112.0,0.666,medium
116,Bhubaneswar-Zone2,39,298.5,33.3,172.7,0.649,high
116,Bhubaneswar-Zone2,40,306.6,31.3,161.4,0.853,high
116,Bhubaneswar-Zone2,41,250.9,30.8,175.1,0.804,high
116,Bhubaneswar-Zone2,42,222.5,32.6,174.1,0.562,high
116,Bhubaneswar-Zone2,43,240.7,28.6,180.7,0.798,high
116,Bhubaneswar-Zone2,44,170.7,25.8,181.1,0.789,high
116,Bhubaneswar-Zone2,45,115.2,27.1,179.3,0.934,high
116,Bhubaneswar-Zone2,46,103.4,24.2,181.1,0.775,high
116,Bhubaneswar-Zone2,47,123.4,26.9,181.4,0.816,high
116,Bhubaneswar-Zone2,48,92.9,23.7,190.6,0.862,high
116,Bhubaneswar-Zone2,49,71.1,23.2,195.3,0.784,high
116,Bhubaneswar-Zone2,50,89.6,23.4,189.3,0.791,high
116,Bhubaneswar-Zone2,51,31.0,23.1,195.4,0.943,medium
116,Bhubaneswar-Zone2,52,3.2,17.6,200.0,0.853,medium
117,Cuttack-Zone1,0,20.0,23.7,196.3,0.439,medium
117,Cuttack-Zone1,1,53.9,23.0,203.3,0.444,high
117,Cuttack-Zone1,2,39.0,22.9,200.9,0.3,medium
117,Cuttack-Zone1,3,52.1,24.6,189.0,0.521,medium
117,Cuttack-Zone1,4,42.3,25.4,151.7,0.591,medium
117,Cuttack-Zone1,5,29.4,25.2,116.0,0.415,medium
117,Cuttack-Zone1,6,33.7,25.9,117.0,0.514,medium
117,Cuttack-Zone1,7,32.3,27.7,117.3,0.671,medium
117,Cuttack-Zone1,8,26.4,27.3,120.7,0.486,medium
117,Cuttack-Zone1,9,18.2,26.7,110.9,0.469,low
117,Cuttack-Zone1,10,12.5,29.6,110.7,0.586,low
117,Cuttack-Zone1,11,14.1,32.2,118.6,0.633,low
117,Cuttack-Zone1,12,53.2,30.8,110.4,0.431,high
117,Cuttack-Zone1,13,45.8,31.3,105.1,0.516,medium
117,Cuttack-Zone1,14,12.8,35.2,118.6,0.609,low
117,Cuttack-Zone1,15,68.1,36.8,115.9,0.445,high
117,Cuttack-Zone1,16,12.1,37.5,111.4,0.574,low
117,Cuttack-Zone1,17,63.9,38.5,104.0,0.503,high
117,Cuttack-Zone1,18,62.2,40.9,113.7,0.366,high
117,Cuttack-Zone1,19,33.3,38.5,111.6,0.71,medium
117,Cuttack-Zone1,20,26.4,39.6,116.0,0.528,medium
117,Cuttack-Zone1,21,31.7,41.9,114.3,0.411,medium
117,Cuttack-Zone1,22,62.7,39.8,117.4,0.606,high
117,Cuttack-Zone1,23,79.2,41.7,106.4,0.475,high
117,Cuttack-Zone1,24,159.5,42.0,102.3,0.461,high
117,Cuttack-Zone1,25,246.6,43.2,96.1,0.467,high
117,Cuttack-Zone1,26,198.7,41.4,97.4,0.474,medium
117,Cuttack-Zone1,27,282.6,43.4,82.7,0.547,high
117,Cuttack-Zone1,28,235.4,40.8,94.9,0.337,high
117,Cuttack-Zone1,29,238.0,42.0,95.3,0.502,high
117,Cuttack-Zone1,30,288.1,42.8,83.0,0.407,high
117,Cuttack-Zone1,31,263.5,38.7,89.7,0.686,high
117,Cuttack-Zone1,32,334.1,40.7,72.4,0.557,high
117,Cuttack-Zone1,33,337.1,38.6,73.7,0.392,high
117,Cuttack-Zone1,34,302.3,38.0,94.7,0.448,high
117,Cuttack-Zone1,35,285.6,36.6,81.6,0.475,high
117,Cuttack-Zone1,36,313.4,35.3,77.0,0.365,high
117,Cuttack-Zone1,37,325.5,35.0,78.6,0.493,high
117,Cuttack-Zone1,38,264.2,34.8,115.7,0.589,high
117,Cuttack-Zone1,39,271.7,31.9,178.6,0.307,high
117,Cuttack-Zone1,40,247.0,29.6,171.7,0.431,high
117,Cuttack-Zone1,41,190.4,30.8,175.7,0.623,high
117,Cuttack-Zone1,42,184.7,28.1,171.0,0.676,high
117,Cuttack-Zone1,43,185.3,26.9,174.4,0.529,high
117,Cuttack-Zone1,44,119.5,26.5,181.4,0.382,high
117,Cuttack-Zone1,45,144.4,25.5,180.1,0.553,high
117,Cuttack-Zone1,46,76.7,24.8,191.4,0.571,high
117,Cuttack-Zone1,47,22.2,23.5,199.6,0.499,medium
117,Cuttack-Zone1,48,49.5,23.0,193.1,0.43,medium
117,Cuttack-Zone1,49,56.2,22.8,188.0,0.546,high
117,Cuttack-Zone1,50,55.0,22.8,190.0,0.462,high
117,Cuttack-Zone1,51,44.3,24.1,197.1,0.555,medium
117,Cuttack-Zone1,52,0.9,17.3,221.0,0.382,medium
118,Bhubaneswar-Zone1,0,49.0,21.8,193.4,0.731,medium
118,Bhubaneswar-Zone1,1,77.8,23.1,182.0,0.888,high
118,Bhubaneswar-Zone1,2,27.0,23.8,197.1,0.723,medium
118,Bhubaneswar-Zone1,3,32.5,23.1,193.3,0.808,medium
118,Bhubaneswar-Zone1,4,67.9,25.4,131.0,0.796,high
118,Bhubaneswar-Zone1,5,37.2,24.4,116.6,0.709,medium
118,Bhubaneswar-Zone1,6,45.8,26.3,107.7,0.748,medium
118,Bhubaneswar-Zone1,7,109.5,27.1,101.0,0.621,high
118,Bhubaneswar-Zone1,8,26.4,27.9,123.0,0.872,medium
118,Bhubaneswar-Zone1,9,61.9,27.4,112.9,0.825,high
118,Bhubaneswar-Zone1,10,59.1,31.8,121.6,0.841,high
118,Bhubaneswar-Zone1,11,32.6,31.7,106.6,0.863,medium
118,Bhubaneswar-Zone1,12,48.3,31.4,115.1,0.811,medium
118,Bhubaneswar-Zone1,13,55.6,33.5,107.3,0.756,high
118,Bhubaneswar-Zone1,14,37.3,32.8,121.4,0.686,medium
118,Bhubaneswar-Zone1,15,24.6,36.4,111.0,0.936,high
118,Bhubaneswar-Zone1,16,91.3,37.6,114.3,0.812,high
118,Bhubaneswar-Zone1,17,48.1,39.2,118.1,0.947,medium
118,Bhubaneswar-Zone1,18,42.5,39.3,118.9,0.777,medium
118,Bhubaneswar-Zone1,19,77.0,39.9,110.1,0.835,high
118,Bhubaneswar-Zone1,20,47.5,40.4,112.1,0.878,medium
118,Bhubaneswar-Zone1,21,40.6,40.8,113.6,0.654,medium
118,Bhubaneswar-Zone1,22,106.5,43.3,98.6,0.836,high
118,Bhubaneswar-Zone1,23,108.8,39.8,95.1,0.806,high
118,Bhubaneswar-Zone1,24,131.7,42.3,109.6,0.75,high
118,Bhubaneswar-Zone1,25,172.0,44.7,95.6,0.777,high
118,Bhubaneswar-Zone1,26,233.2,43.0,91.6,0.847,high
118,Bhubaneswar-Zone1,27,239.5,39.7,100.0,0.884,high
118,Bhubaneswar-Zone1,28,277.5,41.6,82.4,1.0,low
118,Bhubaneswar-Zone1,29,266.7,44.0,80.0,0.853,high
118,Bhubaneswar-Zone1,30,288.9,41.6,86.7,0.923,high
118,Bhubaneswar-Zone1,31,315.4,37.7,94.3,0.844,high
118,Bhubaneswar-Zone1,32,347.5,38.7,80.1,0.693,high
118,Bhubaneswar-Zone1,33,310.4,40.2,84.4,0.844,high
118,Bhubaneswar-Zone1,34,360.4,35.9,81.1,0.769,high
118,Bhubaneswar-Zone1,35,379.1,39.7,78.3,0.681,high
118,Bhubaneswar-Zone1,36,336.6,37.5,77.7,0.864,high
118,Bhubaneswar-Zone1,37,342.3,34.8,76.1,0.792,high
118,Bhubaneswar-Zone1,38,316.9,32.3,111.4,0.861,high
118,Bhubaneswar-Zone1,39,305.7,31.8,166.1,0.753,high
118,Bhubaneswar-Zone1,40,248.4,30.8,169.3,0.784,high
118,Bhubaneswar-Zone1,41,221.0,28.0,179.9,0.915,high
118,Bhubaneswar-Zone1,42,190.3,28.7,179.9,0.723,high
118,Bhubaneswar-Zone1,43,201.3,28.2,167.6,0.918,high
118,Bhubaneswar-Zone1,44,162.7,26.5,180.9,0.989,high
118,Bhubaneswar-Zone1,45,104.4,24.5,193.9,0.787,high
118,Bhubaneswar-Zone1,46,101.0,27.6,195.9,0.724,high
118,Bhubaneswar-Zone1,47,24.5,25.1,193.1,0.757,medium
118,Bhubaneswar-Zone1,48,43.1,26.0,193.1,0.98,medium
118,Bhubaneswar-Zone1,49,36.6,22.9,204.1,0.719,high
118,Bhubaneswar-Zone1,50,40.1,21.7,205.1,0.735,medium
118,Bhubaneswar-Zone1,51,59.8,22.2,197.9,0.802,medium
118,Bhubaneswar-Zone1,52,22.7,20.0,193.0,0.933,medium
119,Bhubaneswar-Zone2,0,108.4,21.1,189.9,0.605,high
119,Bhubaneswar-Zone2,1,66.7,23.3,193.3,0.795,high
119,Bhubaneswar-Zone2,2,91.1,21.0,196.0,0.816,high
119,Bhubaneswar-Zone2,3,88.0,23.2,190.6,0.789,low
119,Bhubaneswar-Zone2,4,72.7,23.2,136.9,0.487,high
119,Bhubaneswar-Zone2,5,70.9,23.7,114.6,0.83,high
119,Bhubaneswar-Zone2,6,57.1,25.3,117.9,0.615,high
119,Bhubaneswar-Zone2,7,97.0,27.2,108.0,0.632,high
119,Bhubaneswar-Zone2,8,46.4,29.7,118.6,0.735,medium
119,Bhubaneswar-Zone2,9,41.6,29.3,109.4,0.733,medium
119,Bhubaneswar-Zone2,10,89.7,31.0,125.9,0.577,high
119,Bhubaneswar-Zone2,11,48.2,31.0,113.4,0.671,medium
119,Bhubaneswar-Zone2,12,51.8,32.7,113.7,0.824,high
119,Bhubaneswar-Zone2,13,128.9,34.8,95.1,0.585,high
119,Bhubaneswar-Zone2,14,48.1,34.4,114.6,0.627,medium
119,Bhubaneswar-Zone2,15,83.4,36.8,106.0,0.603,high
119,Bhubaneswar-Zone2,16,85.1,37.7,110.0,0.57,high
119,Bhubaneswar-Zone2,17,79.0,37.4,102.9,0.903,high
119,Bhubaneswar-Zone2,18,104.4,39.9,105.0,0.691,high
119,Bhubaneswar-Zone2,19,111.3,41.9,103.0,0.53,high
119,Bhubaneswar-Zone2,20,72.2,41.6,115.3,0.575,high
119,Bhubaneswar-Zone2,21,49.8,41.0,114.1,0.609,medium
119,Bhubaneswar-Zone2,22,74.5,40.8,103.9,0.641,high
119,Bhubaneswar-Zone2,23,135.2,42.9,108.3,0.759,low
119,Bhubaneswar-Zone2,24,142.8,45.0,110.1,0.709,high
119,Bhubaneswar-Zone2,25,213.2,44.1,96.4,0.553,low
119,Bhubaneswar-Zone2,26,244.8,41.9,89.4,0.8,high
119,Bhubaneswar-Zone2,27,229.8,42.9,94.4,0.781,high
119,Bhubaneswar-Zone2,28,257.8,43.2,89.7,0.71,high
119,Bhubaneswar-Zone2,29,279.6,42.9,86.7,0.711,high
119,Bhubaneswar-Zone2,30,323.3,39.3,86.4,0.703,high
119,Bhubaneswar-Zone2,31,349.4,41.3,75.7,0.819,high
119,Bhubaneswar-Zone2,32,343.1,39.3,87.0,0.76,high
119,Bhubaneswar-Zone2,33,339.2,37.7,72.0,0.681,high
119,Bhubaneswar-Zone2,34,333.2,38.6,85.4,0.705,high
119,Bhubaneswar-Zone2,35,359.8,35.4,79.1,0.778,high
119,Bhubaneswar-Zone2,36,362.9,35.0,81.6,0.77,high
119,Bhubaneswar-Zone2,37,299.2,34.3,85.6,0.465,low
119,Bhubaneswar-Zone2,38,297.3,31.5,112.0,0.722,low
119,Bhubaneswar-Zone2,39,298.5,33.3,172.7,0.7,low
119,Bhubaneswar-Zone2,40,306.6,31.3,161.4,0.665,high
119,Bhubaneswar-Zone2,41,250.9,30.8,175.1,0.742,high
119,Bhubaneswar-Zone2,42,222.5,32.6,174.1,0.662,high
119,Bhubaneswar-Zone2,43,240.7,28.6,180.7,0.695,high
119,Bhubaneswar-Zone2,44,170.7,25.8,181.1,0.676,low
119,Bhubaneswar-Zone2,45,115.2,27.1,179.3,0.679,high
119,Bhubaneswar-Zone2,46,103.4,24.2,181.1,0.685,high
119,Bhubaneswar-Zone2,47,123.4,26.9,181.4,0.643,low
119,Bhubaneswar-Zone2,48,92.9,23.7,190.6,0.529,high
119,Bhubaneswar-Zone2,49,71.1,23.2,195.3,0.742,high
119,Bhubaneswar-Zone2,50,89.6,23.4,189.3,0.672,high
119,Bhubaneswar-Zone2,51,31.0,23.1,195.4,0.673,medium
119,Bhubaneswar-Zone2,52,3.2,17.6,200.0,0.71,medium
120,Bhubaneswar-Zone2,0,108.4,21.1,189.9,0.566,high
120,Bhubaneswar-Zone2,1,66.7,23.3,193.3,0.662,high
120,Bhubaneswar-Zone2,2,91.1,21.0,196.0,0.517,high
120,Bhubaneswar-Zone2,3,88.0,23.2,190.6,0.708,high
120,Bhubaneswar-Zone2,4,72.7,23.2,136.9,0.571,high
120,Bhubaneswar-Zone2,5,70.9,23.7,114.6,0.701,high
120,Bhubaneswar-Zone2,6,57.1,25.3,117.9,0.657,high
120,Bhubaneswar-Zone2,7,97.0,27.2,108.0,0.758,high
120,Bhubaneswar-Zone2,8,46.4,29.7,118.6,0.75,medium
120,Bhubaneswar-Zone2,9,41.6,29.3,109.4,0.635,medium
120,Bhubaneswar-Zone2,10,89.7,31.0,125.9,0.735,high
120,Bhubaneswar-Zone2,11,48.2,31.0,113.4,0.52,medium
120,Bhubaneswar-Zone2,12,51.8,32.7,113.7,0.756,high
120,Bhubaneswar-Zone2,13,128.9,34.8,95.1,0.52,high
120,Bhubaneswar-Zone2,14,48.1,34.4,114.6,0.713,medium
120,Bhubaneswar-Zone2,15,83.4,36.8,106.0,0.688,high
120,Bhubaneswar-Zone2,16,85.1,37.7,110.0,0.413,low
120,Bhubaneswar-Zone2,17,79.0,37.4,102.9,0.673,high
120,Bhubaneswar-Zone2,18,104.4,39.9,105.0,0.681,high
120,Bhubaneswar-Zone2,19,111.3,41.9,103.0,0.602,high
120,Bhubaneswar-Zone2,20,72.2,41.6,115.3,0.73,high
120,Bhubaneswar-Zone2,21,49.8,41.0,114.1,0.721,medium
120,Bhubaneswar-Zone2,22,74.5,40.8,103.9,0.746,high
120,Bhubaneswar-Zone2,23,135.2,42.9,108.3,0.681,high
120,Bhubaneswar-Zone2,24,142.8,45.0,110.1,0.605,medium
120,Bhubaneswar-Zone2,25,213.2,44.1,96.4,0.572,high
120,Bhubaneswar-Zone2,26,244.8,41.9,89.4,0.617,high
120,Bhubaneswar-Zone2,27,229.8,42.9,94.4,0.703,high
120,Bhubaneswar-Zone2,28,257.8,43.2,89.7,0.787,high
120,Bhubaneswar-Zone2,29,279.6,42.9,86.7,0.646,low
120,Bhubaneswar-Zone2,30,323.3,39.3,86.4,0.79,high
120,Bhubaneswar-Zone2,31,349.4,41.3,75.7,0.754,high
120,Bhubaneswar-Zone2,32,343.1,39.3,87.0,0.728,high
120,Bhubaneswar-Zone2,33,339.2,37.7,72.0,0.587,low
120,Bhubaneswar-Zone2,34,333.2,38.6,85.4,0.752,high
120,Bhubaneswar-Zone2,35,359.8,35.4,79.1,0.93,high
120,Bhubaneswar-Zone2,36,362.9,35.0,81.6,0.599,high
120,Bhubaneswar-Zone2,37,299.2,34.3,85.6,0.657,high
120,Bhubaneswar-Zone2,38,297.3,31.5,112.0,0.768,high
120,Bhubaneswar-Zone2,39,298.5,33.3,172.7,0.694,high
120,Bhubaneswar-Zone2,40,306.6,31.3,161.4,0.808,high
120,Bhubaneswar-Zone2,41,250.9,30.8,175.1,0.589,medium
120,Bhubaneswar-Zone2,42,222.5,32.6,174.1,0.704,high
120,Bhubaneswar-Zone2,43,240.7,28.6,180.7,0.684,high
120,Bhubaneswar-Zone2,44,170.7,25.8,181.1,0.639,high
120,Bhubaneswar-Zone2,45,115.2,27.1,179.3,0.561,high
120,Bhubaneswar-Zone2,46,103.4,24.2,181.1,0.486,high
120,Bhubaneswar-Zone2,47,123.4,26.9,181.4,0.597,high
120,Bhubaneswar-Zone2,48,92.9,23.7,190.6,0.641,high
120,Bhubaneswar-Zone2,49,71.1,23.2,195.3,0.742,high
120,Bhubaneswar-Zone2,50,89.6,23.4,189.3,0.524,high
120,Bhubaneswar-Zone2,51,31.0,23.1,195.4,0.633,medium
120,Bhubaneswar-Zone2,52,3.2,17.6,200.0,0.558,medium
121,Rourkela-Zone1,0,12.7,20.9,190.6,0.493,medium
121,Rourkela-Zone1,1,24.9,24.0,193.9,0.759,medium
121,Rourkela-Zone1,2,6.9,24.0,196.0,0.457,medium
121,Rourkela-Zone1,3,44.1,25.1,186.7,0.44,medium
121,Rourkela-Zone1,4,25.7,23.1,141.1,0.835,medium
121,Rourkela-Zone1,5,45.3,27.0,116.6,0.608,medium
121,Rourkela-Zone1,6,0.0,24.7,122.1,0.601,low
121,Rourkela-Zone1,7,13.6,28.2,101.6,0.462,low
121,Rourkela-Zone1,8,7.1,26.4,113.0,0.757,low
121,Rourkela-Zone1,9,42.5,29.2,118.1,0.41,medium
121,Rourkela-Zone1,10,4.4,32.2,114.0,0.659,low
121,Rourkela-Zone1,11,21.1,29.6,108.3,0.674,medium
121,Rourkela-Zone1,12,12.7,32.3,114.6,0.699,low
121,Rourkela-Zone1,13,30.3,35.3,104.7,0.712,medium
121,Rourkela-Zone1,14,11.6,36.0,119.1,0.525,low
121,Rourkela-Zone1,15,0.0,34.6,119.1,0.58,low
121,Rourkela-Zone1,16,8.5,36.6,116.0,0.556,low
121,Rourkela-Zone1,17,2.9,37.9,125.0,0.454,low
121,Rourkela-Zone1,18,19.5,39.1,114.0,0.561,medium
121,Rourkela-Zone1,19,16.4,41.1,111.6,0.577,low
121,Rourkela-Zone1,20,59.8,40.2,117.1,0.595,medium
121,Rourkela-Zone1,21,36.3,41.2,110.7,0.587,medium
121,Rourkela-Zone1,22,21.3,42.3,109.7,0.529,high
121,Rourkela-Zone1,23,88.1,42.9,109.4,0.795,high
121,Rourkela-Zone1,24,118.1,43.9,107.7,0.608,high
121,Rourkela-Zone1,25,149.8,44.2,108.3,0.456,high
121,Rourkela-Zone1,26,149.3,42.9,99.3,0.5,high
121,Rourkela-Zone1,27,175.4,44.7,100.0,0.625,high
121,Rourkela-Zone1,28,191.7,40.9,96.9,0.601,high
121,Rourkela-Zone1,29,211.7,41.6,103.4,0.606,high
121,Rourkela-Zone1,30,223.5,41.2,94.6,0.42,high
121,Rourkela-Zone1,31,270.0,41.9,88.4,0.669,high
121,Rourkela-Zone1,32,262.3,41.3,93.0,0.534,high
121,Rourkela-Zone1,33,289.2,40.8,84.9,0.586,high
121,Rourkela-Zone1,34,271.3,38.8,90.9,0.769,high
121,Rourkela-Zone1,35,261.5,36.1,95.7,0.528,medium
121,Rourkela-Zone1,36,265.7,34.2,99.6,0.542,high
121,Rourkela-Zone1,37,245.6,34.5,96.6,0.772,high
121,Rourkela-Zone1,38,252.5,34.9,100.7,0.665,high
121,Rourkela-Zone1,39,202.9,31.1,174.0,0.341,high
121,Rourkela-Zone1,40,262.6,29.5,162.4,0.587,high
121,Rourkela-Zone1,41,179.5,28.6,172.4,0.564,high
121,Rourkela-Zone1,42,143.8,27.3,183.1,0.497,high
121,Rourkela-Zone1,43,129.1,29.7,188.0,0.521,high
121,Rourkela-Zone1,44,104.7,25.8,177.6,0.542,high
121,Rourkela-Zone1,45,34.6,25.1,195.7,0.524,medium
121,Rourkela-Zone1,46,27.1,26.8,203.0,0.683,medium
121,Rourkela-Zone1,47,19.4,24.2,203.7,0.524,medium
121,Rourkela-Zone1,48,4.4,22.9,196.4,0.829,medium
121,Rourkela-Zone1,49,16.7,23.5,195.4,0.485,medium
121,Rourkela-Zone1,50,18.1,22.1,190.4,0.51,medium
121,Rourkela-Zone1,51,19.9,26.5,201.4,0.534,medium
121,Rourkela-Zone1,52,0.0,16.7,201.0,0.473,medium
122,Puri-Zone1,0,125.9,22.3,186.0,0.831,high
122,Puri-Zone1,1,116.2,22.7,185.0,0.792,high
122,Puri-Zone1,2,77.3,23.1,189.1,0.932,high
122,Puri-Zone1,3,144.2,24.7,182.0,0.805,high
122,Puri-Zone1,4,104.0,23.6,137.7,0.759,high
122,Puri-Zone1,5,75.6,24.8,105.9,0.816,high
122,Puri-Zone1,6,77.2,25.1,109.7,0.859,high
122,Puri-Zone1,7,81.9,25.9,100.3,1.0,high
122,Puri-Zone1,8,105.0,27.3,110.9,0.905,high
122,Puri-Zone1,9,117.3,26.6,105.0,0.761,high
122,Puri-Zone1,10,105.1,29.5,106.1,0.892,high
122,Puri-Zone1,11,92.2,31.1,109.7,0.963,high
122,Puri-Zone1,12,104.3,33.4,109.0,0.711,high
122,Puri-Zone1,13,69.9,32.5,108.0,1.0,high
122,Puri-Zone1,14,132.9,34.1,110.4,0.955,high
122,Puri-Zone1,15,100.4,36.5,110.0,1.0,high
122,Puri-Zone1,16,72.5,36.9,111.0,0.99,high
122,Puri-Zone1,17,94.5,37.0,95.1,0.859,high
122,Puri-Zone1,18,118.3,37.5,115.7,0.785,high
122,Puri-Zone1,19,114.9,40.1,103.0,0.906,high
122,Puri-Zone1,20,113.4,42.0,109.1,0.834,high
122,Puri-Zone1,21,66.8,41.2,111.9,0.777,high
122,Puri-Zone1,22,168.6,42.4,94.4,0.774,high
122,Puri-Zone1,23,169.2,41.7,96.7,0.992,high
122,Puri-Zone1,24,223.9,41.5,88.4,0.819,high
122,Puri-Zone1,25,238.0,42.9,88.3,0.805,high
122,Puri-Zone1,26,282.3,43.3,92.1,0.815,high
122,Puri-Zone1,27,270.7,41.6,90.7,0.922,high
122,Puri-Zone1,28,286.8,41.9,83.1,1.0,high
122,Puri-Zone1,29,340.7,40.4,88.9,0.56,high
122,Puri-Zone1,30,335.2,42.2,81.0,0.773,high
122,Puri-Zone1,31,385.5,40.3,84.7,0.996,high
122,Puri-Zone1,32,385.3,40.4,81.3,0.916,high
122,Puri-Zone1,33,344.1,40.2,81.4,0.77,high
122,Puri-Zone1,34,373.5,39.4,77.7,0.905,high
122,Puri-Zone1,35,389.2,37.7,64.0,0.832,high
122,Puri-Zone1,36,358.5,35.0,76.6,1.0,high
122,Puri-Zone1,37,354.0,35.9,92.4,0.774,high
122,Puri-Zone1,38,315.8,36.3,103.7,0.915,high
122,Puri-Zone1,39,351.5,35.2,150.6,0.722,high
122,Puri-Zone1,40,291.4,33.1,171.6,0.842,high
122,Puri-Zone1,41,285.5,31.7,169.0,0.994,high
122,Puri-Zone1,42,247.4,27.8,169.7,1.0,high
122,Puri-Zone1,43,246.9,27.8,159.6,0.76,high
122,Puri-Zone1,44,197.4,26.4,181.7,0.699,high
122,Puri-Zone1,45,159.8,23.8,182.3,0.831,high
122,Puri-Zone1,46,101.3,24.8,181.4,0.912,high
122,Puri-Zone1,47,113.6,24.7,191.0,0.793,high
122,Puri-Zone1,48,105.8,24.6,174.6,0.792,high
122,Puri-Zone1,49,69.5,24.6,191.0,0.928,high
122,Puri-Zone1,50,75.1,24.2,196.6,0.732,high
122,Puri-Zone1,51,109.4,21.1,192.7,0.85,high
122,Puri-Zone1,52,13.9,21.5,190.0,0.9,medium
123,Cuttack-Zone1,0,20.0,23.7,196.3,0.732,medium
123,Cuttack-Zone1,1,53.9,23.0,203.3,0.731,high
123,Cuttack-Zone1,2,39.0,22.9,200.9,0.997,medium
123,Cuttack-Zone1,3,52.1,24.6,189.0,0.911,high
123,Cuttack-Zone1,4,42.3,25.4,151.7,0.738,medium
123,Cuttack-Zone1,5,29.4,25.2,116.0,0.683,medium
123,Cuttack-Zone1,6,33.7,25.9,117.0,0.75,medium
123,Cuttack-Zone1,7,32.3,27.7,117.3,0.851,medium
123,Cuttack-Zone1,8,26.4,27.3,120.7,0.795,medium
123,Cuttack-Zone1,9,18.2,26.7,110.9,0.715,low
123,Cuttack-Zone1,10,12.5,29.6,110.7,0.86,low
123,Cuttack-Zone1,11,14.1,32.2,118.6,0.69,low
123,Cuttack-Zone1,12,53.2,30.8,110.4,0.838,high
123,Cuttack-Zone1,13,45.8,31.3,105.1,1.0,medium
123,Cuttack-Zone1,14,12.8,35.2,118.6,0.819,low
123,Cuttack-Zone1,15,68.1,36.8,115.9,0.648,high
123,Cuttack-Zone1,16,12.1,37.5,111.4,0.875,medium
123,Cuttack-Zone1,17,63.9,38.5,104.0,0.813,high
123,Cuttack-Zone1,18,62.2,40.9,113.7,0.896,high
123,Cuttack-Zone1,19,33.3,38.5,111.6,0.835,medium
123,Cuttack-Zone1,20,26.4,39.6,116.0,0.828,medium
123,Cuttack-Zone1,21,31.7,41.9,114.3,0.824,medium
123,Cuttack-Zone1,22,62.7,39.8,117.4,0.755,high
123,Cuttack-Zone1,23,79.2,41.7,106.4,0.925,low
123,Cuttack-Zone1,24,159.5,42.0,102.3,0.623,high
123,Cuttack-Zone1,25,246.6,43.2,96.1,0.99,high
123,Cuttack-Zone1,26,198.7,41.4,97.4,0.81,high
123,Cuttack-Zone1,27,282.6,43.4,82.7,0.87,high
123,Cuttack-Zone1,28,235.4,40.8,94.9,0.907,high
123,Cuttack-Zone1,29,238.0,42.0,95.3,0.778,high
123,Cuttack-Zone1,30,288.1,42.8,83.0,0.853,high
123,Cuttack-Zone1,31,263.5,38.7,89.7,0.773,high
123,Cuttack-Zone1,32,334.1,40.7,72.4,0.844,high
123,Cuttack-Zone1,33,337.1,38.6,73.7,0.74,high
123,Cuttack-Zone1,34,302.3,38.0,94.7,0.704,low
123,Cuttack-Zone1,35,285.6,36.6,81.6,0.785,high
123,Cuttack-Zone1,36,313.4,35.3,77.0,0.739,high
123,Cuttack-Zone1,37,325.5,35.0,78.6,0.869,high
123,Cuttack-Zone1,38,264.2,34.8,115.7,0.808,high
123,Cuttack-Zone1,39,271.7,31.9,178.6,0.892,high
123,Cuttack-Zone1,40,247.0,29.6,171.7,0.856,high
123,Cuttack-Zone1,41,190.4,30.8,175.7,0.84,high
123,Cuttack-Zone1,42,184.7,28.1,171.0,0.739,high
123,Cuttack-Zone1,43,185.3,26.9,174.4,0.896,high
123,Cuttack-Zone1,44,119.5,26.5,181.4,0.776,high
123,Cuttack-Zone1,45,144.4,25.5,180.1,0.806,high
123,Cuttack-Zone1,46,76.7,24.8,191.4,0.905,low
123,Cuttack-Zone1,47,22.2,23.5,199.6,0.927,medium
123,Cuttack-Zone1,48,49.5,23.0,193.1,0.924,high
123,Cuttack-Zone1,49,56.2,22.8,188.0,0.874,high
123,Cuttack-Zone1,50,55.0,22.8,190.0,0.814,high
123,Cuttack-Zone1,51,44.3,24.1,197.1,0.963,medium
123,Cuttack-Zone1,52,0.9,17.3,221.0,0.699,medium
124,Bhubaneswar-Zone1,0,49.0,21.8,193.4,1.0,medium
124,Bhubaneswar-Zone1,1,77.8,23.1,182.0,1.0,high
124,Bhubaneswar-Zone1,2,27.0,23.8,197.1,1.0,medium
124,Bhubaneswar-Zone1,3,32.5,23.1,193.3,0.83,medium
124,Bhubaneswar-Zone1,4,67.9,25.4,131.0,1.0,high
124,Bhubaneswar-Zone1,5,37.2,24.4,116.6,0.901,medium
124,Bhubaneswar-Zone1,6,45.8,26.3,107.7,1.0,medium
124,Bhubaneswar-Zone1,7,109.5,27.1,101.0,0.806,high
124,Bhubaneswar-Zone1,8,26.4,27.9,123.0,1.0,medium
124,Bhubaneswar-Zone1,9,61.9,27.4,112.9,0.996,high
124,Bhubaneswar-Zone1,10,59.1,31.8,121.6,0.798,high
124,Bhubaneswar-Zone1,11,32.6,31.7,106.6,1.0,medium
124,Bhubaneswar-Zone1,12,48.3,31.4,115.1,1.0,medium
124,Bhubaneswar-Zone1,13,55.6,33.5,107.3,0.951,high
124,Bhubaneswar-Zone1,14,37.3,32.8,121.4,0.914,medium
124,Bhubaneswar-Zone1,15,24.6,36.4,111.0,0.967,medium
124,Bhubaneswar-Zone1,16,91.3,37.6,114.3,0.666,high
124,Bhubaneswar-Zone1,17,48.1,39.2,118.1,0.89,medium
124,Bhubaneswar-Zone1,18,42.5,39.3,118.9,1.0,medium
124,Bhubaneswar-Zone1,19,77.0,39.9,110.1,1.0,high
124,Bhubaneswar-Zone1,20,47.5,40.4,112.1,0.906,medium
124,Bhubaneswar-Zone1,21,40.6,40.8,113.6,1.0,medium
124,Bhubaneswar-Zone1,22,106.5,43.3,98.6,0.942,high
124,Bhubaneswar-Zone1,23,108.8,39.8,95.1,0.95,high
124,Bhubaneswar-Zone1,24,131.7,42.3,109.6,0.87,medium
124,Bhubaneswar-Zone1,25,172.0,44.7,95.6,0.91,high
124,Bhubaneswar-Zone1,26,233.2,43.0,91.6,0.843,high
124,Bhubaneswar-Zone1,27,239.5,39.7,100.0,0.909,high
124,Bhubaneswar-Zone1,28,277.5,41.6,82.4,1.0,high
124,Bhubaneswar-Zone1,29,266.7,44.0,80.0,0.952,high
124,Bhubaneswar-Zone1,30,288.9,41.6,86.7,1.0,high
124,Bhubaneswar-Zone1,31,315.4,37.7,94.3,1.0,high
124,Bhubaneswar-Zone1,32,347.5,38.7,80.1,1.0,high
124,Bhubaneswar-Zone1,33,310.4,40.2,84.4,1.0,high
124,Bhubaneswar-Zone1,34,360.4,35.9,81.1,0.784,high
124,Bhubaneswar-Zone1,35,379.1,39.7,78.3,0.979,high
124,Bhubaneswar-Zone1,36,336.6,37.5,77.7,0.89,high
124,Bhubaneswar-Zone1,37,342.3,34.8,76.1,0.98,high
124,Bhubaneswar-Zone1,38,316.9,32.3,111.4,0.827,high
124,Bhubaneswar-Zone1,39,305.7,31.8,166.1,1.0,high
124,Bhubaneswar-Zone1,40,248.4,30.8,169.3,0.86,high
124,Bhubaneswar-Zone1,41,221.0,28.0,179.9,1.0,high
124,Bhubaneswar-Zone1,42,190.3,28.7,179.9,0.961,high
124,Bhubaneswar-Zone1,43,201.3,28.2,167.6,0.861,low
124,Bhubaneswar-Zone1,44,162.7,26.5,180.9,0.996,high
124,Bhubaneswar-Zone1,45,104.4,24.5,193.9,0.937,high
124,Bhubaneswar-Zone1,46,101.0,27.6,195.9,0.901,high
124,Bhubaneswar-Zone1,47,24.5,25.1,193.1,1.0,medium
124,Bhubaneswar-Zone1,48,43.1,26.0,193.1,0.855,medium
124,Bhubaneswar-Zone1,49,36.6,22.9,204.1,0.862,medium
124,Bhubaneswar-Zone1,50,40.1,21.7,205.1,0.955,medium
124,Bhubaneswar-Zone1,51,59.8,22.2,197.9,0.883,high
124,Bhubaneswar-Zone1,52,22.7,20.0,193.0,0.809,medium
125,Rourkela-Zone1,0,12.7,20.9,190.6,0.704,medium
125,Rourkela-Zone1,1,24.9,24.0,193.9,0.731,medium
125,Rourkela-Zone1,2,6.9,24.0,196.0,0.847,medium
125,Rourkela-Zone1,3,44.1,25.1,186.7,0.792,medium
125,Rourkela-Zone1,4,25.7,23.1,141.1,0.903,medium
125,Rourkela-Zone1,5,45.3,27.0,116.6,0.601,medium
125,Rourkela-Zone1,6,0.0,24.7,122.1,0.7,low
125,Rourkela-Zone1,7,13.6,28.2,101.6,0.714,low
125,Rourkela-Zone1,8,7.1,26.4,113.0,0.831,low
125,Rourkela-Zone1,9,42.5,29.2,118.1,0.743,medium
125,Rourkela-Zone1,10,4.4,32.2,114.0,0.777,low
125,Rourkela-Zone1,11,21.1,29.6,108.3,0.705,medium
125,Rourkela-Zone1,12,12.7,32.3,114.6,0.699,medium
125,Rourkela-Zone1,13,30.3,35.3,104.7,0.828,medium
125,Rourkela-Zone1,14,11.6,36.0,119.1,0.716,low
125,Rourkela-Zone1,15,0.0,34.6,119.1,0.824,low
125,Rourkela-Zone1,16,8.5,36.6,116.0,0.675,low
125,Rourkela-Zone1,17,2.9,37.9,125.0,0.853,medium
125,Rourkela-Zone1,18,19.5,39.1,114.0,0.861,medium
125,Rourkela-Zone1,19,16.4,41.1,111.6,0.834,medium
125,Rourkela-Zone1,20,59.8,40.2,117.1,1.0,high
125,Rourkela-Zone1,21,36.3,41.2,110.7,0.761,medium
125,Rourkela-Zone1,22,21.3,42.3,109.7,0.829,medium
125,Rourkela-Zone1,23,88.1,42.9,109.4,0.811,high
125,Rourkela-Zone1,24,118.1,43.9,107.7,0.891,high
125,Rourkela-Zone1,25,149.8,44.2,108.3,0.807,high
125,Rourkela-Zone1,26,149.3,42.9,99.3,0.755,high
125,Rourkela-Zone1,27,175.4,44.7,100.0,0.821,low
125,Rourkela-Zone1,28,191.7,40.9,96.9,0.836,high
125,Rourkela-Zone1,29,211.7,41.6,103.4,0.808,high
125,Rourkela-Zone1,30,223.5,41.2,94.6,0.787,high
125,Rourkela-Zone1,31,270.0,41.9,88.4,0.843,high
125,Rourkela-Zone1,32,262.3,41.3,93.0,0.842,high
125,Rourkela-Zone1,33,289.2,40.8,84.9,0.821,high
125,Rourkela-Zone1,34,271.3,38.8,90.9,0.936,high
125,Rourkela-Zone1,35,261.5,36.1,95.7,0.949,high
125,Rourkela-Zone1,36,265.7,34.2,99.6,0.879,high
125,Rourkela-Zone1,37,245.6,34.5,96.6,0.807,high
125,Rourkela-Zone1,38,252.5,34.9,100.7,0.768,low
125,Rourkela-Zone1,39,202.9,31.1,174.0,0.819,high
125,Rourkela-Zone1,40,262.6,29.5,162.4,0.811,high
125,Rourkela-Zone1,41,179.5,28.6,172.4,0.809,high
125,Rourkela-Zone1,42,143.8,27.3,183.1,0.813,high
125,Rourkela-Zone1,43,129.1,29.7,188.0,0.843,high
125,Rourkela-Zone1,44,104.7,25.8,177.6,0.906,medium
125,Rourkela-Zone1,45,34.6,25.1,195.7,0.848,medium
125,Rourkela-Zone1,46,27.1,26.8,203.0,0.829,medium
125,Rourkela-Zone1,47,19.4,24.2,203.7,0.877,medium
125,Rourkela-Zone1,48,4.4,22.9,196.4,0.94,medium
125,Rourkela-Zone1,49,16.7,23.5,195.4,0.693,medium
125,Rourkela-Zone1,50,18.1,22.1,190.4,0.972,medium
125,Rourkela-Zone1,51,19.9,26.5,201.4,0.632,medium
125,Rourkela-Zone1,52,0.0,16.7,201.0,0.839,medium
126,Puri-Zone1,0,125.9,22.3,186.0,1.0,high
126,Puri-Zone1,1,116.2,22.7,185.0,0.914,high
126,Puri-Zone1,2,77.3,23.1,189.1,0.92,high
126,Puri-Zone1,3,144.2,24.7,182.0,0.876,high
126,Puri-Zone1,4,104.0,23.6,137.7,0.891,high
126,Puri-Zone1,5,75.6,24.8,105.9,1.0,high
126,Puri-Zone1,6,77.2,25.1,109.7,1.0,high
126,Puri-Zone1,7,81.9,25.9,100.3,1.0,high
126,Puri-Zone1,8,105.0,27.3,110.9,1.0,high
126,Puri-Zone1,9,117.3,26.6,105.0,1.0,high
126,Puri-Zone1,10,105.1,29.5,106.1,0.875,high
126,Puri-Zone1,11,92.2,31.1,109.7,1.0,high
126,Puri-Zone1,12,104.3,33.4,109.0,0.655,high
126,Puri-Zone1,13,69.9,32.5,108.0,1.0,high
126,Puri-Zone1,14,132.9,34.1,110.4,0.899,high
126,Puri-Zone1,15,100.4,36.5,110.0,1.0,high
126,Puri-Zone1,16,72.5,36.9,111.0,0.855,high
126,Puri-Zone1,17,94.5,37.0,95.1,1.0,high
126,Puri-Zone1,18,118.3,37.5,115.7,1.0,high
126,Puri-Zone1,19,114.9,40.1,103.0,0.98,high
126,Puri-Zone1,20,113.4,42.0,109.1,0.911,high
126,Puri-Zone1,21,66.8,41.2,111.9,1.0,high
126,Puri-Zone1,22,168.6,42.4,94.4,0.786,high
126,Puri-Zone1,23,169.2,41.7,96.7,0.893,high
126,Puri-Zone1,24,223.9,41.5,88.4,0.969,high
126,Puri-Zone1,25,238.0,42.9,88.3,0.981,high
126,Puri-Zone1,26,282.3,43.3,92.1,0.895,high
126,Puri-Zone1,27,270.7,41.6,90.7,0.898,high
126,Puri-Zone1,28,286.8,41.9,83.1,1.0,high
126,Puri-Zone1,29,340.7,40.4,88.9,0.877,high
126,Puri-Zone1,30,335.2,42.2,81.0,0.934,high
126,Puri-Zone1,31,385.5,40.3,84.7,0.855,high
126,Puri-Zone1,32,385.3,40.4,81.3,0.974,high
126,Puri-Zone1,33,344.1,40.2,81.4,0.949,high
126,Puri-Zone1,34,373.5,39.4,77.7,0.78,high
126,Puri-Zone1,35,389.2,37.7,64.0,0.837,high
126,Puri-Zone1,36,358.5,35.0,76.6,0.667,high
126,Puri-Zone1,37,354.0,35.9,92.4,1.0,high
126,Puri-Zone1,38,315.8,36.3,103.7,0.903,high
126,Puri-Zone1,39,351.5,35.2,150.6,1.0,high
126,Puri-Zone1,40,291.4,33.1,171.6,0.871,high
126,Puri-Zone1,41,285.5,31.7,169.0,1.0,high
126,Puri-Zone1,42,247.4,27.8,169.7,0.806,low
126,Puri-Zone1,43,246.9,27.8,159.6,1.0,high
126,Puri-Zone1,44,197.4,26.4,181.7,0.932,high
126,Puri-Zone1,45,159.8,23.8,182.3,0.996,medium
126,Puri-Zone1,46,101.3,24.8,181.4,0.976,high
126,Puri-Zone1,47,113.6,24.7,191.0,1.0,high
126,Puri-Zone1,48,105.8,24.6,174.6,1.0,high
126,Puri-Zone1,49,69.5,24.6,191.0,1.0,high
126,Puri-Zone1,50,75.1,24.2,196.6,0.851,high
126,Puri-Zone1,51,109.4,21.1,192.7,1.0,high
126,Puri-Zone1,52,13.9,21.5,190.0,0.771,medium
127,Rourkela-Zone1,0,12.7,20.9,190.6,0.39,medium
127,Rourkela-Zone1,1,24.9,24.0,193.9,0.414,medium
127,Rourkela-Zone1,2,6.9,24.0,196.0,0.407,medium
127,Rourkela-Zone1,3,44.1,25.1,186.7,0.207,medium
127,Rourkela-Zone1,4,25.7,23.1,141.1,0.542,medium
127,Rourkela-Zone1,5,45.3,27.0,116.6,0.435,medium
127,Rourkela-Zone1,6,0.0,24.7,122.1,0.433,low
127,Rourkela-Zone1,7,13.6,28.2,101.6,0.437,low
127,Rourkela-Zone1,8,7.1,26.4,113.0,0.33,medium
127,Rourkela-Zone1,9,42.5,29.2,118.1,0.163,medium
127,Rourkela-Zone1,10,4.4,32.2,114.0,0.408,low
127,Rourkela-Zone1,11,21.1,29.6,108.3,0.361,medium
127,Rourkela-Zone1,12,12.7,32.3,114.6,0.469,low
127,Rourkela-Zone1,13,30.3,35.3,104.7,0.398,medium
127,Rourkela-Zone1,14,11.6,36.0,119.1,0.098,medium
127,Rourkela-Zone1,15,0.0,34.6,119.1,0.297,medium
127,Rourkela-Zone1,16,8.5,36.6,116.0,0.224,medium
127,Rourkela-Zone1,17,2.9,37.9,125.0,0.29,medium
127,Rourkela-Zone1,18,19.5,39.1,114.0,0.459,medium
127,Rourkela-Zone1,19,16.4,41.1,111.6,0.43,medium
127,Rourkela-Zone1,20,59.8,40.2,117.1,0.259,high
127,Rourkela-Zone1,21,36.3,41.2,110.7,0.294,medium
127,Rourkela-Zone1,22,21.3,42.3,109.7,0.425,medium
127,Rourkela-Zone1,23,88.1,42.9,109.4,0.449,high
127,Rourkela-Zone1,24,118.1,43.9,107.7,0.381,high
127,Rourkela-Zone1,25,149.8,44.2,108.3,0.313,high
127,Rourkela-Zone1,26,149.3,42.9,99.3,0.509,medium
127,Rourkela-Zone1,27,175.4,44.7,100.0,0.332,high
127,Rourkela-Zone1,28,191.7,40.9,96.9,0.344,high
127,Rourkela-Zone1,29,211.7,41.6,103.4,0.329,high
127,Rourkela-Zone1,30,223.5,41.2,94.6,0.443,high
127,Rourkela-Zone1,31,270.0,41.9,88.4,0.252,high
127,Rourkela-Zone1,32,262.3,41.3,93.0,0.532,high
127,Rourkela-Zone1,33,289.2,40.8,84.9,0.244,high
127,Rourkela-Zone1,34,271.3,38.8,90.9,0.38,high
127,Rourkela-Zone1,35,261.5,36.1,95.7,0.383,high
127,Rourkela-Zone1,36,265.7,34.2,99.6,0.312,high
127,Rourkela-Zone1,37,245.6,34.5,96.6,0.331,high
127,Rourkela-Zone1,38,252.5,34.9,100.7,0.563,high
127,Rourkela-Zone1,39,202.9,31.1,174.0,0.3,high
127,Rourkela-Zone1,40,262.6,29.5,162.4,0.244,high
127,Rourkela-Zone1,41,179.5,28.6,172.4,0.443,high
127,Rourkela-Zone1,42,143.8,27.3,183.1,0.269,high
127,Rourkela-Zone1,43,129.1,29.7,188.0,0.505,high
127,Rourkela-Zone1,44,104.7,25.8,177.6,0.446,high
127,Rourkela-Zone1,45,34.6,25.1,195.7,0.183,medium
127,Rourkela-Zone1,46,27.1,26.8,203.0,0.477,medium
127,Rourkela-Zone1,47,19.4,24.2,203.7,0.578,medium
127,Rourkela-Zone1,48,4.4,22.9,196.4,0.343,medium
127,Rourkela-Zone1,49,16.7,23.5,195.4,0.176,medium
127,Rourkela-Zone1,50,18.1,22.1,190.4,0.127,medium
127,Rourkela-Zone1,51,19.9,26.5,201.4,0.4,medium
127,Rourkela-Zone1,52,0.0,16.7,201.0,0.467,medium
128,Puri-Zone1,0,125.9,22.3,186.0,0.45,high
128,Puri-Zone1,1,116.2,22.7,185.0,0.446,high
128,Puri-Zone1,2,77.3,23.1,189.1,0.382,high
128,Puri-Zone1,3,144.2,24.7,182.0,0.385,high
128,Puri-Zone1,4,104.0,23.6,137.7,0.49,high
128,Puri-Zone1,5,75.6,24.8,105.9,0.551,high
128,Puri-Zone1,6,77.2,25.1,109.7,0.421,high
128,Puri-Zone1,7,81.9,25.9,100.3,0.381,high
128,Puri-Zone1,8,105.0,27.3,110.9,0.46,high
128,Puri-Zone1,9,117.3,26.6,105.0,0.388,high
128,Puri-Zone1,10,105.1,29.5,106.1,0.512,high
128,Puri-Zone1,11,92.2,31.1,109.7,0.386,high
128,Puri-Zone1,12,104.3,33.4,109.0,0.536,high
128,Puri-Zone1,13,69.9,32.5,108.0,0.269,high
128,Puri-Zone1,14,132.9,34.1,110.4,0.443,high
128,Puri-Zone1,15,100.4,36.5,110.0,0.463,high
128,Puri-Zone1,16,72.5,36.9,111.0,0.523,high
128,Puri-Zone1,17,94.5,37.0,95.1,0.519,high
128,Puri-Zone1,18,118.3,37.5,115.7,0.347,high
128,Puri-Zone1,19,114.9,40.1,103.0,0.444,high
128,Puri-Zone1,20,113.4,42.0,109.1,0.347,high
128,Puri-Zone1,21,66.8,41.2,111.9,0.402,medium
128,Puri-Zone1,22,168.6,42.4,94.4,0.347,high
128,Puri-Zone1,23,169.2,41.7,96.7,0.234,high
128,Puri-Zone1,24,223.9,41.5,88.4,0.355,high
128,Puri-Zone1,25,238.0,42.9,88.3,0.484,high
128,Puri-Zone1,26,282.3,43.3,92.1,0.452,high
128,Puri-Zone1,27,270.7,41.6,90.7,0.246,high
128,Puri-Zone1,28,286.8,41.9,83.1,0.273,high
128,Puri-Zone1,29,340.7,40.4,88.9,0.484,high
128,Puri-Zone1,30,335.2,42.2,81.0,0.524,high
128,Puri-Zone1,31,385.5,40.3,84.7,0.386,high
128,Puri-Zone1,32,385.3,40.4,81.3,0.445,high
128,Puri-Zone1,33,344.1,40.2,81.4,0.507,high
128,Puri-Zone1,34,373.5,39.4,77.7,0.218,high
128,Puri-Zone1,35,389.2,37.7,64.0,0.195,high
128,Puri-Zone1,36,358.5,35.0,76.6,0.398,high
128,Puri-Zone1,37,354.0,35.9,92.4,0.636,high
128,Puri-Zone1,38,315.8,36.3,103.7,0.461,high
128,Puri-Zone1,39,351.5,35.2,150.6,0.326,high
128,Puri-Zone1,40,291.4,33.1,171.6,0.514,high
128,Puri-Zone1,41,285.5,31.7,169.0,0.451,medium
128,Puri-Zone1,42,247.4,27.8,169.7,0.45,high
128,Puri-Zone1,43,246.9,27.8,159.6,0.671,high
128,Puri-Zone1,44,197.4,26.4,181.7,0.488,high
128,Puri-Zone1,45,159.8,23.8,182.3,0.376,high
128,Puri-Zone1,46,101.3,24.8,181.4,0.43,high
128,Puri-Zone1,47,113.6,24.7,191.0,0.435,high
128,Puri-Zone1,48,105.8,24.6,174.6,0.335,high
128,Puri-Zone1,49,69.5,24.6,191.0,0.454,high
128,Puri-Zone1,50,75.1,24.2,196.6,0.274,high
128,Puri-Zone1,51,109.4,21.1,192.7,0.54,high
128,Puri-Zone1,52,13.9,21.5,190.0,0.447,medium
129,Puri-Zone1,0,125.9,22.3,186.0,0.809,high
129,Puri-Zone1,1,116.2,22.7,185.0,0.607,high
129,Puri-Zone1,2,77.3,23.1,189.1,0.511,high
129,Puri-Zone1,3,144.2,24.7,182.0,0.626,high
129,Puri-Zone1,4,104.0,23.6,137.7,0.681,high
129,Puri-Zone1,5,75.6,24.8,105.9,0.821,high
129,Puri-Zone1,6,77.2,25.1,109.7,0.655,high
129,Puri-Zone1,7,81.9,25.9,100.3,0.835,high
129,Puri-Zone1,8,105.0,27.3,110.9,0.71,high
129,Puri-Zone1,9,117.3,26.6,105.0,0.653,high
129,Puri-Zone1,10,105.1,29.5,106.1,0.749,high
129,Puri-Zone1,11,92.2,31.1,109.7,0.516,high
129,Puri-Zone1,12,104.3,33.4,109.0,0.972,high
129,Puri-Zone1,13,69.9,32.5,108.0,0.727,high
129,Puri-Zone1,14,132.9,34.1,110.4,0.78,high
129,Puri-Zone1,15,100.4,36.5,110.0,0.558,high
129,Puri-Zone1,16,72.5,36.9,111.0,0.872,low
129,Puri-Zone1,17,94.5,37.0,95.1,0.971,high
129,Puri-Zone1,18,118.3,37.5,115.7,0.607,high
129,Puri-Zone1,19,114.9,40.1,103.0,0.663,high
129,Puri-Zone1,20,113.4,42.0,109.1,0.743,high
129,Puri-Zone1,21,66.8,41.2,111.9,0.925,high
129,Puri-Zone1,22,168.6,42.4,94.4,0.715,high
129,Puri-Zone1,23,169.2,41.7,96.7,0.732,high
129,Puri-Zone1,24,223.9,41.5,88.4,0.478,high
129,Puri-Zone1,25,238.0,42.9,88.3,0.7,high
129,Puri-Zone1,26,282.3,43.3,92.1,0.721,high
129,Puri-Zone1,27,270.7,41.6,90.7,0.818,high
129,Puri-Zone1,28,286.8,41.9,83.1,0.7,high
129,Puri-Zone1,29,340.7,40.4,88.9,0.678,high
129,Puri-Zone1,30,335.2,42.2,81.0,0.614,high
129,Puri-Zone1,31,385.5,40.3,84.7,0.627,high
129,Puri-Zone1,32,385.3,40.4,81.3,0.573,high
129,Puri-Zone1,33,344.1,40.2,81.4,0.713,high
129,Puri-Zone1,34,373.5,39.4,77.7,0.739,high
129,Puri-Zone1,35,389.2,37.7,64.0,0.725,high
129,Puri-Zone1,36,358.5,35.0,76.6,0.659,high
129,Puri-Zone1,37,354.0,35.9,92.4,0.718,high
129,Puri-Zone1,38,315.8,36.3,103.7,0.725,high
129,Puri-Zone1,39,351.5,35.2,150.6,0.704,high
129,Puri-Zone1,40,291.4,33.1,171.6,0.718,high
129,Puri-Zone1,41,285.5,31.7,169.0,0.703,high
129,Puri-Zone1,42,247.4,27.8,169.7,0.877,high
129,Puri-Zone1,43,246.9,27.8,159.6,0.612,high
129,Puri-Zone1,44,197.4,26.4,181.7,0.817,high
129,Puri-Zone1,45,159.8,23.8,182.3,0.5,high
129,Puri-Zone1,46,101.3,24.8,181.4,0.788,high
129,Puri-Zone1,47,113.6,24.7,191.0,0.638,high
129,Puri-Zone1,48,105.8,24.6,174.6,0.771,high
129,Puri-Zone1,49,69.5,24.6,191.0,0.614,high
129,Puri-Zone1,50,75.1,24.2,196.6,0.759,high
129,Puri-Zone1,51,109.4,21.1,192.7,0.632,high
129,Puri-Zone1,52,13.9,21.5,190.0,0.813,medium
130,Cuttack-Zone1,0,20.0,23.7,196.3,0.404,medium
130,Cuttack-Zone1,1,53.9,23.0,203.3,0.443,high
130,Cuttack-Zone1,2,39.0,22.9,200.9,0.447,medium
130,Cuttack-Zone1,3,52.1,24.6,189.0,0.467,high
130,Cuttack-Zone1,4,42.3,25.4,151.7,0.439,high
130,Cuttack-Zone1,5,29.4,25.2,116.0,0.617,medium
130,Cuttack-Zone1,6,33.7,25.9,117.0,0.605,medium
130,Cuttack-Zone1,7,32.3,27.7,117.3,0.248,medium
130,Cuttack-Zone1,8,26.4,27.3,120.7,0.452,medium
130,Cuttack-Zone1,9,18.2,26.7,110.9,0.403,low
130,Cuttack-Zone1,10,12.5,29.6,110.7,0.152,medium
130,Cuttack-Zone1,11,14.1,32.2,118.6,0.298,medium
130,Cuttack-Zone1,12,53.2,30.8,110.4,0.533,high
130,Cuttack-Zone1,13,45.8,31.3,105.1,0.475,medium
130,Cuttack-Zone1,14,12.8,35.2,118.6,0.658,low
130,Cuttack-Zone1,15,68.1,36.8,115.9,0.384,high
130,Cuttack-Zone1,16,12.1,37.5,111.4,0.575,low
130,Cuttack-Zone1,17,63.9,38.5,104.0,0.438,high
130,Cuttack-Zone1,18,62.2,40.9,113.7,0.367,high
130,Cuttack-Zone1,19,33.3,38.5,111.6,0.413,medium
130,Cuttack-Zone1,20,26.4,39.6,116.0,0.464,medium
130,Cuttack-Zone1,21,31.7,41.9,114.3,0.403,medium
130,Cuttack-Zone1,22,62.7,39.8,117.4,0.339,high
130,Cuttack-Zone1,23,79.2,41.7,106.4,0.364,high
130,Cuttack-Zone1,24,159.5,42.0,102.3,0.504,medium
130,Cuttack-Zone1,25,246.6,43.2,96.1,0.353,high
130,Cuttack-Zone1,26,198.7,41.4,97.4,0.416,high
130,Cuttack-Zone1,27,282.6,43.4,82.7,0.472,high
130,Cuttack-Zone1,28,235.4,40.8,94.9,0.519,high
130,Cuttack-Zone1,29,238.0,42.0,95.3,0.553,high
130,Cuttack-Zone1,30,288.1,42.8,83.0,0.528,high
130,Cuttack-Zone1,31,263.5,38.7,89.7,0.476,high
130,Cuttack-Zone1,32,334.1,40.7,72.4,0.411,high
130,Cuttack-Zone1,33,337.1,38.6,73.7,0.484,high
130,Cuttack-Zone1,34,302.3,38.0,94.7,0.277,high
130,Cuttack-Zone1,35,285.6,36.6,81.6,0.425,high
130,Cuttack-Zone1,36,313.4,35.3,77.0,0.452,high
130,Cuttack-Zone1,37,325.5,35.0,78.6,0.634,high
130,Cuttack-Zone1,38,264.2,34.8,115.7,0.462,high
130,Cuttack-Zone1,39,271.7,31.9,178.6,0.467,high
130,Cuttack-Zone1,40,247.0,29.6,171.7,0.456,high
130,Cuttack-Zone1,41,190.4,30.8,175.7,0.482,high
130,Cuttack-Zone1,42,184.7,28.1,171.0,0.32,high
130,Cuttack-Zone1,43,185.3,26.9,174.4,0.448,high
130,Cuttack-Zone1,44,119.5,26.5,181.4,0.348,high
130,Cuttack-Zone1,45,144.4,25.5,180.1,0.4,high
130,Cuttack-Zone1,46,76.7,24.8,191.4,0.389,high
130,Cuttack-Zone1,47,22.2,23.5,199.6,0.388,medium
130,Cuttack-Zone1,48,49.5,23.0,193.1,0.432,medium
130,Cuttack-Zone1,49,56.2,22.8,188.0,0.567,high
130,Cuttack-Zone1,50,55.0,22.8,190.0,0.484,high
130,Cuttack-Zone1,51,44.3,24.1,197.1,0.472,medium
130,Cuttack-Zone1,52,0.9,17.3,221.0,0.476,medium
131,Puri-Zone1,0,125.9,22.3,186.0,0.864,high
131,Puri-Zone1,1,116.2,22.7,185.0,0.924,high
131,Puri-Zone1,2,77.3,23.1,189.1,0.693,high
131,Puri-Zone1,3,144.2,24.7,182.0,0.869,high
131,Puri-Zone1,4,104.0,23.6,137.7,0.871,medium
131,Puri-Zone1,5,75.6,24.8,105.9,1.0,high
131,Puri-Zone1,6,77.2,25.1,109.7,0.878,high
131,Puri-Zone1,7,81.9,25.9,100.3,0.708,high
131,Puri-Zone1,8,105.0,27.3,110.9,0.847,high
131,Puri-Zone1,9,117.3,26.6,105.0,0.863,high
131,Puri-Zone1,10,105.1,29.5,106.1,1.0,high
131,Puri-Zone1,11,92.2,31.1,109.7,0.81,high
131,Puri-Zone1,12,104.3,33.4,109.0,0.998,high
131,Puri-Zone1,13,69.9,32.5,108.0,0.861,high
131,Puri-Zone1,14,132.9,34.1,110.4,0.985,high
131,Puri-Zone1,15,100.4,36.5,110.0,0.734,high
131,Puri-Zone1,16,72.5,36.9,111.0,0.778,medium
131,Puri-Zone1,17,94.5,37.0,95.1,0.978,high
131,Puri-Zone1,18,118.3,37.5,115.7,0.958,high
131,Puri-Zone1,19,114.9,40.1,103.0,0.901,high
131,Puri-Zone1,20,113.4,42.0,109.1,1.0,high
131,Puri-Zone1,21,66.8,41.2,111.9,0.885,high
131,Puri-Zone1,22,168.6,42.4,94.4,0.94,high
131,Puri-Zone1,23,169.2,41.7,96.7,0.771,high
131,Puri-Zone1,24,223.9,41.5,88.4,0.963,high
131,Puri-Zone1,25,238.0,42.9,88.3,0.957,high
131,Puri-Zone1,26,282.3,43.3,92.1,0.75,high
131,Puri-Zone1,27,270.7,41.6,90.7,0.786,high
131,Puri-Zone1,28,286.8,41.9,83.1,1.0,high
131,Puri-Zone1,29,340.7,40.4,88.9,0.961,high
131,Puri-Zone1,30,335.2,42.2,81.0,0.985,high
131,Puri-Zone1,31,385.5,40.3,84.7,0.898,high
131,Puri-Zone1,32,385.3,40.4,81.3,0.752,high
131,Puri-Zone1,33,344.1,40.2,81.4,0.867,high
131,Puri-Zone1,34,373.5,39.4,77.7,0.868,high
131,Puri-Zone1,35,389.2,37.7,64.0,0.94,high
131,Puri-Zone1,36,358.5,35.0,76.6,0.743,high
131,Puri-Zone1,37,354.0,35.9,92.4,0.903,high
131,Puri-Zone1,38,315.8,36.3,103.7,0.799,high
131,Puri-Zone1,39,351.5,35.2,150.6,0.89,high
131,Puri-Zone1,40,291.4,33.1,171.6,0.89,high
131,Puri-Zone1,41,285.5,31.7,169.0,0.898,high
131,Puri-Zone1,42,247.4,27.8,169.7,0.942,low
131,Puri-Zone1,43,246.9,27.8,159.6,1.0,high
131,Puri-Zone1,44,197.4,26.4,181.7,0.943,high
131,Puri-Zone1,45,159.8,23.8,182.3,0.98,high
131,Puri-Zone1,46,101.3,24.8,181.4,0.794,high
131,Puri-Zone1,47,113.6,24.7,191.0,0.812,high
131,Puri-Zone1,48,105.8,24.6,174.6,0.976,high
131,Puri-Zone1,49,69.5,24.6,191.0,0.784,high
131,Puri-Zone1,50,75.1,24.2,196.6,0.975,medium
131,Puri-Zone1,51,109.4,21.1,192.7,0.892,high
131,Puri-Zone1,52,13.9,21.5,190.0,0.984,medium
132,Rourkela-Zone1,0,12.7,20.9,190.6,0.701,medium
132,Rourkela-Zone1,1,24.9,24.0,193.9,0.704,medium
132,Rourkela-Zone1,2,6.9,24.0,196.0,0.78,medium
132,Rourkela-Zone1,3,44.1,25.1,186.7,0.712,medium
132,Rourkela-Zone1,4,25.7,23.1,141.1,0.638,medium
132,Rourkela-Zone1,5,45.3,27.0,116.6,0.827,medium
132,Rourkela-Zone1,6,0.0,24.7,122.1,0.76,low
132,Rourkela-Zone1,7,13.6,28.2,101.6,0.777,low
132,Rourkela-Zone1,8,7.1,26.4,113.0,0.677,low
132,Rourkela-Zone1,9,42.5,29.2,118.1,0.766,medium
132,Rourkela-Zone1,10,4.4,32.2,114.0,0.823,low
132,Rourkela-Zone1,11,21.1,29.6,108.3,0.674,medium
132,Rourkela-Zone1,12,12.7,32.3,114.6,0.651,low
132,Rourkela-Zone1,13,30.3,35.3,104.7,0.941,medium
132,Rourkela-Zone1,14,11.6,36.0,119.1,0.671,high
132,Rourkela-Zone1,15,0.0,34.6,119.1,0.761,low
132,Rourkela-Zone1,16,8.5,36.6,116.0,0.688,low
132,Rourkela-Zone1,17,2.9,37.9,125.0,0.679,low
132,Rourkela-Zone1,18,19.5,39.1,114.0,0.857,medium
132,Rourkela-Zone1,19,16.4,41.1,111.6,0.705,medium
132,Rourkela-Zone1,20,59.8,40.2,117.1,0.781,high
132,Rourkela-Zone1,21,36.3,41.2,110.7,0.63,medium
132,Rourkela-Zone1,22,21.3,42.3,109.7,0.836,medium
132,Rourkela-Zone1,23,88.1,42.9,109.4,0.839,high
132,Rourkela-Zone1,24,118.1,43.9,107.7,0.782,high
132,Rourkela-Zone1,25,149.8,44.2,108.3,0.823,high
132,Rourkela-Zone1,26,149.3,42.9,99.3,0.527,low
132,Rourkela-Zone1,27,175.4,44.7,100.0,0.801,high
132,Rourkela-Zone1,28,191.7,40.9,96.9,0.764,high
132,Rourkela-Zone1,29,211.7,41.6,103.4,0.726,high
132,Rourkela-Zone1,30,223.5,41.2,94.6,0.95,high
132,Rourkela-Zone1,31,270.0,41.9,88.4,0.599,high
132,Rourkela-Zone1,32,262.3,41.3,93.0,0.771,high
132,Rourkela-Zone1,33,289.2,40.8,84.9,0.745,high
132,Rourkela-Zone1,34,271.3,38.8,90.9,0.711,high
132,Rourkela-Zone1,35,261.5,36.1,95.7,0.643,high
132,Rourkela-Zone1,36,265.7,34.2,99.6,0.776,high
132,Rourkela-Zone1,37,245.6,34.5,96.6,0.834,high
132,Rourkela-Zone1,38,252.5,34.9,100.7,0.71,high
132,Rourkela-Zone1,39,202.9,31.1,174.0,0.814,high
132,Rourkela-Zone1,40,262.6,29.5,162.4,0.788,high
132,Rourkela-Zone1,41,179.5,28.6,172.4,0.741,high
132,Rourkela-Zone1,42,143.8,27.3,183.1,0.878,high
132,Rourkela-Zone1,43,129.1,29.7,188.0,0.84,high
132,Rourkela-Zone1,44,104.7,25.8,177.6,0.798,high
132,Rourkela-Zone1,45,34.6,25.1,195.7,0.702,medium
132,Rourkela-Zone1,46,27.1,26.8,203.0,0.81,medium
132,Rourkela-Zone1,47,19.4,24.2,203.7,0.795,medium
132,Rourkela-Zone1,48,4.4,22.9,196.4,0.776,medium
132,Rourkela-Zone1,49,16.7,23.5,195.4,0.81,medium
132,Rourkela-Zone1,50,18.1,22.1,190.4,0.94,medium
132,Rourkela-Zone1,51,19.9,26.5,201.4,0.826,medium
132,Rourkela-Zone1,52,0.0,16.7,201.0,0.732,high
133,Puri-Zone1,0,125.9,22.3,186.0,0.643,low
133,Puri-Zone1,1,116.2,22.7,185.0,0.775,high
133,Puri-Zone1,2,77.3,23.1,189.1,0.502,high
133,Puri-Zone1,3,144.2,24.7,182.0,0.578,high
133,Puri-Zone1,4,104.0,23.6,137.7,0.521,high
133,Puri-Zone1,5,75.6,24.8,105.9,0.761,high
133,Puri-Zone1,6,77.2,25.1,109.7,0.635,high
133,Puri-Zone1,7,81.9,25.9,100.3,0.763,high
133,Puri-Zone1,8,105.0,27.3,110.9,0.627,high
133,Puri-Zone1,9,117.3,26.6,105.0,0.627,high
133,Puri-Zone1,10,105.1,29.5,106.1,0.754,high
133,Puri-Zone1,11,92.2,31.1,109.7,0.655,high
133,Puri-Zone1,12,104.3,33.4,109.0,0.689,high
133,Puri-Zone1,13,69.9,32.5,108.0,0.858,high
133,Puri-Zone1,14,132.9,34.1,110.4,0.624,high
133,Puri-Zone1,15,100.4,36.5,110.0,0.759,high
133,Puri-Zone1,16,72.5,36.9,111.0,0.594,high
133,Puri-Zone1,17,94.5,37.0,95.1,0.717,high
133,Puri-Zone1,18,118.3,37.5,115.7,0.705,high
133,Puri-Zone1,19,114.9,40.1,103.0,0.707,high
133,Puri-Zone1,20,113.4,42.0,109.1,0.744,high
133,Puri-Zone1,21,66.8,41.2,111.9,0.948,high
133,Puri-Zone1,22,168.6,42.4,94.4,0.706,high
133,Puri-Zone1,23,169.2,41.7,96.7,0.776,high
133,Puri-Zone1,24,223.9,41.5,88.4,0.685,high
133,Puri-Zone1,25,238.0,42.9,88.3,0.632,high
133,Puri-Zone1,26,282.3,43.3,92.1,0.623,high
133,Puri-Zone1,27,270.7,41.6,90.7,0.894,high
133,Puri-Zone1,28,286.8,41.9,83.1,0.796,high
133,Puri-Zone1,29,340.7,40.4,88.9,0.655,high
133,Puri-Zone1,30,335.2,42.2,81.0,0.562,medium
133,Puri-Zone1,31,385.5,40.3,84.7,0.713,high
133,Puri-Zone1,32,385.3,40.4,81.3,0.83,high
133,Puri-Zone1,33,344.1,40.2,81.4,0.659,high
133,Puri-Zone1,34,373.5,39.4,77.7,0.833,high
133,Puri-Zone1,35,389.2,37.7,64.0,0.758,high
133,Puri-Zone1,36,358.5,35.0,76.6,0.7,high
133,Puri-Zone1,37,354.0,35.9,92.4,0.644,high
133,Puri-Zone1,38,315.8,36.3,103.7,0.981,high
133,Puri-Zone1,39,351.5,35.2,150.6,0.744,high
133,Puri-Zone1,40,291.4,33.1,171.6,0.574,high
133,Puri-Zone1,41,285.5,31.7,169.0,0.643,high
133,Puri-Zone1,42,247.4,27.8,169.7,0.655,high
133,Puri-Zone1,43,246.9,27.8,159.6,0.814,high
133,Puri-Zone1,44,197.4,26.4,181.7,0.805,high
133,Puri-Zone1,45,159.8,23.8,182.3,0.644,high
133,Puri-Zone1,46,101.3,24.8,181.4,0.885,high
133,Puri-Zone1,47,113.6,24.7,191.0,0.677,high
133,Puri-Zone1,48,105.8,24.6,174.6,0.655,high
133,Puri-Zone1,49,69.5,24.6,191.0,0.483,high
133,Puri-Zone1,50,75.1,24.2,196.6,0.686,high
133,Puri-Zone1,51,109.4,21.1,192.7,0.798,high
133,Puri-Zone1,52,13.9,21.5,190.0,0.7,medium
134,Cuttack-Zone1,0,20.0,23.7,196.3,0.83,medium
134,Cuttack-Zone1,1,53.9,23.0,203.3,0.661,high
134,Cuttack-Zone1,2,39.0,22.9,200.9,0.702,medium
134,Cuttack-Zone1,3,52.1,24.6,189.0,0.737,high
134,Cuttack-Zone1,4,42.3,25.4,151.7,0.698,medium
134,Cuttack-Zone1,5,29.4,25.2,116.0,0.507,medium
134,Cuttack-Zone1,6,33.7,25.9,117.0,0.8,medium
134,Cuttack-Zone1,7,32.3,27.7,117.3,0.715,medium
134,Cuttack-Zone1,8,26.4,27.3,120.7,0.872,medium
134,Cuttack-Zone1,9,18.2,26.7,110.9,0.71,high
134,Cuttack-Zone1,10,12.5,29.6,110.7,0.542,low
134,Cuttack-Zone1,11,14.1,32.2,118.6,0.719,low
134,Cuttack-Zone1,12,53.2,30.8,110.4,0.729,high
134,Cuttack-Zone1,13,45.8,31.3,105.1,0.749,medium
134,Cuttack-Zone1,14,12.8,35.2,118.6,0.546,low
134,Cuttack-Zone1,15,68.1,36.8,115.9,0.835,high
134,Cuttack-Zone1,16,12.1,37.5,111.4,0.705,low
134,Cuttack-Zone1,17,63.9,38.5,104.0,0.724,high
134,Cuttack-Zone1,18,62.2,40.9,113.7,0.512,high
134,Cuttack-Zone1,19,33.3,38.5,111.6,0.559,medium
134,Cuttack-Zone1,20,26.4,39.6,116.0,0.761,medium
134,Cuttack-Zone1,21,31.7,41.9,114.3,0.742,medium
134,Cuttack-Zone1,22,62.7,39.8,117.4,0.676,high
134,Cuttack-Zone1,23,79.2,41.7,106.4,0.78,high
134,Cuttack-Zone1,24,159.5,42.0,102.3,0.677,high
134,Cuttack-Zone1,25,246.6,43.2,96.1,0.694,high
134,Cuttack-Zone1,26,198.7,41.4,97.4,0.816,high
134,Cuttack-Zone1,27,282.6,43.4,82.7,0.56,high
134,Cuttack-Zone1,28,235.4,40.8,94.9,0.691,high
134,Cuttack-Zone1,29,238.0,42.0,95.3,0.798,high
134,Cuttack-Zone1,30,288.1,42.8,83.0,0.877,medium
134,Cuttack-Zone1,31,263.5,38.7,89.7,0.652,high
134,Cuttack-Zone1,32,334.1,40.7,72.4,0.859,high
134,Cuttack-Zone1,33,337.1,38.6,73.7,0.659,medium
134,Cuttack-Zone1,34,302.3,38.0,94.7,0.645,high
134,Cuttack-Zone1,35,285.6,36.6,81.6,0.892,high
134,Cuttack-Zone1,36,313.4,35.3,77.0,0.641,high
134,Cuttack-Zone1,37,325.5,35.0,78.6,0.613,high
134,Cuttack-Zone1,38,264.2,34.8,115.7,0.627,high
134,Cuttack-Zone1,39,271.7,31.9,178.6,0.562,high
134,Cuttack-Zone1,40,247.0,29.6,171.7,0.645,high
134,Cuttack-Zone1,41,190.4,30.8,175.7,0.672,high
134,Cuttack-Zone1,42,184.7,28.1,171.0,0.602,high
134,Cuttack-Zone1,43,185.3,26.9,174.4,0.689,high
134,Cuttack-Zone1,44,119.5,26.5,181.4,0.929,high
134,Cuttack-Zone1,45,144.4,25.5,180.1,0.655,high
134,Cuttack-Zone1,46,76.7,24.8,191.4,0.696,high
134,Cuttack-Zone1,47,22.2,23.5,199.6,0.607,medium
134,Cuttack-Zone1,48,49.5,23.0,193.1,0.756,medium
134,Cuttack-Zone1,49,56.2,22.8,188.0,0.658,high
134,Cuttack-Zone1,50,55.0,22.8,190.0,0.584,high
134,Cuttack-Zone1,51,44.3,24.1,197.1,0.648,medium
134,Cuttack-Zone1,52,0.9,17.3,221.0,0.644,medium
135,Cuttack-Zone1,0,20.0,23.7,196.3,0.773,medium
135,Cuttack-Zone1,1,53.9,23.0,203.3,0.612,high
135,Cuttack-Zone1,2,39.0,22.9,200.9,0.848,medium
135,Cuttack-Zone1,3,52.1,24.6,189.0,0.679,high
135,Cuttack-Zone1,4,42.3,25.4,151.7,0.733,medium
135,Cuttack-Zone1,5,29.4,25.2,116.0,0.775,medium
135,Cuttack-Zone1,6,33.7,25.9,117.0,0.772,medium
135,Cuttack-Zone1,7,32.3,27.7,117.3,0.858,medium
135,Cuttack-Zone1,8,26.4,27.3,120.7,0.762,medium
135,Cuttack-Zone1,9,18.2,26.7,110.9,0.606,low
135,Cuttack-Zone1,10,12.5,29.6,110.7,0.812,low
135,Cuttack-Zone1,11,14.1,32.2,118.6,0.789,low
135,Cuttack-Zone1,12,53.2,30.8,110.4,0.537,medium
135,Cuttack-Zone1,13,45.8,31.3,105.1,0.624,high
135,Cuttack-Zone1,14,12.8,35.2,118.6,0.825,low
135,Cuttack-Zone1,15,68.1,36.8,115.9,0.662,high
135,Cuttack-Zone1,16,12.1,37.5,111.4,0.905,low
135,Cuttack-Zone1,17,63.9,38.5,104.0,0.661,high
135,Cuttack-Zone1,18,62.2,40.9,113.7,0.624,high
135,Cuttack-Zone1,19,33.3,38.5,111.6,0.54,medium
135,Cuttack-Zone1,20,26.4,39.6,116.0,0.629,medium
135,Cuttack-Zone1,21,31.7,41.9,114.3,0.85,medium
135,Cuttack-Zone1,22,62.7,39.8,117.4,0.729,high
135,Cuttack-Zone1,23,79.2,41.7,106.4,0.73,high
135,Cuttack-Zone1,24,159.5,42.0,102.3,0.634,high
135,Cuttack-Zone1,25,246.6,43.2,96.1,0.831,high
135,Cuttack-Zone1,26,198.7,41.4,97.4,0.762,high
135,Cuttack-Zone1,27,282.6,43.4,82.7,0.664,high
135,Cuttack-Zone1,28,235.4,40.8,94.9,0.611,high
135,Cuttack-Zone1,29,238.0,42.0,95.3,0.708,medium
135,Cuttack-Zone1,30,288.1,42.8,83.0,0.592,high
135,Cuttack-Zone1,31,263.5,38.7,89.7,0.645,high
135,Cuttack-Zone1,32,334.1,40.7,72.4,0.712,high
135,Cuttack-Zone1,33,337.1,38.6,73.7,0.493,high
135,Cuttack-Zone1,34,302.3,38.0,94.7,0.623,high
135,Cuttack-Zone1,35,285.6,36.6,81.6,0.657,high
135,Cuttack-Zone1,36,313.4,35.3,77.0,0.722,high
135,Cuttack-Zone1,37,325.5,35.0,78.6,0.779,high
135,Cuttack-Zone1,38,264.2,34.8,115.7,0.838,high
135,Cuttack-Zone1,39,271.7,31.9,178.6,0.683,high
135,Cuttack-Zone1,40,247.0,29.6,171.7,0.808,high
135,Cuttack-Zone1,41,190.4,30.8,175.7,0.689,high
135,Cuttack-Zone1,42,184.7,28.1,171.0,0.881,high
135,Cuttack-Zone1,43,185.3,26.9,174.4,0.695,high
135,Cuttack-Zone1,44,119.5,26.5,181.4,0.819,high
135,Cuttack-Zone1,45,144.4,25.5,180.1,0.657,high
135,Cuttack-Zone1,46,76.7,24.8,191.4,0.643,high
135,Cuttack-Zone1,47,22.2,23.5,199.6,0.626,medium
135,Cuttack-Zone1,48,49.5,23.0,193.1,0.62,medium
135,Cuttack-Zone1,49,56.2,22.8,188.0,0.813,high
135,Cuttack-Zone1,50,55.0,22.8,190.0,0.774,high
135,Cuttack-Zone1,51,44.3,24.1,197.1,0.507,medium
135,Cuttack-Zone1,52,0.9,17.3,221.0,0.585,medium
136,Rourkela-Zone1,0,12.7,20.9,190.6,0.706,medium
136,Rourkela-Zone1,1,24.9,24.0,193.9,0.63,medium
136,Rourkela-Zone1,2,6.9,24.0,196.0,0.893,medium
136,Rourkela-Zone1,3,44.1,25.1,186.7,0.742,medium
136,Rourkela-Zone1,4,25.7,23.1,141.1,0.8,medium
136,Rourkela-Zone1,5,45.3,27.0,116.6,0.818,medium
136,Rourkela-Zone1,6,0.0,24.7,122.1,0.665,low
136,Rourkela-Zone1,7,13.6,28.2,101.6,0.665,low
136,Rourkela-Zone1,8,7.1,26.4,113.0,0.657,low
136,Rourkela-Zone1,9,42.5,29.2,118.1,0.792,medium
136,Rourkela-Zone1,10,4.4,32.2,114.0,0.613,low
136,Rourkela-Zone1,11,21.1,29.6,108.3,0.889,medium
136,Rourkela-Zone1,12,12.7,32.3,114.6,0.642,low
136,Rourkela-Zone1,13,30.3,35.3,104.7,0.632,medium
136,Rourkela-Zone1,14,11.6,36.0,119.1,0.847,low
136,Rourkela-Zone1,15,0.0,34.6,119.1,0.896,low
136,Rourkela-Zone1,16,8.5,36.6,116.0,0.931,low
136,Rourkela-Zone1,17,2.9,37.9,125.0,0.852,low
136,Rourkela-Zone1,18,19.5,39.1,114.0,0.785,medium
136,Rourkela-Zone1,19,16.4,41.1,111.6,0.685,medium
136,Rourkela-Zone1,20,59.8,40.2,117.1,0.724,high
136,Rourkela-Zone1,21,36.3,41.2,110.7,0.758,medium
136,Rourkela-Zone1,22,21.3,42.3,109.7,0.733,medium
136,Rourkela-Zone1,23,88.1,42.9,109.4,0.605,high
136,Rourkela-Zone1,24,118.1,43.9,107.7,0.607,high
136,Rourkela-Zone1,25,149.8,44.2,108.3,0.63,medium
136,Rourkela-Zone1,26,149.3,42.9,99.3,0.657,high
136,Rourkela-Zone1,27,175.4,44.7,100.0,0.802,high
136,Rourkela-Zone1,28,191.7,40.9,96.9,0.659,high
136,Rourkela-Zone1,29,211.7,41.6,103.4,0.61,high
136,Rourkela-Zone1,30,223.5,41.2,94.6,0.678,high
136,Rourkela-Zone1,31,270.0,41.9,88.4,0.774,high
136,Rourkela-Zone1,32,262.3,41.3,93.0,0.823,high
136,Rourkela-Zone1,33,289.2,40.8,84.9,0.683,high
136,Rourkela-Zone1,34,271.3,38.8,90.9,0.725,high
136,Rourkela-Zone1,35,261.5,36.1,95.7,0.804,high
136,Rourkela-Zone1,36,265.7,34.2,99.6,0.669,high
136,Rourkela-Zone1,37,245.6,34.5,96.6,0.742,high
136,Rourkela-Zone1,38,252.5,34.9,100.7,0.706,high
136,Rourkela-Zone1,39,202.9,31.1,174.0,0.8,high
136,Rourkela-Zone1,40,262.6,29.5,162.4,0.73,high
136,Rourkela-Zone1,41,179.5,28.6,172.4,0.679,high
136,Rourkela-Zone1,42,143.8,27.3,183.1,0.708,high
136,Rourkela-Zone1,43,129.1,29.7,188.0,0.829,high
136,Rourkela-Zone1,44,104.7,25.8,177.6,0.816,high
136,Rourkela-Zone1,45,34.6,25.1,195.7,0.781,medium
136,Rourkela-Zone1,46,27.1,26.8,203.0,0.556,medium
136,Rourkela-Zone1,47,19.4,24.2,203.7,0.762,medium
136,Rourkela-Zone1,48,4.4,22.9,196.4,0.95,medium
136,Rourkela-Zone1,49,16.7,23.5,195.4,0.826,high
136,Rourkela-Zone1,50,18.1,22.1,190.4,0.824,medium
136,Rourkela-Zone1,51,19.9,26.5,201.4,0.64,medium
136,Rourkela-Zone1,52,0.0,16.7,201.0,0.781,medium
137,Bhubaneswar-Zone2,0,108.4,21.1,189.9,0.523,high
137,Bhubaneswar-Zone2,1,66.7,23.3,193.3,0.67,high
137,Bhubaneswar-Zone2,2,91.1,21.0,196.0,0.505,high
137,Bhubaneswar-Zone2,3,88.0,23.2,190.6,0.419,high
137,Bhubaneswar-Zone2,4,72.7,23.2,136.9,0.487,high
137,Bhubaneswar-Zone2,5,70.9,23.7,114.6,0.365,high
137,Bhubaneswar-Zone2,6,57.1,25.3,117.9,0.373,high
137,Bhubaneswar-Zone2,7,97.0,27.2,108.0,0.391,high
137,Bhubaneswar-Zone2,8,46.4,29.7,118.6,0.598,medium
137,Bhubaneswar-Zone2,9,41.6,29.3,109.4,0.586,medium
137,Bhubaneswar-Zone2,10,89.7,31.0,125.9,0.603,high
137,Bhubaneswar-Zone2,11,48.2,31.0,113.4,0.495,medium
137,Bhubaneswar-Zone2,12,51.8,32.7,113.7,0.459,high
137,Bhubaneswar-Zone2,13,128.9,34.8,95.1,0.773,high
137,Bhubaneswar-Zone2,14,48.1,34.4,114.6,0.565,medium
137,Bhubaneswar-Zone2,15,83.4,36.8,106.0,0.449,high
137,Bhubaneswar-Zone2,16,85.1,37.7,110.0,0.7,high
137,Bhubaneswar-Zone2,17,79.0,37.4,102.9,0.682,high
137,Bhubaneswar-Zone2,18,104.4,39.9,105.0,0.614,high
137,Bhubaneswar-Zone2,19,111.3,41.9,103.0,0.535,high
137,Bhubaneswar-Zone2,20,72.2,41.6,115.3,0.472,high
137,Bhubaneswar-Zone2,21,49.8,41.0,114.1,0.509,medium
137,Bhubaneswar-Zone2,22,74.5,40.8,103.9,0.666,high
137,Bhubaneswar-Zone2,23,135.2,42.9,108.3,0.483,high
137,Bhubaneswar-Zone2,24,142.8,45.0,110.1,0.433,high
137,Bhubaneswar-Zone2,25,213.2,44.1,96.4,0.664,high
137,Bhubaneswar-Zone2,26,244.8,41.9,89.4,0.583,high
137,Bhubaneswar-Zone2,27,229.8,42.9,94.4,0.583,high
137,Bhubaneswar-Zone2,28,257.8,43.2,89.7,0.681,medium
137,Bhubaneswar-Zone2,29,279.6,42.9,86.7,0.524,high
137,Bhubaneswar-Zone2,30,323.3,39.3,86.4,0.446,high
137,Bhubaneswar-Zone2,31,349.4,41.3,75.7,0.587,high
137,Bhubaneswar-Zone2,32,343.1,39.3,87.0,0.59,high
137,Bhubaneswar-Zone2,33,339.2,37.7,72.0,0.616,high
137,Bhubaneswar-Zone2,34,333.2,38.6,85.4,0.524,high
137,Bhubaneswar-Zone2,35,359.8,35.4,79.1,0.45,high
137,Bhubaneswar-Zone2,36,362.9,35.0,81.6,0.646,high
137,Bhubaneswar-Zone2,37,299.2,34.3,85.6,0.493,high
137,Bhubaneswar-Zone2,38,297.3,31.5,112.0,0.48,high
137,Bhubaneswar-Zone2,39,298.5,33.3,172.7,0.621,high
137,Bhubaneswar-Zone2,40,306.6,31.3,161.4,0.528,high
137,Bhubaneswar-Zone2,41,250.9,30.8,175.1,0.579,high
137,Bhubaneswar-Zone2,42,222.5,32.6,174.1,0.601,high
137,Bhubaneswar-Zone2,43,240.7,28.6,180.7,0.689,high
137,Bhubaneswar-Zone2,44,170.7,25.8,181.1,0.555,high
137,Bhubaneswar-Zone2,45,115.2,27.1,179.3,0.643,high
137,Bhubaneswar-Zone2,46,103.4,24.2,181.1,0.529,high
137,Bhubaneswar-Zone2,47,123.4,26.9,181.4,0.68,low
137,Bhubaneswar-Zone2,48,92.9,23.7,190.6,0.726,high
137,Bhubaneswar-Zone2,49,71.1,23.2,195.3,0.732,high
137,Bhubaneswar-Zone2,50,89.6,23.4,189.3,0.672,high
137,Bhubaneswar-Zone2,51,31.0,23.1,195.4,0.506,medium
137,Bhubaneswar-Zone2,52,3.2,17.6,200.0,0.632,high
138,Bhubaneswar-Zone2,0,108.4,21.1,189.9,0.874,high
138,Bhubaneswar-Zone2,1,66.7,23.3,193.3,0.73,high
138,Bhubaneswar-Zone2,2,91.1,21.0,196.0,0.774,high
138,Bhubaneswar-Zone2,3,88.0,23.2,190.6,0.777,high
138,Bhubaneswar-Zone2,4,72.7,23.2,136.9,0.881,high
138,Bhubaneswar-Zone2,5,70.9,23.7,114.6,0.897,medium
138,Bhubaneswar-Zone2,6,57.1,25.3,117.9,0.708,high
138,Bhubaneswar-Zone2,7,97.0,27.2,108.0,0.911,high
138,Bhubaneswar-Zone2,8,46.4,29.7,118.6,0.843,medium
138,Bhubaneswar-Zone2,9,41.6,29.3,109.4,0.738,medium
138,Bhubaneswar-Zone2,10,89.7,31.0,125.9,0.779,high
138,Bhubaneswar-Zone2,11,48.2,31.0,113.4,0.851,medium
138,Bhubaneswar-Zone2,12,51.8,32.7,113.7,0.663,high
138,Bhubaneswar-Zone2,13,128.9,34.8,95.1,0.98,high
138,Bhubaneswar-Zone2,14,48.1,34.4,114.6,0.902,medium
138,Bhubaneswar-Zone2,15,83.4,36.8,106.0,0.814,high
138,Bhubaneswar-Zone2,16,85.1,37.7,110.0,0.974,high
138,Bhubaneswar-Zone2,17,79.0,37.4,102.9,0.953,high
138,Bhubaneswar-Zone2,18,104.4,39.9,105.0,0.794,high
138,Bhubaneswar-Zone2,19,111.3,41.9,103.0,0.786,high
138,Bhubaneswar-Zone2,20,72.2,41.6,115.3,0.79,high
138,Bhubaneswar-Zone2,21,49.8,41.0,114.1,0.868,medium
138,Bhubaneswar-Zone2,22,74.5,40.8,103.9,0.859,high
138,Bhubaneswar-Zone2,23,135.2,42.9,108.3,0.635,high
138,Bhubaneswar-Zone2,24,142.8,45.0,110.1,0.852,high
138,Bhubaneswar-Zone2,25,213.2,44.1,96.4,0.852,high
138,Bhubaneswar-Zone2,26,244.8,41.9,89.4,0.577,high
138,Bhubaneswar-Zone2,27,229.8,42.9,94.4,0.791,high
138,Bhubaneswar-Zone2,28,257.8,43.2,89.7,0.82,high
138,Bhubaneswar-Zone2,29,279.6,42.9,86.7,0.65,high
138,Bhubaneswar-Zone2,30,323.3,39.3,86.4,0.693,high
138,Bhubaneswar-Zone2,31,349.4,41.3,75.7,0.731,high
138,Bhubaneswar-Zone2,32,343.1,39.3,87.0,0.869,high
138,Bhubaneswar-Zone2,33,339.2,37.7,72.0,0.941,high
138,Bhubaneswar-Zone2,34,333.2,38.6,85.4,0.862,high
138,Bhubaneswar-Zone2,35,359.8,35.4,79.1,0.825,high
138,Bhubaneswar-Zone2,36,362.9,35.0,81.6,0.885,high
138,Bhubaneswar-Zone2,37,299.2,34.3,85.6,0.573,high
138,Bhubaneswar-Zone2,38,297.3,31.5,112.0,0.931,high
138,Bhubaneswar-Zone2,39,298.5,33.3,172.7,0.8,high
138,Bhubaneswar-Zone2,40,306.6,31.3,161.4,0.917,high
138,Bhubaneswar-Zone2,41,250.9,30.8,175.1,0.878,high
138,Bhubaneswar-Zone2,42,222.5,32.6,174.1,0.737,high
138,Bhubaneswar-Zone2,43,240.7,28.6,180.7,0.837,high
138,Bhubaneswar-Zone2,44,170.7,25.8,181.1,0.745,high
138,Bhubaneswar-Zone2,45,115.2,27.1,179.3,0.858,high
138,Bhubaneswar-Zone2,46,103.4,24.2,181.1,0.995,high
138,Bhubaneswar-Zone2,47,123.4,26.9,181.4,0.859,high
138,Bhubaneswar-Zone2,48,92.9,23.7,190.6,0.581,high
138,Bhubaneswar-Zone2,49,71.1,23.2,195.3,0.733,high
138,Bhubaneswar-Zone2,50,89.6,23.4,189.3,0.902,high
138,Bhubaneswar-Zone2,51,31.0,23.1,195.4,0.728,medium
138,Bhubaneswar-Zone2,52,3.2,17.6,200.0,0.936,high
139,Puri-Zone1,0,125.9,22.3,186.0,0.73,high
139,Puri-Zone1,1,116.2,22.7,185.0,0.885,high
139,Puri-Zone1,2,77.3,23.1,189.1,0.802,high
139,Puri-Zone1,3,144.2,24.7,182.0,0.863,medium
139,Puri-Zone1,4,104.0,23.6,137.7,1.0,high
139,Puri-Zone1,5,75.6,24.8,105.9,0.799,high
139,Puri-Zone1,6,77.2,25.1,109.7,0.988,high
139,Puri-Zone1,7,81.9,25.9,100.3,0.953,high
139,Puri-Zone1,8,105.0,27.3,110.9,0.861,high
139,Puri-Zone1,9,117.3,26.6,105.0,0.75,medium
139,Puri-Zone1,10,105.1,29.5,106.1,0.914,high
139,Puri-Zone1,11,92.2,31.1,109.7,0.9,high
139,Puri-Zone1,12,104.3,33.4,109.0,0.851,high
139,Puri-Zone1,13,69.9,32.5,108.0,0.659,high
139,Puri-Zone1,14,132.9,34.1,110.4,0.797,high
139,Puri-Zone1,15,100.4,36.5,110.0,0.626,high
139,Puri-Zone1,16,72.5,36.9,111.0,0.837,high
139,Puri-Zone1,17,94.5,37.0,95.1,0.884,low
139,Puri-Zone1,18,118.3,37.5,115.7,0.767,high
139,Puri-Zone1,19,114.9,40.1,103.0,0.748,high
139,Puri-Zone1,20,113.4,42.0,109.1,0.857,high
139,Puri-Zone1,21,66.8,41.2,111.9,0.787,high
139,Puri-Zone1,22,168.6,42.4,94.4,0.866,high
139,Puri-Zone1,23,169.2,41.7,96.7,0.72,high
139,Puri-Zone1,24,223.9,41.5,88.4,0.743,high
139,Puri-Zone1,25,238.0,42.9,88.3,0.775,high
139,Puri-Zone1,26,282.3,43.3,92.1,0.724,high
139,Puri-Zone1,27,270.7,41.6,90.7,0.942,high
139,Puri-Zone1,28,286.8,41.9,83.1,0.818,high
139,Puri-Zone1,29,340.7,40.4,88.9,0.787,high
139,Puri-Zone1,30,335.2,42.2,81.0,0.738,high
139,Puri-Zone1,31,385.5,40.3,84.7,0.739,high
139,Puri-Zone1,32,385.3,40.4,81.3,0.872,high
139,Puri-Zone1,33,344.1,40.2,81.4,1.0,high
139,Puri-Zone1,34,373.5,39.4,77.7,0.694,high
139,Puri-Zone1,35,389.2,37.7,64.0,1.0,high
139,Puri-Zone1,36,358.5,35.0,76.6,0.905,high
139,Puri-Zone1,37,354.0,35.9,92.4,0.834,high
139,Puri-Zone1,38,315.8,36.3,103.7,0.875,high
139,Puri-Zone1,39,351.5,35.2,150.6,0.678,high
139,Puri-Zone1,40,291.4,33.1,171.6,0.784,high
139,Puri-Zone1,41,285.5,31.7,169.0,0.877,high
139,Puri-Zone1,42,247.4,27.8,169.7,0.95,high
139,Puri-Zone1,43,246.9,27.8,159.6,0.831,high
139,Puri-Zone1,44,197.4,26.4,181.7,0.755,high
139,Puri-Zone1,45,159.8,23.8,182.3,0.801,high
139,Puri-Zone1,46,101.3,24.8,181.4,0.789,high
139,Puri-Zone1,47,113.6,24.7,191.0,0.789,high
139,Puri-Zone1,48,105.8,24.6,174.6,0.661,high
139,Puri-Zone1,49,69.5,24.6,191.0,0.983,high
139,Puri-Zone1,50,75.1,24.2,196.6,0.919,high
139,Puri-Zone1,51,109.4,21.1,192.7,0.914,high
139,Puri-Zone1,52,13.9,21.5,190.0,0.862,medium
140,Bhubaneswar-Zone1,0,49.0,21.8,193.4,0.486,medium
140,Bhubaneswar-Zone1,1,77.8,23.1,182.0,0.577,medium
140,Bhubaneswar-Zone1,2,27.0,23.8,197.1,0.553,high
140,Bhubaneswar-Zone1,3,32.5,23.1,193.3,0.401,medium
140,Bhubaneswar-Zone1,4,67.9,25.4,131.0,0.563,high
140,Bhubaneswar-Zone1,5,37.2,24.4,116.6,0.51,medium
140,Bhubaneswar-Zone1,6,45.8,26.3,107.7,0.459,medium
140,Bhubaneswar-Zone1,7,109.5,27.1,101.0,0.363,high
140,Bhubaneswar-Zone1,8,26.4,27.9,123.0,0.405,medium
140,Bhubaneswar-Zone1,9,61.9,27.4,112.9,0.295,high
140,Bhubaneswar-Zone1,10,59.1,31.8,121.6,0.399,high
140,Bhubaneswar-Zone1,11,32.6,31.7,106.6,0.533,medium
140,Bhubaneswar-Zone1,12,48.3,31.4,115.1,0.461,medium
140,Bhubaneswar-Zone1,13,55.6,33.5,107.3,0.387,high
140,Bhubaneswar-Zone1,14,37.3,32.8,121.4,0.468,medium
140,Bhubaneswar-Zone1,15,24.6,36.4,111.0,0.63,medium
140,Bhubaneswar-Zone1,16,91.3,37.6,114.3,0.634,high
140,Bhubaneswar-Zone1,17,48.1,39.2,118.1,0.581,medium
140,Bhubaneswar-Zone1,18,42.5,39.3,118.9,0.558,medium
140,Bhubaneswar-Zone1,19,77.0,39.9,110.1,0.494,high
140,Bhubaneswar-Zone1,20,47.5,40.4,112.1,0.412,medium
140,Bhubaneswar-Zone1,21,40.6,40.8,113.6,0.527,medium
140,Bhubaneswar-Zone1,22,106.5,43.3,98.6,0.414,medium
140,Bhubaneswar-Zone1,23,108.8,39.8,95.1,0.319,high
140,Bhubaneswar-Zone1,24,131.7,42.3,109.6,0.289,high
140,Bhubaneswar-Zone1,25,172.0,44.7,95.6,0.514,high
140,Bhubaneswar-Zone1,26,233.2,43.0,91.6,0.379,high
140,Bhubaneswar-Zone1,27,239.5,39.7,100.0,0.494,high
140,Bhubaneswar-Zone1,28,277.5,41.6,82.4,0.557,high
140,Bhubaneswar-Zone1,29,266.7,44.0,80.0,0.473,high
140,Bhubaneswar-Zone1,30,288.9,41.6,86.7,0.417,high
140,Bhubaneswar-Zone1,31,315.4,37.7,94.3,0.546,high
140,Bhubaneswar-Zone1,32,347.5,38.7,80.1,0.524,high
140,Bhubaneswar-Zone1,33,310.4,40.2,84.4,0.404,high
140,Bhubaneswar-Zone1,34,360.4,35.9,81.1,0.381,high
140,Bhubaneswar-Zone1,35,379.1,39.7,78.3,0.49,high
140,Bhubaneswar-Zone1,36,336.6,37.5,77.7,0.537,high
140,Bhubaneswar-Zone1,37,342.3,34.8,76.1,0.445,high
140,Bhubaneswar-Zone1,38,316.9,32.3,111.4,0.342,high
140,Bhubaneswar-Zone1,39,305.7,31.8,166.1,0.506,high
140,Bhubaneswar-Zone1,40,248.4,30.8,169.3,0.5,high
140,Bhubaneswar-Zone1,41,221.0,28.0,179.9,0.445,low
140,Bhubaneswar-Zone1,42,190.3,28.7,179.9,0.661,high
140,Bhubaneswar-Zone1,43,201.3,28.2,167.6,0.474,high
140,Bhubaneswar-Zone1,44,162.7,26.5,180.9,0.525,medium
140,Bhubaneswar-Zone1,45,104.4,24.5,193.9,0.502,high
140,Bhubaneswar-Zone1,46,101.0,27.6,195.9,0.463,medium
140,Bhubaneswar-Zone1,47,24.5,25.1,193.1,0.374,medium
140,Bhubaneswar-Zone1,48,43.1,26.0,193.1,0.535,medium
140,Bhubaneswar-Zone1,49,36.6,22.9,204.1,0.638,medium
140,Bhubaneswar-Zone1,50,40.1,21.7,205.1,0.365,medium
140,Bhubaneswar-Zone1,51,59.8,22.2,197.9,0.561,high
140,Bhubaneswar-Zone1,52,22.7,20.0,193.0,0.432,medium
141,Puri-Zone1,0,125.9,22.3,186.0,0.732,high
141,Puri-Zone1,1,116.2,22.7,185.0,0.651,high
141,Puri-Zone1,2,77.3,23.1,189.1,0.52,high
141,Puri-Zone1,3,144.2,24.7,182.0,0.631,high
141,Puri-Zone1,4,104.0,23.6,137.7,0.466,high
141,Puri-Zone1,5,75.6,24.8,105.9,0.693,high
141,Puri-Zone1,6,77.2,25.1,109.7,0.502,high
141,Puri-Zone1,7,81.9,25.9,100.3,0.644,high
141,Puri-Zone1,8,105.0,27.3,110.9,0.697,high
141,Puri-Zone1,9,117.3,26.6,105.0,0.598,high
141,Puri-Zone1,10,105.1,29.5,106.1,0.624,high
141,Puri-Zone1,11,92.2,31.1,109.7,0.703,high
141,Puri-Zone1,12,104.3,33.4,109.0,0.651,high
141,Puri-Zone1,13,69.9,32.5,108.0,0.59,high
141,Puri-Zone1,14,132.9,34.1,110.4,0.53,high
141,Puri-Zone1,15,100.4,36.5,110.0,0.671,high
141,Puri-Zone1,16,72.5,36.9,111.0,0.707,high
141,Puri-Zone1,17,94.5,37.0,95.1,0.71,high
141,Puri-Zone1,18,118.3,37.5,115.7,0.654,high
141,Puri-Zone1,19,114.9,40.1,103.0,0.604,high
141,Puri-Zone1,20,113.4,42.0,109.1,0.618,high
141,Puri-Zone1,21,66.8,41.2,111.9,0.571,high
141,Puri-Zone1,22,168.6,42.4,94.4,0.691,high
141,Puri-Zone1,23,169.2,41.7,96.7,0.694,high
141,Puri-Zone1,24,223.9,41.5,88.4,0.707,low
141,Puri-Zone1,25,238.0,42.9,88.3,0.566,high
141,Puri-Zone1,26,282.3,43.3,92.1,0.854,high
141,Puri-Zone1,27,270.7,41.6,90.7,0.648,high
141,Puri-Zone1,28,286.8,41.9,83.1,0.633,high
141,Puri-Zone1,29,340.7,40.4,88.9,0.936,high
141,Puri-Zone1,30,335.2,42.2,81.0,0.778,high
141,Puri-Zone1,31,385.5,40.3,84.7,0.605,high
141,Puri-Zone1,32,385.3,40.4,81.3,0.678,high
141,Puri-Zone1,33,344.1,40.2,81.4,0.548,high
141,Puri-Zone1,34,373.5,39.4,77.7,0.608,high
141,Puri-Zone1,35,389.2,37.7,64.0,0.682,high
141,Puri-Zone1,36,358.5,35.0,76.6,0.561,high
141,Puri-Zone1,37,354.0,35.9,92.4,0.524,high
141,Puri-Zone1,38,315.8,36.3,103.7,0.705,high
141,Puri-Zone1,39,351.5,35.2,150.6,0.62,high
141,Puri-Zone1,40,291.4,33.1,171.6,0.559,high
141,Puri-Zone1,41,285.5,31.7,169.0,0.639,high
141,Puri-Zone1,42,247.4,27.8,169.7,0.543,medium
141,Puri-Zone1,43,246.9,27.8,159.6,0.516,high
141,Puri-Zone1,44,197.4,26.4,181.7,0.59,high
141,Puri-Zone1,45,159.8,23.8,182.3,0.57,high
141,Puri-Zone1,46,101.3,24.8,181.4,0.405,high
141,Puri-Zone1,47,113.6,24.7,191.0,0.771,high
141,Puri-Zone1,48,105.8,24.6,174.6,0.616,high
141,Puri-Zone1,49,69.5,24.6,191.0,0.633,high
141,Puri-Zone1,50,75.1,24.2,196.6,0.677,high
141,Puri-Zone1,51,109.4,21.1,192.7,0.679,high
141,Puri-Zone1,52,13.9,21.5,190.0,0.69,medium
142,Rourkela-Zone1,0,12.7,20.9,190.6,0.771,medium
142,Rourkela-Zone1,1,24.9,24.0,193.9,0.736,medium
142,Rourkela-Zone1,2,6.9,24.0,196.0,0.868,medium
142,Rourkela-Zone1,3,44.1,25.1,186.7,0.847,medium
142,Rourkela-Zone1,4,25.7,23.1,141.1,0.797,medium
142,Rourkela-Zone1,5,45.3,27.0,116.6,0.982,medium
142,Rourkela-Zone1,6,0.0,24.7,122.1,0.852,low
142,Rourkela-Zone1,7,13.6,28.2,101.6,0.829,low
142,Rourkela-Zone1,8,7.1,26.4,113.0,0.781,low
142,Rourkela-Zone1,9,42.5,29.2,118.1,0.982,medium
142,Rourkela-Zone1,10,4.4,32.2,114.0,0.947,low
142,Rourkela-Zone1,11,21.1,29.6,108.3,0.75,medium
142,Rourkela-Zone1,12,12.7,32.3,114.6,0.891,low
142,Rourkela-Zone1,13,30.3,35.3,104.7,0.885,medium
142,Rourkela-Zone1,14,11.6,36.0,119.1,0.889,low
142,Rourkela-Zone1,15,0.0,34.6,119.1,0.865,low
142,Rourkela-Zone1,16,8.5,36.6,116.0,0.649,low
142,Rourkela-Zone1,17,2.9,37.9,125.0,0.801,low
142,Rourkela-Zone1,18,19.5,39.1,114.0,0.898,medium
142,Rourkela-Zone1,19,16.4,41.1,111.6,0.822,medium
142,Rourkela-Zone1,20,59.8,40.2,117.1,0.683,high
142,Rourkela-Zone1,21,36.3,41.2,110.7,0.9,medium
142,Rourkela-Zone1,22,21.3,42.3,109.7,0.851,medium
142,Rourkela-Zone1,23,88.1,42.9,109.4,0.886,high
142,Rourkela-Zone1,24,118.1,43.9,107.7,0.774,high
142,Rourkela-Zone1,25,149.8,44.2,108.3,0.746,high
142,Rourkela-Zone1,26,149.3,42.9,99.3,0.839,high
142,Rourkela-Zone1,27,175.4,44.7,100.0,0.916,high
142,Rourkela-Zone1,28,191.7,40.9,96.9,0.744,high
142,Rourkela-Zone1,29,211.7,41.6,103.4,0.73,high
142,Rourkela-Zone1,30,223.5,41.2,94.6,0.901,high
142,Rourkela-Zone1,31,270.0,41.9,88.4,0.709,high
142,Rourkela-Zone1,32,262.3,41.3,93.0,0.857,high
142,Rourkela-Zone1,33,289.2,40.8,84.9,0.806,high
142,Rourkela-Zone1,34,271.3,38.8,90.9,0.881,medium
142,Rourkela-Zone1,35,261.5,36.1,95.7,0.849,high
142,Rourkela-Zone1,36,265.7,34.2,99.6,0.923,high
142,Rourkela-Zone1,37,245.6,34.5,96.6,0.742,high
142,Rourkela-Zone1,38,252.5,34.9,100.7,0.78,high
142,Rourkela-Zone1,39,202.9,31.1,174.0,1.0,high
142,Rourkela-Zone1,40,262.6,29.5,162.4,0.81,high
142,Rourkela-Zone1,41,179.5,28.6,172.4,0.919,high
142,Rourkela-Zone1,42,143.8,27.3,183.1,0.917,low
142,Rourkela-Zone1,43,129.1,29.7,188.0,0.924,high
142,Rourkela-Zone1,44,104.7,25.8,177.6,0.953,high
142,Rourkela-Zone1,45,34.6,25.1,195.7,0.933,medium
142,Rourkela-Zone1,46,27.1,26.8,203.0,0.926,medium
142,Rourkela-Zone1,47,19.4,24.2,203.7,0.72,medium
142,Rourkela-Zone1,48,4.4,22.9,196.4,0.882,medium
142,Rourkela-Zone1,49,16.7,23.5,195.4,0.637,high
142,Rourkela-Zone1,50,18.1,22.1,190.4,0.897,high
142,Rourkela-Zone1,51,19.9,26.5,201.4,0.902,high
142,Rourkela-Zone1,52,0.0,16.7,201.0,0.771,medium
143,Rourkela-Zone1,0,12.7,20.9,190.6,0.496,medium
143,Rourkela-Zone1,1,24.9,24.0,193.9,0.474,medium
143,Rourkela-Zone1,2,6.9,24.0,196.0,0.596,medium
143,Rourkela-Zone1,3,44.1,25.1,186.7,0.449,medium
143,Rourkela-Zone1,4,25.7,23.1,141.1,0.553,low
143,Rourkela-Zone1,5,45.3,27.0,116.6,0.376,medium
143,Rourkela-Zone1,6,0.0,24.7,122.1,0.409,low
143,Rourkela-Zone1,7,13.6,28.2,101.6,0.515,low
143,Rourkela-Zone1,8,7.1,26.4,113.0,0.383,medium
143,Rourkela-Zone1,9,42.5,29.2,118.1,0.531,medium
143,Rourkela-Zone1,10,4.4,32.2,114.0,0.27,medium
143,Rourkela-Zone1,11,21.1,29.6,108.3,0.346,medium
143,Rourkela-Zone1,12,12.7,32.3,114.6,0.468,low
143,Rourkela-Zone1,13,30.3,35.3,104.7,0.68,medium
143,Rourkela-Zone1,14,11.6,36.0,119.1,0.523,low
143,Rourkela-Zone1,15,0.0,34.6,119.1,0.472,low
143,Rourkela-Zone1,16,8.5,36.6,116.0,0.51,low
143,Rourkela-Zone1,17,2.9,37.9,125.0,0.42,low
143,Rourkela-Zone1,18,19.5,39.1,114.0,0.264,medium
143,Rourkela-Zone1,19,16.4,41.1,111.6,0.432,medium
143,Rourkela-Zone1,20,59.8,40.2,117.1,0.434,high
143,Rourkela-Zone1,21,36.3,41.2,110.7,0.579,medium
143,Rourkela-Zone1,22,21.3,42.3,109.7,0.529,medium
143,Rourkela-Zone1,23,88.1,42.9,109.4,0.354,high
143,Rourkela-Zone1,24,118.1,43.9,107.7,0.242,high
143,Rourkela-Zone1,25,149.8,44.2,108.3,0.449,high
143,Rourkela-Zone1,26,149.3,42.9,99.3,0.406,high
143,Rourkela-Zone1,27,175.4,44.7,100.0,0.628,high
143,Rourkela-Zone1,28,191.7,40.9,96.9,0.583,high
143,Rourkela-Zone1,29,211.7,41.6,103.4,0.331,high
143,Rourkela-Zone1,30,223.5,41.2,94.6,0.526,high
143,Rourkela-Zone1,31,270.0,41.9,88.4,0.509,high
143,Rourkela-Zone1,32,262.3,41.3,93.0,0.505,high
143,Rourkela-Zone1,33,289.2,40.8,84.9,0.73,high
143,Rourkela-Zone1,34,271.3,38.8,90.9,0.452,high
143,Rourkela-Zone1,35,261.5,36.1,95.7,0.539,high
143,Rourkela-Zone1,36,265.7,34.2,99.6,0.554,high
143,Rourkela-Zone1,37,245.6,34.5,96.6,0.496,high
143,Rourkela-Zone1,38,252.5,34.9,100.7,0.627,high
143,Rourkela-Zone1,39,202.9,31.1,174.0,0.481,high
143,Rourkela-Zone1,40,262.6,29.5,162.4,0.548,high
143,Rourkela-Zone1,41,179.5,28.6,172.4,0.393,high
143,Rourkela-Zone1,42,143.8,27.3,183.1,0.346,high
143,Rourkela-Zone1,43,129.1,29.7,188.0,0.514,high
143,Rourkela-Zone1,44,104.7,25.8,177.6,0.457,medium
143,Rourkela-Zone1,45,34.6,25.1,195.7,0.322,medium
143,Rourkela-Zone1,46,27.1,26.8,203.0,0.547,medium
143,Rourkela-Zone1,47,19.4,24.2,203.7,0.386,medium
143,Rourkela-Zone1,48,4.4,22.9,196.4,0.459,medium
143,Rourkela-Zone1,49,16.7,23.5,195.4,0.371,medium
143,Rourkela-Zone1,50,18.1,22.1,190.4,0.541,medium
143,Rourkela-Zone1,51,19.9,26.5,201.4,0.363,medium
143,Rourkela-Zone1,52,0.0,16.7,201.0,0.428,medium
144,Rourkela-Zone1,0,12.7,20.9,190.6,0.836,medium
144,Rourkela-Zone1,1,24.9,24.0,193.9,0.796,medium
144,Rourkela-Zone1,2,6.9,24.0,196.0,0.603,medium
144,Rourkela-Zone1,3,44.1,25.1,186.7,0.812,medium
144,Rourkela-Zone1,4,25.7,23.1,141.1,0.839,medium
144,Rourkela-Zone1,5,45.3,27.0,116.6,0.717,medium
144,Rourkela-Zone1,6,0.0,24.7,122.1,0.85,low
144,Rourkela-Zone1,7,13.6,28.2,101.6,0.616,low
144,Rourkela-Zone1,8,7.1,26.4,113.0,0.624,low
144,Rourkela-Zone1,9,42.5,29.2,118.1,0.724,medium
144,Rourkela-Zone1,10,4.4,32.2,114.0,0.731,low
144,Rourkela-Zone1,11,21.1,29.6,108.3,0.741,medium
144,Rourkela-Zone1,12,12.7,32.3,114.6,0.791,low
144,Rourkela-Zone1,13,30.3,35.3,104.7,0.619,medium
144,Rourkela-Zone1,14,11.6,36.0,119.1,0.721,low
144,Rourkela-Zone1,15,0.0,34.6,119.1,0.829,low
144,Rourkela-Zone1,16,8.5,36.6,116.0,0.793,low
144,Rourkela-Zone1,17,2.9,37.9,125.0,0.804,low
144,Rourkela-Zone1,18,19.5,39.1,114.0,0.79,medium
144,Rourkela-Zone1,19,16.4,41.1,111.6,0.792,medium
144,Rourkela-Zone1,20,59.8,40.2,117.1,0.672,high
144,Rourkela-Zone1,21,36.3,41.2,110.7,0.952,medium
144,Rourkela-Zone1,22,21.3,42.3,109.7,0.659,medium
144,Rourkela-Zone1,23,88.1,42.9,109.4,0.856,high
144,Rourkela-Zone1,24,118.1,43.9,107.7,0.798,high
144,Rourkela-Zone1,25,149.8,44.2,108.3,0.771,high
144,Rourkela-Zone1,26,149.3,42.9,99.3,0.709,medium
144,Rourkela-Zone1,27,175.4,44.7,100.0,0.729,high
144,Rourkela-Zone1,28,191.7,40.9,96.9,0.54,high
144,Rourkela-Zone1,29,211.7,41.6,103.4,0.892,high
144,Rourkela-Zone1,30,223.5,41.2,94.6,0.84,high
144,Rourkela-Zone1,31,270.0,41.9,88.4,0.686,high
144,Rourkela-Zone1,32,262.3,41.3,93.0,0.474,medium
144,Rourkela-Zone1,33,289.2,40.8,84.9,0.739,high
144,Rourkela-Zone1,34,271.3,38.8,90.9,0.553,high
144,Rourkela-Zone1,35,261.5,36.1,95.7,0.592,high
144,Rourkela-Zone1,36,265.7,34.2,99.6,0.68,high
144,Rourkela-Zone1,37,245.6,34.5,96.6,0.812,high
144,Rourkela-Zone1,38,252.5,34.9,100.7,0.775,high
144,Rourkela-Zone1,39,202.9,31.1,174.0,0.793,high
144,Rourkela-Zone1,40,262.6,29.5,162.4,0.784,high
144,Rourkela-Zone1,41,179.5,28.6,172.4,0.863,high
144,Rourkela-Zone1,42,143.8,27.3,183.1,0.727,high
144,Rourkela-Zone1,43,129.1,29.7,188.0,0.72,high
144,Rourkela-Zone1,44,104.7,25.8,177.6,0.56,high
144,Rourkela-Zone1,45,34.6,25.1,195.7,0.773,medium
144,Rourkela-Zone1,46,27.1,26.8,203.0,0.772,medium
144,Rourkela-Zone1,47,19.4,24.2,203.7,0.748,medium
144,Rourkela-Zone1,48,4.4,22.9,196.4,0.793,medium
144,Rourkela-Zone1,49,16.7,23.5,195.4,0.765,medium
144,Rourkela-Zone1,50,18.1,22.1,190.4,0.79,medium
144,Rourkela-Zone1,51,19.9,26.5,201.4,1.0,medium
144,Rourkela-Zone1,52,0.0,16.7,201.0,0.75,medium
145,Rourkela-Zone1,0,12.7,20.9,190.6,1.0,medium
145,Rourkela-Zone1,1,24.9,24.0,193.9,0.945,high
145,Rourkela-Zone1,2,6.9,24.0,196.0,0.989,medium
145,Rourkela-Zone1,3,44.1,25.1,186.7,0.916,medium
145,Rourkela-Zone1,4,25.7,23.1,141.1,1.0,medium
145,Rourkela-Zone1,5,45.3,27.0,116.6,0.959,medium
145,Rourkela-Zone1,6,0.0,24.7,122.1,0.821,low
145,Rourkela-Zone1,7,13.6,28.2,101.6,0.868,low
145,Rourkela-Zone1,8,7.1,26.4,113.0,0.788,low
145,Rourkela-Zone1,9,42.5,29.2,118.1,0.938,medium
145,Rourkela-Zone1,10,4.4,32.2,114.0,1.0,low
145,Rourkela-Zone1,11,21.1,29.6,108.3,1.0,medium
145,Rourkela-Zone1,12,12.7,32.3,114.6,0.856,low
145,Rourkela-Zone1,13,30.3,35.3,104.7,0.993,medium
145,Rourkela-Zone1,14,11.6,36.0,119.1,1.0,low
145,Rourkela-Zone1,15,0.0,34.6,119.1,1.0,low
145,Rourkela-Zone1,16,8.5,36.6,116.0,1.0,low
145,Rourkela-Zone1,17,2.9,37.9,125.0,1.0,low
145,Rourkela-Zone1,18,19.5,39.1,114.0,0.985,medium
145,Rourkela-Zone1,19,16.4,41.1,111.6,1.0,medium
145,Rourkela-Zone1,20,59.8,40.2,117.1,0.877,high
145,Rourkela-Zone1,21,36.3,41.2,110.7,0.996,medium
145,Rourkela-Zone1,22,21.3,42.3,109.7,0.934,medium
145,Rourkela-Zone1,23,88.1,42.9,109.4,0.891,high
145,Rourkela-Zone1,24,118.1,43.9,107.7,0.839,high
145,Rourkela-Zone1,25,149.8,44.2,108.3,0.929,high
145,Rourkela-Zone1,26,149.3,42.9,99.3,0.836,high
145,Rourkela-Zone1,27,175.4,44.7,100.0,0.926,high
145,Rourkela-Zone1,28,191.7,40.9,96.9,0.867,high
145,Rourkela-Zone1,29,211.7,41.6,103.4,0.985,high
145,Rourkela-Zone1,30,223.5,41.2,94.6,1.0,low
145,Rourkela-Zone1,31,270.0,41.9,88.4,0.994,high
145,Rourkela-Zone1,32,262.3,41.3,93.0,1.0,high
145,Rourkela-Zone1,33,289.2,40.8,84.9,1.0,high
145,Rourkela-Zone1,34,271.3,38.8,90.9,0.81,high
145,Rourkela-Zone1,35,261.5,36.1,95.7,0.783,high
145,Rourkela-Zone1,36,265.7,34.2,99.6,0.939,high
145,Rourkela-Zone1,37,245.6,34.5,96.6,0.921,high
145,Rourkela-Zone1,38,252.5,34.9,100.7,0.994,high
145,Rourkela-Zone1,39,202.9,31.1,174.0,1.0,high
145,Rourkela-Zone1,40,262.6,29.5,162.4,1.0,high
145,Rourkela-Zone1,41,179.5,28.6,172.4,0.937,high
145,Rourkela-Zone1,42,143.8,27.3,183.1,0.927,high
145,Rourkela-Zone1,43,129.1,29.7,188.0,1.0,high
145,Rourkela-Zone1,44,104.7,25.8,177.6,0.867,high
145,Rourkela-Zone1,45,34.6,25.1,195.7,0.866,medium
145,Rourkela-Zone1,46,27.1,26.8,203.0,1.0,medium
145,Rourkela-Zone1,47,19.4,24.2,203.7,0.784,medium
145,Rourkela-Zone1,48,4.4,22.9,196.4,0.982,medium
145,Rourkela-Zone1,49,16.7,23.5,195.4,0.913,medium
145,Rourkela-Zone1,50,18.1,22.1,190.4,0.906,medium
145,Rourkela-Zone1,51,19.9,26.5,201.4,0.972,medium
145,Rourkela-Zone1,52,0.0,16.7,201.0,1.0,medium
146,Rourkela-Zone1,0,12.7,20.9,190.6,0.58,medium
146,Rourkela-Zone1,1,24.9,24.0,193.9,0.695,medium
146,Rourkela-Zone1,2,6.9,24.0,196.0,0.767,medium
146,Rourkela-Zone1,3,44.1,25.1,186.7,0.714,medium
146,Rourkela-Zone1,4,25.7,23.1,141.1,0.788,medium
146,Rourkela-Zone1,5,45.3,27.0,116.6,0.7,medium
146,Rourkela-Zone1,6,0.0,24.7,122.1,0.688,low
146,Rourkela-Zone1,7,13.6,28.2,101.6,0.581,low
146,Rourkela-Zone1,8,7.1,26.4,113.0,0.953,low
146,Rourkela-Zone1,9,42.5,29.2,118.1,0.734,medium
146,Rourkela-Zone1,10,4.4,32.2,114.0,0.716,low
146,Rourkela-Zone1,11,21.1,29.6,108.3,0.783,medium
146,Rourkela-Zone1,12,12.7,32.3,114.6,0.704,low
146,Rourkela-Zone1,13,30.3,35.3,104.7,0.706,medium
146,Rourkela-Zone1,14,11.6,36.0,119.1,0.568,low
146,Rourkela-Zone1,15,0.0,34.6,119.1,0.62,low
146,Rourkela-Zone1,16,8.5,36.6,116.0,0.589,low
146,Rourkela-Zone1,17,2.9,37.9,125.0,0.596,low
146,Rourkela-Zone1,18,19.5,39.1,114.0,0.813,medium
146,Rourkela-Zone1,19,16.4,41.1,111.6,0.512,medium
146,Rourkela-Zone1,20,59.8,40.2,117.1,0.674,high
146,Rourkela-Zone1,21,36.3,41.2,110.7,0.837,medium
146,Rourkela-Zone1,22,21.3,42.3,109.7,0.547,medium
146,Rourkela-Zone1,23,88.1,42.9,109.4,0.837,medium
146,Rourkela-Zone1,24,118.1,43.9,107.7,0.695,high
146,Rourkela-Zone1,25,149.8,44.2,108.3,0.813,high
146,Rourkela-Zone1,26,149.3,42.9,99.3,0.698,high
146,Rourkela-Zone1,27,175.4,44.7,100.0,0.857,high
146,Rourkela-Zone1,28,191.7,40.9,96.9,0.744,medium
146,Rourkela-Zone1,29,211.7,41.6,103.4,0.551,high
146,Rourkela-Zone1,30,223.5,41.2,94.6,0.822,high
146,Rourkela-Zone1,31,270.0,41.9,88.4,0.829,high
146,Rourkela-Zone1,32,262.3,41.3,93.0,0.88,high
146,Rourkela-Zone1,33,289.2,40.8,84.9,0.64,low
146,Rourkela-Zone1,34,271.3,38.8,90.9,0.754,high
146,Rourkela-Zone1,35,261.5,36.1,95.7,0.795,high
146,Rourkela-Zone1,36,265.7,34.2,99.6,0.698,high
146,Rourkela-Zone1,37,245.6,34.5,96.6,0.686,high
146,Rourkela-Zone1,38,252.5,34.9,100.7,0.689,high
146,Rourkela-Zone1,39,202.9,31.1,174.0,0.757,high
146,Rourkela-Zone1,40,262.6,29.5,162.4,0.643,high
146,Rourkela-Zone1,41,179.5,28.6,172.4,0.665,high
146,Rourkela-Zone1,42,143.8,27.3,183.1,0.752,high
146,Rourkela-Zone1,43,129.1,29.7,188.0,0.905,high
146,Rourkela-Zone1,44,104.7,25.8,177.6,0.821,high
146,Rourkela-Zone1,45,34.6,25.1,195.7,0.74,medium
146,Rourkela-Zone1,46,27.1,26.8,203.0,0.461,medium
146,Rourkela-Zone1,47,19.4,24.2,203.7,0.73,medium
146,Rourkela-Zone1,48,4.4,22.9,196.4,0.661,medium
146,Rourkela-Zone1,49,16.7,23.5,195.4,0.86,medium
146,Rourkela-Zone1,50,18.1,22.1,190.4,0.66,medium
146,Rourkela-Zone1,51,19.9,26.5,201.4,0.911,medium
146,Rourkela-Zone1,52,0.0,16.7,201.0,0.808,medium
147,Cuttack-Zone1,0,20.0,23.7,196.3,0.746,medium
147,Cuttack-Zone1,1,53.9,23.0,203.3,0.719,high
147,Cuttack-Zone1,2,39.0,22.9,200.9,0.705,medium
147,Cuttack-Zone1,3,52.1,24.6,189.0,0.694,high
147,Cuttack-Zone1,4,42.3,25.4,151.7,0.826,medium
147,Cuttack-Zone1,5,29.4,25.2,116.0,0.707,medium
147,Cuttack-Zone1,6,33.7,25.9,117.0,0.602,medium
147,Cuttack-Zone1,7,32.3,27.7,117.3,0.704,medium
147,Cuttack-Zone1,8,26.4,27.3,120.7,0.721,medium
147,Cuttack-Zone1,9,18.2,26.7,110.9,0.895,low
147,Cuttack-Zone1,10,12.5,29.6,110.7,0.781,low
147,Cuttack-Zone1,11,14.1,32.2,118.6,0.633,low
147,Cuttack-Zone1,12,53.2,30.8,110.4,0.657,high
147,Cuttack-Zone1,13,45.8,31.3,105.1,0.752,medium
147,Cuttack-Zone1,14,12.8,35.2,118.6,1.0,low
147,Cuttack-Zone1,15,68.1,36.8,115.9,0.697,high
147,Cuttack-Zone1,16,12.1,37.5,111.4,0.592,low
147,Cuttack-Zone1,17,63.9,38.5,104.0,0.674,high
147,Cuttack-Zone1,18,62.2,40.9,113.7,0.638,high
147,Cuttack-Zone1,19,33.3,38.5,111.6,0.795,medium
147,Cuttack-Zone1,20,26.4,39.6,116.0,0.736,medium
147,Cuttack-Zone1,21,31.7,41.9,114.3,0.531,medium
147,Cuttack-Zone1,22,62.7,39.8,117.4,0.816,high
147,Cuttack-Zone1,23,79.2,41.7,106.4,0.694,high
147,Cuttack-Zone1,24,159.5,42.0,102.3,0.795,high
147,Cuttack-Zone1,25,246.6,43.2,96.1,0.775,high
147,Cuttack-Zone1,26,198.7,41.4,97.4,0.737,high
147,Cuttack-Zone1,27,282.6,43.4,82.7,0.681,high
147,Cuttack-Zone1,28,235.4,40.8,94.9,0.798,high
147,Cuttack-Zone1,29,238.0,42.0,95.3,0.786,high
147,Cuttack-Zone1,30,288.1,42.8,83.0,0.71,high
147,Cuttack-Zone1,31,263.5,38.7,89.7,0.811,high
147,Cuttack-Zone1,32,334.1,40.7,72.4,0.739,high
147,Cuttack-Zone1,33,337.1,38.6,73.7,0.769,high
147,Cuttack-Zone1,34,302.3,38.0,94.7,0.693,high
147,Cuttack-Zone1,35,285.6,36.6,81.6,0.832,low
147,Cuttack-Zone1,36,313.4,35.3,77.0,0.901,high
147,Cuttack-Zone1,37,325.5,35.0,78.6,0.741,high
147,Cuttack-Zone1,38,264.2,34.8,115.7,0.83,high
147,Cuttack-Zone1,39,271.7,31.9,178.6,0.886,high
147,Cuttack-Zone1,40,247.0,29.6,171.7,0.719,high
147,Cuttack-Zone1,41,190.4,30.8,175.7,0.773,high
147,Cuttack-Zone1,42,184.7,28.1,171.0,0.844,high
147,Cuttack-Zone1,43,185.3,26.9,174.4,0.686,high
147,Cuttack-Zone1,44,119.5,26.5,181.4,0.655,high
147,Cuttack-Zone1,45,144.4,25.5,180.1,0.717,high
147,Cuttack-Zone1,46,76.7,24.8,191.4,0.849,high
147,Cuttack-Zone1,47,22.2,23.5,199.6,0.681,medium
147,Cuttack-Zone1,48,49.5,23.0,193.1,0.723,medium
147,Cuttack-Zone1,49,56.2,22.8,188.0,0.774,high
147,Cuttack-Zone1,50,55.0,22.8,190.0,0.79,high
147,Cuttack-Zone1,51,44.3,24.1,197.1,0.76,medium
147,Cuttack-Zone1,52,0.9,17.3,221.0,0.776,high
148,Bhubaneswar-Zone2,0,108.4,21.1,189.9,1.0,high
148,Bhubaneswar-Zone2,1,66.7,23.3,193.3,0.861,high
148,Bhubaneswar-Zone2,2,91.1,21.0,196.0,0.755,high
148,Bhubaneswar-Zone2,3,88.0,23.2,190.6,0.954,medium
148,Bhubaneswar-Zone2,4,72.7,23.2,136.9,1.0,high
148,Bhubaneswar-Zone2,5,70.9,23.7,114.6,1.0,high
148,Bhubaneswar-Zone2,6,57.1,25.3,117.9,1.0,high
148,Bhubaneswar-Zone2,7,97.0,27.2,108.0,0.912,high
148,Bhubaneswar-Zone2,8,46.4,29.7,118.6,0.865,medium
148,Bhubaneswar-Zone2,9,41.6,29.3,109.4,0.965,medium
148,Bhubaneswar-Zone2,10,89.7,31.0,125.9,0.784,high
148,Bhubaneswar-Zone2,11,48.2,31.0,113.4,0.711,medium
148,Bhubaneswar-Zone2,12,51.8,32.7,113.7,0.879,high
148,Bhubaneswar-Zone2,13,128.9,34.8,95.1,0.874,high
148,Bhubaneswar-Zone2,14,48.1,34.4,114.6,0.936,medium
148,Bhubaneswar-Zone2,15,83.4,36.8,106.0,0.941,high
148,Bhubaneswar-Zone2,16,85.1,37.7,110.0,1.0,high
148,Bhubaneswar-Zone2,17,79.0,37.4,102.9,0.931,high
148,Bhubaneswar-Zone2,18,104.4,39.9,105.0,0.819,high
148,Bhubaneswar-Zone2,19,111.3,41.9,103.0,0.839,high
148,Bhubaneswar-Zone2,20,72.2,41.6,115.3,0.844,high
148,Bhubaneswar-Zone2,21,49.8,41.0,114.1,1.0,medium
148,Bhubaneswar-Zone2,22,74.5,40.8,103.9,0.825,high
148,Bhubaneswar-Zone2,23,135.2,42.9,108.3,0.862,high
148,Bhubaneswar-Zone2,24,142.8,45.0,110.1,0.748,high
148,Bhubaneswar-Zone2,25,213.2,44.1,96.4,0.861,high
148,Bhubaneswar-Zone2,26,244.8,41.9,89.4,0.947,high
148,Bhubaneswar-Zone2,27,229.8,42.9,94.4,1.0,high
148,Bhubaneswar-Zone2,28,257.8,43.2,89.7,0.861,high
148,Bhubaneswar-Zone2,29,279.6,42.9,86.7,0.908,high
148,Bhubaneswar-Zone2,30,323.3,39.3,86.4,0.973,high
148,Bhubaneswar-Zone2,31,349.4,41.3,75.7,0.899,high
148,Bhubaneswar-Zone2,32,343.1,39.3,87.0,1.0,high
148,Bhubaneswar-Zone2,33,339.2,37.7,72.0,0.746,high
148,Bhubaneswar-Zone2,34,333.2,38.6,85.4,1.0,high
148,Bhubaneswar-Zone2,35,359.8,35.4,79.1,0.848,high
148,Bhubaneswar-Zone2,36,362.9,35.0,81.6,0.866,high
148,Bhubaneswar-Zone2,37,299.2,34.3,85.6,1.0,high
148,Bhubaneswar-Zone2,38,297.3,31.5,112.0,0.826,high
148,Bhubaneswar-Zone2,39,298.5,33.3,172.7,0.886,high
148,Bhubaneswar-Zone2,40,306.6,31.3,161.4,1.0,high
148,Bhubaneswar-Zone2,41,250.9,30.8,175.1,0.69,high
148,Bhubaneswar-Zone2,42,222.5,32.6,174.1,0.646,high
148,Bhubaneswar-Zone2,43,240.7,28.6,180.7,0.791,high
148,Bhubaneswar-Zone2,44,170.7,25.8,181.1,1.0,high
148,Bhubaneswar-Zone2,45,115.2,27.1,179.3,1.0,high
148,Bhubaneswar-Zone2,46,103.4,24.2,181.1,0.974,high
148,Bhubaneswar-Zone2,47,123.4,26.9,181.4,0.962,high
148,Bhubaneswar-Zone2,48,92.9,23.7,190.6,0.791,high
148,Bhubaneswar-Zone2,49,71.1,23.2,195.3,0.941,high
148,Bhubaneswar-Zone2,50,89.6,23.4,189.3,0.841,high
148,Bhubaneswar-Zone2,51,31.0,23.1,195.4,1.0,medium
148,Bhubaneswar-Zone2,52,3.2,17.6,200.0,1.0,medium
149,Rourkela-Zone1,0,12.7,20.9,190.6,0.582,medium
149,Rourkela-Zone1,1,24.9,24.0,193.9,0.689,low
149,Rourkela-Zone1,2,6.9,24.0,196.0,0.674,low
149,Rourkela-Zone1,3,44.1,25.1,186.7,0.629,medium
149,Rourkela-Zone1,4,25.7,23.1,141.1,0.736,medium
149,Rourkela-Zone1,5,45.3,27.0,116.6,0.711,medium
149,Rourkela-Zone1,6,0.0,24.7,122.1,0.608,low
149,Rourkela-Zone1,7,13.6,28.2,101.6,0.788,low
149,Rourkela-Zone1,8,7.1,26.4,113.0,0.681,low
149,Rourkela-Zone1,9,42.5,29.2,118.1,0.629,medium
149,Rourkela-Zone1,10,4.4,32.2,114.0,0.617,low
149,Rourkela-Zone1,11,21.1,29.6,108.3,0.557,medium
149,Rourkela-Zone1,12,12.7,32.3,114.6,0.696,low
149,Rourkela-Zone1,13,30.3,35.3,104.7,0.809,medium
149,Rourkela-Zone1,14,11.6,36.0,119.1,0.625,low
149,Rourkela-Zone1,15,0.0,34.6,119.1,0.54,low
149,Rourkela-Zone1,16,8.5,36.6,116.0,0.713,medium
149,Rourkela-Zone1,17,2.9,37.9,125.0,0.656,low
149,Rourkela-Zone1,18,19.5,39.1,114.0,0.652,medium
149,Rourkela-Zone1,19,16.4,41.1,111.6,0.66,medium
149,Rourkela-Zone1,20,59.8,40.2,117.1,0.647,high
149,Rourkela-Zone1,21,36.3,41.2,110.7,0.637,medium
149,Rourkela-Zone1,22,21.3,42.3,109.7,0.536,medium
149,Rourkela-Zone1,23,88.1,42.9,109.4,0.658,high
149,Rourkela-Zone1,24,118.1,43.9,107.7,0.61,high
149,Rourkela-Zone1,25,149.8,44.2,108.3,0.569,high
149,Rourkela-Zone1,26,149.3,42.9,99.3,0.619,high
149,Rourkela-Zone1,27,175.4,44.7,100.0,0.675,low
149,Rourkela-Zone1,28,191.7,40.9,96.9,0.612,high
149,Rourkela-Zone1,29,211.7,41.6,103.4,0.535,medium
149,Rourkela-Zone1,30,223.5,41.2,94.6,0.739,high
149,Rourkela-Zone1,31,270.0,41.9,88.4,0.688,high
149,Rourkela-Zone1,32,262.3,41.3,93.0,0.607,high
149,Rourkela-Zone1,33,289.2,40.8,84.9,0.72,high
149,Rourkela-Zone1,34,271.3,38.8,90.9,0.706,high
149,Rourkela-Zone1,35,261.5,36.1,95.7,0.712,high
149,Rourkela-Zone1,36,265.7,34.2,99.6,0.667,high
149,Rourkela-Zone1,37,245.6,34.5,96.6,0.572,high
149,Rourkela-Zone1,38,252.5,34.9,100.7,0.697,high
149,Rourkela-Zone1,39,202.9,31.1,174.0,0.466,high
149,Rourkela-Zone1,40,262.6,29.5,162.4,0.577,high
149,Rourkela-Zone1,41,179.5,28.6,172.4,0.485,high
149,Rourkela-Zone1,42,143.8,27.3,183.1,0.818,high
149,Rourkela-Zone1,43,129.1,29.7,188.0,0.736,high
149,Rourkela-Zone1,44,104.7,25.8,177.6,0.7,high
149,Rourkela-Zone1,45,34.6,25.1,195.7,0.775,medium
149,Rourkela-Zone1,46,27.1,26.8,203.0,0.597,medium
149,Rourkela-Zone1,47,19.4,24.2,203.7,0.475,medium
149,Rourkela-Zone1,48,4.4,22.9,196.4,0.642,medium
149,Rourkela-Zone1,49,16.7,23.5,195.4,0.491,high
149,Rourkela-Zone1,50,18.1,22.1,190.4,0.65,medium
149,Rourkela-Zone1,51,19.9,26.5,201.4,0.703,medium
149,Rourkela-Zone1,52,0.0,16.7,201.0,0.647,medium
150,Bhubaneswar-Zone1,0,49.0,21.8,193.4,0.939,medium
150,Bhubaneswar-Zone1,1,77.8,23.1,182.0,0.889,high
150,Bhubaneswar-Zone1,2,27.0,23.8,197.1,0.986,medium
150,Bhubaneswar-Zone1,3,32.5,23.1,193.3,1.0,medium
150,Bhubaneswar-Zone1,4,67.9,25.4,131.0,1.0,high
150,Bhubaneswar-Zone1,5,37.2,24.4,116.6,0.961,medium
150,Bhubaneswar-Zone1,6,45.8,26.3,107.7,0.858,medium
150,Bhubaneswar-Zone1,7,109.5,27.1,101.0,0.891,high
150,Bhubaneswar-Zone1,8,26.4,27.9,123.0,0.909,high
150,Bhubaneswar-Zone1,9,61.9,27.4,112.9,0.828,high
150,Bhubaneswar-Zone1,10,59.1,31.8,121.6,0.665,high
150,Bhubaneswar-Zone1,11,32.6,31.7,106.6,0.924,medium
150,Bhubaneswar-Zone1,12,48.3,31.4,115.1,0.902,medium
150,Bhubaneswar-Zone1,13,55.6,33.5,107.3,1.0,high
150,Bhubaneswar-Zone1,14,37.3,32.8,121.4,0.984,medium
150,Bhubaneswar-Zone1,15,24.6,36.4,111.0,0.942,medium
150,Bhubaneswar-Zone1,16,91.3,37.6,114.3,0.87,high
150,Bhubaneswar-Zone1,17,48.1,39.2,118.1,0.822,medium
150,Bhubaneswar-Zone1,18,42.5,39.3,118.9,0.969,medium
150,Bhubaneswar-Zone1,19,77.0,39.9,110.1,0.928,high
150,Bhubaneswar-Zone1,20,47.5,40.4,112.1,0.969,medium
150,Bhubaneswar-Zone1,21,40.6,40.8,113.6,1.0,medium
150,Bhubaneswar-Zone1,22,106.5,43.3,98.6,0.803,high
150,Bhubaneswar-Zone1,23,108.8,39.8,95.1,0.985,high
150,Bhubaneswar-Zone1,24,131.7,42.3,109.6,0.798,high
150,Bhubaneswar-Zone1,25,172.0,44.7,95.6,0.997,high
150,Bhubaneswar-Zone1,26,233.2,43.0,91.6,0.923,high
150,Bhubaneswar-Zone1,27,239.5,39.7,100.0,0.94,high
150,Bhubaneswar-Zone1,28,277.5,41.6,82.4,1.0,high
150,Bhubaneswar-Zone1,29,266.7,44.0,80.0,0.792,high
150,Bhubaneswar-Zone1,30,288.9,41.6,86.7,0.713,high
150,Bhubaneswar-Zone1,31,315.4,37.7,94.3,1.0,high
150,Bhubaneswar-Zone1,32,347.5,38.7,80.1,1.0,high
150,Bhubaneswar-Zone1,33,310.4,40.2,84.4,0.985,high
150,Bhubaneswar-Zone1,34,360.4,35.9,81.1,0.939,high
150,Bhubaneswar-Zone1,35,379.1,39.7,78.3,0.864,high
150,Bhubaneswar-Zone1,36,336.6,37.5,77.7,0.936,high
150,Bhubaneswar-Zone1,37,342.3,34.8,76.1,1.0,high
150,Bhubaneswar-Zone1,38,316.9,32.3,111.4,0.898,high
150,Bhubaneswar-Zone1,39,305.7,31.8,166.1,1.0,high
150,Bhubaneswar-Zone1,40,248.4,30.8,169.3,0.811,high
150,Bhubaneswar-Zone1,41,221.0,28.0,179.9,0.937,high
150,Bhubaneswar-Zone1,42,190.3,28.7,179.9,0.881,high
150,Bhubaneswar-Zone1,43,201.3,28.2,167.6,0.929,high
150,Bhubaneswar-Zone1,44,162.7,26.5,180.9,1.0,high
150,Bhubaneswar-Zone1,45,104.4,24.5,193.9,0.9,high
150,Bhubaneswar-Zone1,46,101.0,27.6,195.9,1.0,high
150,Bhubaneswar-Zone1,47,24.5,25.1,193.1,1.0,medium
150,Bhubaneswar-Zone1,48,43.1,26.0,193.1,1.0,medium
150,Bhubaneswar-Zone1,49,36.6,22.9,204.1,0.951,medium
150,Bhubaneswar-Zone1,50,40.1,21.7,205.1,1.0,medium
150,Bhubaneswar-Zone1,51,59.8,22.2,197.9,0.998,high
150,Bhubaneswar-Zone1,52,22.7,20.0,193.0,0.741,medium
151,Bhubaneswar-Zone1,0,49.0,21.8,193.4,0.604,medium
151,Bhubaneswar-Zone1,1,77.8,23.1,182.0,0.795,high
151,Bhubaneswar-Zone1,2,27.0,23.8,197.1,0.637,medium
151,Bhubaneswar-Zone1,3,32.5,23.1,193.3,0.929,medium
151,Bhubaneswar-Zone1,4,67.9,25.4,131.0,0.652,high
151,Bhubaneswar-Zone1,5,37.2,24.4,116.6,0.72,medium
151,Bhubaneswar-Zone1,6,45.8,26.3,107.7,0.645,medium
151,Bhubaneswar-Zone1,7,109.5,27.1,101.0,0.727,high
151,Bhubaneswar-Zone1,8,26.4,27.9,123.0,0.861,medium
151,Bhubaneswar-Zone1,9,61.9,27.4,112.9,0.792,high
151,Bhubaneswar-Zone1,10,59.1,31.8,121.6,0.853,high
151,Bhubaneswar-Zone1,11,32.6,31.7,106.6,0.73,medium
151,Bhubaneswar-Zone1,12,48.3,31.4,115.1,0.728,medium
151,Bhubaneswar-Zone1,13,55.6,33.5,107.3,0.714,high
151,Bhubaneswar-Zone1,14,37.3,32.8,121.4,0.682,medium
151,Bhubaneswar-Zone1,15,24.6,36.4,111.0,0.66,medium
151,Bhubaneswar-Zone1,16,91.3,37.6,114.3,0.691,high
151,Bhubaneswar-Zone1,17,48.1,39.2,118.1,0.628,medium
151,Bhubaneswar-Zone1,18,42.5,39.3,118.9,0.835,medium
151,Bhubaneswar-Zone1,19,77.0,39.9,110.1,0.904,high
151,Bhubaneswar-Zone1,20,47.5,40.4,112.1,0.601,medium
151,Bhubaneswar-Zone1,21,40.6,40.8,113.6,0.783,medium
151,Bhubaneswar-Zone1,22,106.5,43.3,98.6,0.831,high
151,Bhubaneswar-Zone1,23,108.8,39.8,95.1,0.8,high
151,Bhubaneswar-Zone1,24,131.7,42.3,109.6,0.56,high
151,Bhubaneswar-Zone1,25,172.0,44.7,95.6,0.834,high
151,Bhubaneswar-Zone1,26,233.2,43.0,91.6,0.88,high
151,Bhubaneswar-Zone1,27,239.5,39.7,100.0,0.793,high
151,Bhubaneswar-Zone1,28,277.5,41.6,82.4,0.685,high
151,Bhubaneswar-Zone1,29,266.7,44.0,80.0,0.694,high
151,Bhubaneswar-Zone1,30,288.9,41.6,86.7,0.606,high
151,Bhubaneswar-Zone1,31,315.4,37.7,94.3,0.85,high
151,Bhubaneswar-Zone1,32,347.5,38.7,80.1,0.846,high
151,Bhubaneswar-Zone1,33,310.4,40.2,84.4,0.777,high
151,Bhubaneswar-Zone1,34,360.4,35.9,81.1,0.778,high
151,Bhubaneswar-Zone1,35,379.1,39.7,78.3,0.636,high
151,Bhubaneswar-Zone1,36,336.6,37.5,77.7,0.701,high
151,Bhubaneswar-Zone1,37,342.3,34.8,76.1,0.583,high
151,Bhubaneswar-Zone1,38,316.9,32.3,111.4,0.705,high
151,Bhubaneswar-Zone1,39,305.7,31.8,166.1,0.86,medium
151,Bhubaneswar-Zone1,40,248.4,30.8,169.3,0.632,high
151,Bhubaneswar-Zone1,41,221.0,28.0,179.9,0.789,high
151,Bhubaneswar-Zone1,42,190.3,28.7,179.9,0.761,high
151,Bhubaneswar-Zone1,43,201.3,28.2,167.6,0.688,high
151,Bhubaneswar-Zone1,44,162.7,26.5,180.9,0.878,high
151,Bhubaneswar-Zone1,45,104.4,24.5,193.9,0.726,high
151,Bhubaneswar-Zone1,46,101.0,27.6,195.9,0.67,high
151,Bhubaneswar-Zone1,47,24.5,25.1,193.1,0.679,medium
151,Bhubaneswar-Zone1,48,43.1,26.0,193.1,0.623,medium
151,Bhubaneswar-Zone1,49,36.6,22.9,204.1,0.954,medium
151,Bhubaneswar-Zone1,50,40.1,21.7,205.1,0.765,medium
151,Bhubaneswar-Zone1,51,59.8,22.2,197.9,0.542,high
151,Bhubaneswar-Zone1,52,22.7,20.0,193.0,0.794,medium
152,Bhubaneswar-Zone1,0,49.0,21.8,193.4,0.94,medium
152,Bhubaneswar-Zone1,1,77.8,23.1,182.0,0.827,high
152,Bhubaneswar-Zone1,2,27.0,23.8,197.1,0.834,medium
152,Bhubaneswar-Zone1,3,32.5,23.1,193.3,0.842,medium
152,Bhubaneswar-Zone1,4,67.9,25.4,131.0,0.958,high
152,Bhubaneswar-Zone1,5,37.2,24.4,116.6,0.64,medium
152,Bhubaneswar-Zone1,6,45.8,26.3,107.7,0.807,medium
152,Bhubaneswar-Zone1,7,109.5,27.1,101.0,0.861,high
152,Bhubaneswar-Zone1,8,26.4,27.9,123.0,0.86,medium
152,Bhubaneswar-Zone1,9,61.9,27.4,112.9,0.77,high
152,Bhubaneswar-Zone1,10,59.1,31.8,121.6,0.686,high
152,Bhubaneswar-Zone1,11,32.6,31.7,106.6,1.0,medium
152,Bhubaneswar-Zone1,12,48.3,31.4,115.1,0.83,medium
152,Bhubaneswar-Zone1,13,55.6,33.5,107.3,0.867,high
152,Bhubaneswar-Zone1,14,37.3,32.8,121.4,0.973,medium
152,Bhubaneswar-Zone1,15,24.6,36.4,111.0,0.726,medium
152,Bhubaneswar-Zone1,16,91.3,37.6,114.3,1.0,high
152,Bhubaneswar-Zone1,17,48.1,39.2,118.1,0.641,medium
152,Bhubaneswar-Zone1,18,42.5,39.3,118.9,0.935,medium
152,Bhubaneswar-Zone1,19,77.0,39.9,110.1,0.788,high
152,Bhubaneswar-Zone1,20,47.5,40.4,112.1,0.749,medium
152,Bhubaneswar-Zone1,21,40.6,40.8,113.6,0.704,medium
152,Bhubaneswar-Zone1,22,106.5,43.3,98.6,0.857,high
152,Bhubaneswar-Zone1,23,108.8,39.8,95.1,0.921,high
152,Bhubaneswar-Zone1,24,131.7,42.3,109.6,0.743,high
152,Bhubaneswar-Zone1,25,172.0,44.7,95.6,0.826,high
152,Bhubaneswar-Zone1,26,233.2,43.0,91.6,0.983,high
152,Bhubaneswar-Zone1,27,239.5,39.7,100.0,0.916,high
152,Bhubaneswar-Zone1,28,277.5,41.6,82.4,0.78,high
152,Bhubaneswar-Zone1,29,266.7,44.0,80.0,1.0,high
152,Bhubaneswar-Zone1,30,288.9,41.6,86.7,1.0,high
152,Bhubaneswar-Zone1,31,315.4,37.7,94.3,0.906,high
152,Bhubaneswar-Zone1,32,347.5,38.7,80.1,0.915,high
152,Bhubaneswar-Zone1,33,310.4,40.2,84.4,0.993,high
152,Bhubaneswar-Zone1,34,360.4,35.9,81.1,0.904,high
152,Bhubaneswar-Zone1,35,379.1,39.7,78.3,0.782,high
152,Bhubaneswar-Zone1,36,336.6,37.5,77.7,0.754,high
152,Bhubaneswar-Zone1,37,342.3,34.8,76.1,0.674,high
152,Bhubaneswar-Zone1,38,316.9,32.3,111.4,0.92,high
152,Bhubaneswar-Zone1,39,305.7,31.8,166.1,0.851,high
152,Bhubaneswar-Zone1,40,248.4,30.8,169.3,0.76,high
152,Bhubaneswar-Zone1,41,221.0,28.0,179.9,0.6,high
152,Bhubaneswar-Zone1,42,190.3,28.7,179.9,0.688,high
152,Bhubaneswar-Zone1,43,201.3,28.2,167.6,0.926,high
152,Bhubaneswar-Zone1,44,162.7,26.5,180.9,0.751,high
152,Bhubaneswar-Zone1,45,104.4,24.5,193.9,0.745,high
152,Bhubaneswar-Zone1,46,101.0,27.6,195.9,0.78,high
152,Bhubaneswar-Zone1,47,24.5,25.1,193.1,0.87,medium
152,Bhubaneswar-Zone1,48,43.1,26.0,193.1,0.85,medium
152,Bhubaneswar-Zone1,49,36.6,22.9,204.1,0.866,medium
152,Bhubaneswar-Zone1,50,40.1,21.7,205.1,0.741,medium
152,Bhubaneswar-Zone1,51,59.8,22.2,197.9,0.878,high
152,Bhubaneswar-Zone1,52,22.7,20.0,193.0,0.952,medium
153,Bhubaneswar-Zone1,0,49.0,21.8,193.4,0.377,medium
153,Bhubaneswar-Zone1,1,77.8,23.1,182.0,0.61,high
153,Bhubaneswar-Zone1,2,27.0,23.8,197.1,0.591,medium
153,Bhubaneswar-Zone1,3,32.5,23.1,193.3,0.613,medium
153,Bhubaneswar-Zone1,4,67.9,25.4,131.0,0.546,high
153,Bhubaneswar-Zone1,5,37.2,24.4,116.6,0.636,medium
153,Bhubaneswar-Zone1,6,45.8,26.3,107.7,0.582,medium
153,Bhubaneswar-Zone1,7,109.5,27.1,101.0,0.518,high
153,Bhubaneswar-Zone1,8,26.4,27.9,123.0,0.69,medium
153,Bhubaneswar-Zone1,9,61.9,27.4,112.9,0.77,high
153,Bhubaneswar-Zone1,10,59.1,31.8,121.6,0.639,high
153,Bhubaneswar-Zone1,11,32.6,31.7,106.6,0.723,medium
153,Bhubaneswar-Zone1,12,48.3,31.4,115.1,0.714,medium
153,Bhubaneswar-Zone1,13,55.6,33.5,107.3,0.801,high
153,Bhubaneswar-Zone1,14,37.3,32.8,121.4,0.712,medium
153,Bhubaneswar-Zone1,15,24.6,36.4,111.0,0.652,medium
153,Bhubaneswar-Zone1,16,91.3,37.6,114.3,0.611,high
153,Bhubaneswar-Zone1,17,48.1,39.2,118.1,0.57,medium
153,Bhubaneswar-Zone1,18,42.5,39.3,118.9,0.643,medium
153,Bhubaneswar-Zone1,19,77.0,39.9,110.1,0.737,high
153,Bhubaneswar-Zone1,20,47.5,40.4,112.1,0.779,medium
153,Bhubaneswar-Zone1,21,40.6,40.8,113.6,0.573,medium
153,Bhubaneswar-Zone1,22,106.5,43.3,98.6,0.589,high
153,Bhubaneswar-Zone1,23,108.8,39.8,95.1,0.759,high
153,Bhubaneswar-Zone1,24,131.7,42.3,109.6,0.808,high
153,Bhubaneswar-Zone1,25,172.0,44.7,95.6,0.458,high
153,Bhubaneswar-Zone1,26,233.2,43.0,91.6,0.642,high
153,Bhubaneswar-Zone1,27,239.5,39.7,100.0,0.711,high
153,Bhubaneswar-Zone1,28,277.5,41.6,82.4,0.7,high
153,Bhubaneswar-Zone1,29,266.7,44.0,80.0,0.48,high
153,Bhubaneswar-Zone1,30,288.9,41.6,86.7,0.642,high
153,Bhubaneswar-Zone1,31,315.4,37.7,94.3,0.609,high
153,Bhubaneswar-Zone1,32,347.5,38.7,80.1,0.508,medium
153,Bhubaneswar-Zone1,33,310.4,40.2,84.4,0.707,high
153,Bhubaneswar-Zone1,34,360.4,35.9,81.1,0.678,high
153,Bhubaneswar-Zone1,35,379.1,39.7,78.3,0.772,high
153,Bhubaneswar-Zone1,36,336.6,37.5,77.7,0.677,high
153,Bhubaneswar-Zone1,37,342.3,34.8,76.1,0.559,high
153,Bhubaneswar-Zone1,38,316.9,32.3,111.4,0.812,high
153,Bhubaneswar-Zone1,39,305.7,31.8,166.1,0.563,high
153,Bhubaneswar-Zone1,40,248.4,30.8,169.3,0.563,high
153,Bhubaneswar-Zone1,41,221.0,28.0,179.9,0.558,high
153,Bhubaneswar-Zone1,42,190.3,28.7,179.9,0.785,high
153,Bhubaneswar-Zone1,43,201.3,28.2,167.6,0.7,high
153,Bhubaneswar-Zone1,44,162.7,26.5,180.9,0.617,high
153,Bhubaneswar-Zone1,45,104.4,24.5,193.9,0.54,high
153,Bhubaneswar-Zone1,46,101.0,27.6,195.9,0.67,low
153,Bhubaneswar-Zone1,47,24.5,25.1,193.1,0.648,medium
153,Bhubaneswar-Zone1,48,43.1,26.0,193.1,0.628,medium
153,Bhubaneswar-Zone1,49,36.6,22.9,204.1,0.711,medium
153,Bhubaneswar-Zone1,50,40.1,21.7,205.1,0.754,medium
153,Bhubaneswar-Zone1,51,59.8,22.2,197.9,0.593,high
153,Bhubaneswar-Zone1,52,22.7,20.0,193.0,0.706,medium
154,Cuttack-Zone1,0,20.0,23.7,196.3,0.981,medium
154,Cuttack-Zone1,1,53.9,23.0,203.3,0.869,high
154,Cuttack-Zone1,2,39.0,22.9,200.9,0.886,medium
154,Cuttack-Zone1,3,52.1,24.6,189.0,0.996,high
154,Cuttack-Zone1,4,42.3,25.4,151.7,1.0,medium
154,Cuttack-Zone1,5,29.4,25.2,116.0,0.871,medium
154,Cuttack-Zone1,6,33.7,25.9,117.0,0.868,medium
154,Cuttack-Zone1,7,32.3,27.7,117.3,0.625,medium
154,Cuttack-Zone1,8,26.4,27.3,120.7,0.837,medium
154,Cuttack-Zone1,9,18.2,26.7,110.9,0.967,low
154,Cuttack-Zone1,10,12.5,29.6,110.7,1.0,high
154,Cuttack-Zone1,11,14.1,32.2,118.6,0.799,low
154,Cuttack-Zone1,12,53.2,30.8,110.4,0.923,high
154,Cuttack-Zone1,13,45.8,31.3,105.1,0.834,medium
154,Cuttack-Zone1,14,12.8,35.2,118.6,0.943,low
154,Cuttack-Zone1,15,68.1,36.8,115.9,0.71,high
154,Cuttack-Zone1,16,12.1,37.5,111.4,1.0,low
154,Cuttack-Zone1,17,63.9,38.5,104.0,0.922,high
154,Cuttack-Zone1,18,62.2,40.9,113.7,0.941,high
154,Cuttack-Zone1,19,33.3,38.5,111.6,0.823,high
154,Cuttack-Zone1,20,26.4,39.6,116.0,0.857,medium
154,Cuttack-Zone1,21,31.7,41.9,114.3,0.947,medium
154,Cuttack-Zone1,22,62.7,39.8,117.4,0.899,high
154,Cuttack-Zone1,23,79.2,41.7,106.4,0.586,high
154,Cuttack-Zone1,24,159.5,42.0,102.3,0.792,high
154,Cuttack-Zone1,25,246.6,43.2,96.1,0.774,high
154,Cuttack-Zone1,26,198.7,41.4,97.4,1.0,high
154,Cuttack-Zone1,27,282.6,43.4,82.7,0.835,high
154,Cuttack-Zone1,28,235.4,40.8,94.9,1.0,high
154,Cuttack-Zone1,29,238.0,42.0,95.3,1.0,high
154,Cuttack-Zone1,30,288.1,42.8,83.0,0.967,high
154,Cuttack-Zone1,31,263.5,38.7,89.7,0.942,high
154,Cuttack-Zone1,32,334.1,40.7,72.4,0.813,high
154,Cuttack-Zone1,33,337.1,38.6,73.7,0.83,high
154,Cuttack-Zone1,34,302.3,38.0,94.7,0.813,high
154,Cuttack-Zone1,35,285.6,36.6,81.6,0.779,high
154,Cuttack-Zone1,36,313.4,35.3,77.0,0.871,high
154,Cuttack-Zone1,37,325.5,35.0,78.6,0.985,high
154,Cuttack-Zone1,38,264.2,34.8,115.7,0.864,high
154,Cuttack-Zone1,39,271.7,31.9,178.6,0.808,high
154,Cuttack-Zone1,40,247.0,29.6,171.7,0.864,high
154,Cuttack-Zone1,41,190.4,30.8,175.7,0.899,high
154,Cuttack-Zone1,42,184.7,28.1,171.0,0.833,high
154,Cuttack-Zone1,43,185.3,26.9,174.4,0.871,high
154,Cuttack-Zone1,44,119.5,26.5,181.4,1.0,high
154,Cuttack-Zone1,45,144.4,25.5,180.1,0.745,high
154,Cuttack-Zone1,46,76.7,24.8,191.4,0.682,high
154,Cuttack-Zone1,47,22.2,23.5,199.6,0.891,medium
154,Cuttack-Zone1,48,49.5,23.0,193.1,0.922,medium
154,Cuttack-Zone1,49,56.2,22.8,188.0,0.867,high
154,Cuttack-Zone1,50,55.0,22.8,190.0,0.787,high
154,Cuttack-Zone1,51,44.3,24.1,197.1,1.0,medium
154,Cuttack-Zone1,52,0.9,17.3,221.0,0.885,medium
155,Bhubaneswar-Zone1,0,49.0,21.8,193.4,0.724,medium
155,Bhubaneswar-Zone1,1,77.8,23.1,182.0,0.793,high
155,Bhubaneswar-Zone1,2,27.0,23.8,197.1,0.69,medium
155,Bhubaneswar-Zone1,3,32.5,23.1,193.3,0.681,medium
155,Bhubaneswar-Zone1,4,67.9,25.4,131.0,0.859,high
155,Bhubaneswar-Zone1,5,37.2,24.4,116.6,0.547,medium
155,Bhubaneswar-Zone1,6,45.8,26.3,107.7,0.744,medium
155,Bhubaneswar-Zone1,7,109.5,27.1,101.0,0.735,high
155,Bhubaneswar-Zone1,8,26.4,27.9,123.0,0.668,medium
155,Bhubaneswar-Zone1,9,61.9,27.4,112.9,0.695,high
155,Bhubaneswar-Zone1,10,59.1,31.8,121.6,0.849,high
155,Bhubaneswar-Zone1,11,32.6,31.7,106.6,0.629,medium
155,Bhubaneswar-Zone1,12,48.3,31.4,115.1,0.785,medium
155,Bhubaneswar-Zone1,13,55.6,33.5,107.3,0.71,high
155,Bhubaneswar-Zone1,14,37.3,32.8,121.4,0.774,medium
155,Bhubaneswar-Zone1,15,24.6,36.4,111.0,0.751,medium
155,Bhubaneswar-Zone1,16,91.3,37.6,114.3,0.505,high
155,Bhubaneswar-Zone1,17,48.1,39.2,118.1,0.802,medium
155,Bhubaneswar-Zone1,18,42.5,39.3,118.9,0.811,medium
155,Bhubaneswar-Zone1,19,77.0,39.9,110.1,0.722,high
155,Bhubaneswar-Zone1,20,47.5,40.4,112.1,0.8,low
155,Bhubaneswar-Zone1,21,40.6,40.8,113.6,0.806,medium
155,Bhubaneswar-Zone1,22,106.5,43.3,98.6,0.702,high
155,Bhubaneswar-Zone1,23,108.8,39.8,95.1,0.714,high
155,Bhubaneswar-Zone1,24,131.7,42.3,109.6,0.879,high
155,Bhubaneswar-Zone1,25,172.0,44.7,95.6,0.53,high
155,Bhubaneswar-Zone1,26,233.2,43.0,91.6,0.836,high
155,Bhubaneswar-Zone1,27,239.5,39.7,100.0,0.637,high
155,Bhubaneswar-Zone1,28,277.5,41.6,82.4,0.839,high
155,Bhubaneswar-Zone1,29,266.7,44.0,80.0,0.757,high
155,Bhubaneswar-Zone1,30,288.9,41.6,86.7,0.819,high
155,Bhubaneswar-Zone1,31,315.4,37.7,94.3,0.734,high
155,Bhubaneswar-Zone1,32,347.5,38.7,80.1,0.626,high
155,Bhubaneswar-Zone1,33,310.4,40.2,84.4,0.888,high
155,Bhubaneswar-Zone1,34,360.4,35.9,81.1,0.67,high
155,Bhubaneswar-Zone1,35,379.1,39.7,78.3,0.79,high
155,Bhubaneswar-Zone1,36,336.6,37.5,77.7,0.818,high
155,Bhubaneswar-Zone1,37,342.3,34.8,76.1,0.642,high
155,Bhubaneswar-Zone1,38,316.9,32.3,111.4,0.777,low
155,Bhubaneswar-Zone1,39,305.7,31.8,166.1,0.555,high
155,Bhubaneswar-Zone1,40,248.4,30.8,169.3,0.806,high
155,Bhubaneswar-Zone1,41,221.0,28.0,179.9,0.691,high
155,Bhubaneswar-Zone1,42,190.3,28.7,179.9,0.769,high
155,Bhubaneswar-Zone1,43,201.3,28.2,167.6,0.808,medium
155,Bhubaneswar-Zone1,44,162.7,26.5,180.9,0.716,high
155,Bhubaneswar-Zone1,45,104.4,24.5,193.9,0.708,high
155,Bhubaneswar-Zone1,46,101.0,27.6,195.9,0.602,high
155,Bhubaneswar-Zone1,47,24.5,25.1,193.1,0.692,medium
155,Bhubaneswar-Zone1,48,43.1,26.0,193.1,0.722,medium
155,Bhubaneswar-Zone1,49,36.6,22.9,204.1,0.614,medium
155,Bhubaneswar-Zone1,50,40.1,21.7,205.1,0.674,medium
155,Bhubaneswar-Zone1,51,59.8,22.2,197.9,0.679,high
155,Bhubaneswar-Zone1,52,22.7,20.0,193.0,0.521,medium
156,Rourkela-Zone1,0,12.7,20.9,190.6,0.995,medium
156,Rourkela-Zone1,1,24.9,24.0,193.9,0.779,medium
156,Rourkela-Zone1,2,6.9,24.0,196.0,0.822,medium
156,Rourkela-Zone1,3,44.1,25.1,186.7,0.596,medium
156,Rourkela-Zone1,4,25.7,23.1,141.1,0.782,medium
156,Rourkela-Zone1,5,45.3,27.0,116.6,0.758,medium
156,Rourkela-Zone1,6,0.0,24.7,122.1,0.586,low
156,Rourkela-Zone1,7,13.6,28.2,101.6,0.659,low
156,Rourkela-Zone1,8,7.1,26.4,113.0,0.707,low
156,Rourkela-Zone1,9,42.5,29.2,118.1,0.765,medium
156,Rourkela-Zone1,10,4.4,32.2,114.0,0.774,low
156,Rourkela-Zone1,11,21.1,29.6,108.3,0.606,medium
156,Rourkela-Zone1,12,12.7,32.3,114.6,0.71,low
156,Rourkela-Zone1,13,30.3,35.3,104.7,0.768,medium
156,Rourkela-Zone1,14,11.6,36.0,119.1,0.787,low
156,Rourkela-Zone1,15,0.0,34.6,119.1,0.52,low
156,Rourkela-Zone1,16,8.5,36.6,116.0,0.644,low
156,Rourkela-Zone1,17,2.9,37.9,125.0,0.852,low
156,Rourkela-Zone1,18,19.5,39.1,114.0,0.969,medium
156,Rourkela-Zone1,19,16.4,41.1,111.6,0.771,low
156,Rourkela-Zone1,20,59.8,40.2,117.1,0.68,high
156,Rourkela-Zone1,21,36.3,41.2,110.7,0.891,medium
156,Rourkela-Zone1,22,21.3,42.3,109.7,0.61,medium
156,Rourkela-Zone1,23,88.1,42.9,109.4,0.715,high
156,Rourkela-Zone1,24,118.1,43.9,107.7,0.738,high
156,Rourkela-Zone1,25,149.8,44.2,108.3,0.695,high
156,Rourkela-Zone1,26,149.3,42.9,99.3,0.639,medium
156,Rourkela-Zone1,27,175.4,44.7,100.0,0.709,high
156,Rourkela-Zone1,28,191.7,40.9,96.9,0.741,high
156,Rourkela-Zone1,29,211.7,41.6,103.4,0.781,high
156,Rourkela-Zone1,30,223.5,41.2,94.6,0.734,high
156,Rourkela-Zone1,31,270.0,41.9,88.4,0.725,high
156,Rourkela-Zone1,32,262.3,41.3,93.0,0.772,high
156,Rourkela-Zone1,33,289.2,40.8,84.9,0.641,high
156,Rourkela-Zone1,34,271.3,38.8,90.9,0.673,high
156,Rourkela-Zone1,35,261.5,36.1,95.7,0.949,high
156,Rourkela-Zone1,36,265.7,34.2,99.6,0.756,high
156,Rourkela-Zone1,37,245.6,34.5,96.6,0.719,high
156,Rourkela-Zone1,38,252.5,34.9,100.7,0.802,high
156,Rourkela-Zone1,39,202.9,31.1,174.0,0.928,high
156,Rourkela-Zone1,40,262.6,29.5,162.4,0.653,high
156,Rourkela-Zone1,41,179.5,28.6,172.4,0.834,high
156,Rourkela-Zone1,42,143.8,27.3,183.1,0.734,medium
156,Rourkela-Zone1,43,129.1,29.7,188.0,0.849,high
156,Rourkela-Zone1,44,104.7,25.8,177.6,0.875,high
156,Rourkela-Zone1,45,34.6,25.1,195.7,0.938,medium
156,Rourkela-Zone1,46,27.1,26.8,203.0,0.656,low
156,Rourkela-Zone1,47,19.4,24.2,203.7,0.715,medium
156,Rourkela-Zone1,48,4.4,22.9,196.4,0.771,medium
156,Rourkela-Zone1,49,16.7,23.5,195.4,0.758,medium
156,Rourkela-Zone1,50,18.1,22.1,190.4,0.9,medium
156,Rourkela-Zone1,51,19.9,26.5,201.4,0.586,medium
156,Rourkela-Zone1,52,0.0,16.7,201.0,0.882,medium
157,Puri-Zone1,0,125.9,22.3,186.0,0.707,medium
157,Puri-Zone1,1,116.2,22.7,185.0,0.746,high
157,Puri-Zone1,2,77.3,23.1,189.1,0.939,high
157,Puri-Zone1,3,144.2,24.7,182.0,0.695,high
157,Puri-Zone1,4,104.0,23.6,137.7,0.746,high
157,Puri-Zone1,5,75.6,24.8,105.9,0.79,high
157,Puri-Zone1,6,77.2,25.1,109.7,0.712,high
157,Puri-Zone1,7,81.9,25.9,100.3,0.942,high
157,Puri-Zone1,8,105.0,27.3,110.9,0.679,high
157,Puri-Zone1,9,117.3,26.6,105.0,0.602,high
157,Puri-Zone1,10,105.1,29.5,106.1,0.793,high
157,Puri-Zone1,11,92.2,31.1,109.7,0.63,high
157,Puri-Zone1,12,104.3,33.4,109.0,0.684,high
157,Puri-Zone1,13,69.9,32.5,108.0,0.741,high
157,Puri-Zone1,14,132.9,34.1,110.4,0.692,high
157,Puri-Zone1,15,100.4,36.5,110.0,0.73,medium
157,Puri-Zone1,16,72.5,36.9,111.0,0.723,high
157,Puri-Zone1,17,94.5,37.0,95.1,0.576,high
157,Puri-Zone1,18,118.3,37.5,115.7,0.774,high
157,Puri-Zone1,19,114.9,40.1,103.0,0.939,high
157,Puri-Zone1,20,113.4,42.0,109.1,0.952,high
157,Puri-Zone1,21,66.8,41.2,111.9,0.553,high
157,Puri-Zone1,22,168.6,42.4,94.4,0.594,high
157,Puri-Zone1,23,169.2,41.7,96.7,0.856,high
157,Puri-Zone1,24,223.9,41.5,88.4,0.624,high
157,Puri-Zone1,25,238.0,42.9,88.3,0.816,high
157,Puri-Zone1,26,282.3,43.3,92.1,0.547,high
157,Puri-Zone1,27,270.7,41.6,90.7,0.788,high
157,Puri-Zone1,28,286.8,41.9,83.1,0.808,high
157,Puri-Zone1,29,340.7,40.4,88.9,0.518,high
157,Puri-Zone1,30,335.2,42.2,81.0,0.692,high
157,Puri-Zone1,31,385.5,40.3,84.7,0.681,high
157,Puri-Zone1,32,385.3,40.4,81.3,0.631,high
157,Puri-Zone1,33,344.1,40.2,81.4,0.799,high
157,Puri-Zone1,34,373.5,39.4,77.7,0.595,high
157,Puri-Zone1,35,389.2,37.7,64.0,0.644,high
157,Puri-Zone1,36,358.5,35.0,76.6,0.827,high
157,Puri-Zone1,37,354.0,35.9,92.4,0.709,high
157,Puri-Zone1,38,315.8,36.3,103.7,0.734,high
157,Puri-Zone1,39,351.5,35.2,150.6,0.572,high
157,Puri-Zone1,40,291.4,33.1,171.6,0.588,high
157,Puri-Zone1,41,285.5,31.7,169.0,0.74,high
157,Puri-Zone1,42,247.4,27.8,169.7,0.618,high
157,Puri-Zone1,43,246.9,27.8,159.6,0.539,high
157,Puri-Zone1,44,197.4,26.4,181.7,0.899,high
157,Puri-Zone1,45,159.8,23.8,182.3,0.674,high
157,Puri-Zone1,46,101.3,24.8,181.4,0.689,high
157,Puri-Zone1,47,113.6,24.7,191.0,0.752,high
157,Puri-Zone1,48,105.8,24.6,174.6,0.701,high
157,Puri-Zone1,49,69.5,24.6,191.0,0.825,high
157,Puri-Zone1,50,75.1,24.2,196.6,0.778,high
157,Puri-Zone1,51,109.4,21.1,192.7,0.831,high
157,Puri-Zone1,52,13.9,21.5,190.0,0.762,medium
158,Bhubaneswar-Zone1,0,49.0,21.8,193.4,0.705,medium
158,Bhubaneswar-Zone1,1,77.8,23.1,182.0,0.584,high
158,Bhubaneswar-Zone1,2,27.0,23.8,197.1,0.757,medium
158,Bhubaneswar-Zone1,3,32.5,23.1,193.3,0.754,medium
158,Bhubaneswar-Zone1,4,67.9,25.4,131.0,0.721,high
158,Bhubaneswar-Zone1,5,37.2,24.4,116.6,0.628,medium
158,Bhubaneswar-Zone1,6,45.8,26.3,107.7,0.702,medium
158,Bhubaneswar-Zone1,7,109.5,27.1,101.0,0.552,high
158,Bhubaneswar-Zone1,8,26.4,27.9,123.0,0.624,medium
158,Bhubaneswar-Zone1,9,61.9,27.4,112.9,0.728,high
158,Bhubaneswar-Zone1,10,59.1,31.8,121.6,0.847,high
158,Bhubaneswar-Zone1,11,32.6,31.7,106.6,0.464,medium
158,Bhubaneswar-Zone1,12,48.3,31.4,115.1,0.724,medium
158,Bhubaneswar-Zone1,13,55.6,33.5,107.3,0.728,high
158,Bhubaneswar-Zone1,14,37.3,32.8,121.4,0.767,medium
158,Bhubaneswar-Zone1,15,24.6,36.4,111.0,0.6,medium
158,Bhubaneswar-Zone1,16,91.3,37.6,114.3,0.49,high
158,Bhubaneswar-Zone1,17,48.1,39.2,118.1,0.586,medium
158,Bhubaneswar-Zone1,18,42.5,39.3,118.9,0.663,medium
158,Bhubaneswar-Zone1,19,77.0,39.9,110.1,0.662,high
158,Bhubaneswar-Zone1,20,47.5,40.4,112.1,0.703,medium
158,Bhubaneswar-Zone1,21,40.6,40.8,113.6,0.551,low
158,Bhubaneswar-Zone1,22,106.5,43.3,98.6,0.509,high
158,Bhubaneswar-Zone1,23,108.8,39.8,95.1,0.514,high
158,Bhubaneswar-Zone1,24,131.7,42.3,109.6,0.761,high
158,Bhubaneswar-Zone1,25,172.0,44.7,95.6,0.594,high
158,Bhubaneswar-Zone1,26,233.2,43.0,91.6,0.596,high
158,Bhubaneswar-Zone1,27,239.5,39.7,100.0,0.592,high
158,Bhubaneswar-Zone1,28,277.5,41.6,82.4,0.623,high
158,Bhubaneswar-Zone1,29,266.7,44.0,80.0,0.639,high
158,Bhubaneswar-Zone1,30,288.9,41.6,86.7,0.59,low
158,Bhubaneswar-Zone1,31,315.4,37.7,94.3,0.647,high
158,Bhubaneswar-Zone1,32,347.5,38.7,80.1,0.581,high
158,Bhubaneswar-Zone1,33,310.4,40.2,84.4,0.571,high
158,Bhubaneswar-Zone1,34,360.4,35.9,81.1,0.581,high
158,Bhubaneswar-Zone1,35,379.1,39.7,78.3,0.505,high
158,Bhubaneswar-Zone1,36,336.6,37.5,77.7,0.631,high
158,Bhubaneswar-Zone1,37,342.3,34.8,76.1,0.518,high
158,Bhubaneswar-Zone1,38,316.9,32.3,111.4,0.569,high
158,Bhubaneswar-Zone1,39,305.7,31.8,166.1,0.692,high
158,Bhubaneswar-Zone1,40,248.4,30.8,169.3,0.704,high
158,Bhubaneswar-Zone1,41,221.0,28.0,179.9,0.62,high
158,Bhubaneswar-Zone1,42,190.3,28.7,179.9,0.736,high
158,Bhubaneswar-Zone1,43,201.3,28.2,167.6,0.636,high
158,Bhubaneswar-Zone1,44,162.7,26.5,180.9,0.758,high
158,Bhubaneswar-Zone1,45,104.4,24.5,193.9,0.641,high
158,Bhubaneswar-Zone1,46,101.0,27.6,195.9,0.544,high
158,Bhubaneswar-Zone1,47,24.5,25.1,193.1,0.834,medium
158,Bhubaneswar-Zone1,48,43.1,26.0,193.1,0.559,medium
158,Bhubaneswar-Zone1,49,36.6,22.9,204.1,0.725,medium
158,Bhubaneswar-Zone1,50,40.1,21.7,205.1,0.707,medium
158,Bhubaneswar-Zone1,51,59.8,22.2,197.9,0.652,high
158,Bhubaneswar-Zone1,52,22.7,20.0,193.0,0.568,medium
159,Cuttack-Zone1,0,20.0,23.7,196.3,0.79,medium
159,Cuttack-Zone1,1,53.9,23.0,203.3,0.758,high
159,Cuttack-Zone1,2,39.0,22.9,200.9,0.685,medium
159,Cuttack-Zone1,3,52.1,24.6,189.0,0.771,high
159,Cuttack-Zone1,4,42.3,25.4,151.7,0.729,medium
159,Cuttack-Zone1,5,29.4,25.2,116.0,0.787,medium
159,Cuttack-Zone1,6,33.7,25.9,117.0,0.688,medium
159,Cuttack-Zone1,7,32.3,27.7,117.3,0.762,medium
159,Cuttack-Zone1,8,26.4,27.3,120.7,0.837,medium
159,Cuttack-Zone1,9,18.2,26.7,110.9,0.776,low
159,Cuttack-Zone1,10,12.5,29.6,110.7,0.837,low
159,Cuttack-Zone1,11,14.1,32.2,118.6,0.856,low
159,Cuttack-Zone1,12,53.2,30.8,110.4,0.721,high
159,Cuttack-Zone1,13,45.8,31.3,105.1,0.698,medium
159,Cuttack-Zone1,14,12.8,35.2,118.6,0.978,low
159,Cuttack-Zone1,15,68.1,36.8,115.9,0.846,high
159,Cuttack-Zone1,16,12.1,37.5,111.4,0.867,low
159,Cuttack-Zone1,17,63.9,38.5,104.0,0.895,high
159,Cuttack-Zone1,18,62.2,40.9,113.7,0.747,high
159,Cuttack-Zone1,19,33.3,38.5,111.6,0.669,medium
159,Cuttack-Zone1,20,26.4,39.6,116.0,0.711,medium
159,Cuttack-Zone1,21,31.7,41.9,114.3,0.748,medium
159,Cuttack-Zone1,22,62.7,39.8,117.4,0.86,high
159,Cuttack-Zone1,23,79.2,41.7,106.4,0.659,high
159,Cuttack-Zone1,24,159.5,42.0,102.3,0.786,high
159,Cuttack-Zone1,25,246.6,43.2,96.1,0.858,high
159,Cuttack-Zone1,26,198.7,41.4,97.4,0.848,high
159,Cuttack-Zone1,27,282.6,43.4,82.7,1.0,high
159,Cuttack-Zone1,28,235.4,40.8,94.9,0.759,high
159,Cuttack-Zone1,29,238.0,42.0,95.3,0.823,high
159,Cuttack-Zone1,30,288.1,42.8,83.0,0.721,high
159,Cuttack-Zone1,31,263.5,38.7,89.7,0.888,high
159,Cuttack-Zone1,32,334.1,40.7,72.4,0.886,high
159,Cuttack-Zone1,33,337.1,38.6,73.7,0.736,high
159,Cuttack-Zone1,34,302.3,38.0,94.7,0.766,high
159,Cuttack-Zone1,35,285.6,36.6,81.6,0.846,high
159,Cuttack-Zone1,36,313.4,35.3,77.0,0.849,high
159,Cuttack-Zone1,37,325.5,35.0,78.6,0.671,high
159,Cuttack-Zone1,38,264.2,34.8,115.7,0.655,high
159,Cuttack-Zone1,39,271.7,31.9,178.6,0.842,high
159,Cuttack-Zone1,40,247.0,29.6,171.7,1.0,high
159,Cuttack-Zone1,41,190.4,30.8,175.7,0.681,high
159,Cuttack-Zone1,42,184.7,28.1,171.0,0.879,high
159,Cuttack-Zone1,43,185.3,26.9,174.4,0.818,low
159,Cuttack-Zone1,44,119.5,26.5,181.4,0.727,high
159,Cuttack-Zone1,45,144.4,25.5,180.1,0.885,high
159,Cuttack-Zone1,46,76.7,24.8,191.4,0.796,high
159,Cuttack-Zone1,47,22.2,23.5,199.6,0.921,medium
159,Cuttack-Zone1,48,49.5,23.0,193.1,0.843,medium
159,Cuttack-Zone1,49,56.2,22.8,188.0,0.708,high
159,Cuttack-Zone1,50,55.0,22.8,190.0,0.903,high
159,Cuttack-Zone1,51,44.3,24.1,197.1,0.813,medium
159,Cuttack-Zone1,52,0.9,17.3,221.0,0.771,medium
160,Cuttack-Zone1,0,20.0,23.7,196.3,1.0,medium
160,Cuttack-Zone1,1,53.9,23.0,203.3,0.966,high
160,Cuttack-Zone1,2,39.0,22.9,200.9,1.0,medium
160,Cuttack-Zone1,3,52.1,24.6,189.0,0.846,high
160,Cuttack-Zone1,4,42.3,25.4,151.7,0.968,medium
160,Cuttack-Zone1,5,29.4,25.2,116.0,0.896,medium
160,Cuttack-Zone1,6,33.7,25.9,117.0,1.0,medium
160,Cuttack-Zone1,7,32.3,27.7,117.3,1.0,medium
160,Cuttack-Zone1,8,26.4,27.3,120.7,0.984,medium
160,Cuttack-Zone1,9,18.2,26.7,110.9,1.0,low
160,Cuttack-Zone1,10,12.5,29.6,110.7,0.898,low
160,Cuttack-Zone1,11,14.1,32.2,118.6,0.918,low
160,Cuttack-Zone1,12,53.2,30.8,110.4,0.771,high
160,Cuttack-Zone1,13,45.8,31.3,105.1,1.0,medium
160,Cuttack-Zone1,14,12.8,35.2,118.6,0.762,low
160,Cuttack-Zone1,15,68.1,36.8,115.9,0.908,high
160,Cuttack-Zone1,16,12.1,37.5,111.4,0.843,low
160,Cuttack-Zone1,17,63.9,38.5,104.0,1.0,high
160,Cuttack-Zone1,18,62.2,40.9,113.7,1.0,high
160,Cuttack-Zone1,19,33.3,38.5,111.6,1.0,medium
160,Cuttack-Zone1,20,26.4,39.6,116.0,1.0,medium
160,Cuttack-Zone1,21,31.7,41.9,114.3,0.985,medium
160,Cuttack-Zone1,22,62.7,39.8,117.4,0.976,high
160,Cuttack-Zone1,23,79.2,41.7,106.4,0.881,high
160,Cuttack-Zone1,24,159.5,42.0,102.3,0.813,high
160,Cuttack-Zone1,25,246.6,43.2,96.1,0.974,low
160,Cuttack-Zone1,26,198.7,41.4,97.4,0.966,high
160,Cuttack-Zone1,27,282.6,43.4,82.7,1.0,medium
160,Cuttack-Zone1,28,235.4,40.8,94.9,0.988,high
160,Cuttack-Zone1,29,238.0,42.0,95.3,1.0,high
160,Cuttack-Zone1,30,288.1,42.8,83.0,0.779,high
160,Cuttack-Zone1,31,263.5,38.7,89.7,0.988,high
160,Cuttack-Zone1,32,334.1,40.7,72.4,0.985,high
160,Cuttack-Zone1,33,337.1,38.6,73.7,0.975,high
160,Cuttack-Zone1,34,302.3,38.0,94.7,1.0,high
160,Cuttack-Zone1,35,285.6,36.6,81.6,0.875,low
160,Cuttack-Zone1,36,313.4,35.3,77.0,0.865,high
160,Cuttack-Zone1,37,325.5,35.0,78.6,0.929,high
160,Cuttack-Zone1,38,264.2,34.8,115.7,0.922,high
160,Cuttack-Zone1,39,271.7,31.9,178.6,0.911,medium
160,Cuttack-Zone1,40,247.0,29.6,171.7,1.0,high
160,Cuttack-Zone1,41,190.4,30.8,175.7,0.907,high
160,Cuttack-Zone1,42,184.7,28.1,171.0,0.755,high
160,Cuttack-Zone1,43,185.3,26.9,174.4,1.0,high
160,Cuttack-Zone1,44,119.5,26.5,181.4,0.74,high
160,Cuttack-Zone1,45,144.4,25.5,180.1,0.937,high
160,Cuttack-Zone1,46,76.7,24.8,191.4,1.0,high
160,Cuttack-Zone1,47,22.2,23.5,199.6,0.983,medium
160,Cuttack-Zone1,48,49.5,23.0,193.1,0.886,medium
160,Cuttack-Zone1,49,56.2,22.8,188.0,0.959,high
160,Cuttack-Zone1,50,55.0,22.8,190.0,0.771,high
160,Cuttack-Zone1,51,44.3,24.1,197.1,0.96,medium
160,Cuttack-Zone1,52,0.9,17.3,221.0,0.931,medium
161,Bhubaneswar-Zone1,0,49.0,21.8,193.4,0.824,medium
161,Bhubaneswar-Zone1,1,77.8,23.1,182.0,0.764,high
161,Bhubaneswar-Zone1,2,27.0,23.8,197.1,0.637,medium
161,Bhubaneswar-Zone1,3,32.5,23.1,193.3,0.821,medium
161,Bhubaneswar-Zone1,4,67.9,25.4,131.0,0.856,high
161,Bhubaneswar-Zone1,5,37.2,24.4,116.6,0.768,high
161,Bhubaneswar-Zone1,6,45.8,26.3,107.7,0.708,medium
161,Bhubaneswar-Zone1,7,109.5,27.1,101.0,0.651,high
161,Bhubaneswar-Zone1,8,26.4,27.9,123.0,0.854,medium
161,Bhubaneswar-Zone1,9,61.9,27.4,112.9,0.737,high
161,Bhubaneswar-Zone1,10,59.1,31.8,121.6,0.728,low
161,Bhubaneswar-Zone1,11,32.6,31.7,106.6,0.748,medium
161,Bhubaneswar-Zone1,12,48.3,31.4,115.1,0.62,medium
161,Bhubaneswar-Zone1,13,55.6,33.5,107.3,0.684,high
161,Bhubaneswar-Zone1,14,37.3,32.8,121.4,0.792,medium
161,Bhubaneswar-Zone1,15,24.6,36.4,111.0,0.819,medium
161,Bhubaneswar-Zone1,16,91.3,37.6,114.3,0.841,high
161,Bhubaneswar-Zone1,17,48.1,39.2,118.1,0.64,medium
161,Bhubaneswar-Zone1,18,42.5,39.3,118.9,0.807,medium
161,Bhubaneswar-Zone1,19,77.0,39.9,110.1,0.725,high
161,Bhubaneswar-Zone1,20,47.5,40.4,112.1,0.7,medium
161,Bhubaneswar-Zone1,21,40.6,40.8,113.6,0.78,medium
161,Bhubaneswar-Zone1,22,106.5,43.3,98.6,0.815,high
161,Bhubaneswar-Zone1,23,108.8,39.8,95.1,0.615,high
161,Bhubaneswar-Zone1,24,131.7,42.3,109.6,0.719,high
161,Bhubaneswar-Zone1,25,172.0,44.7,95.6,0.66,high
161,Bhubaneswar-Zone1,26,233.2,43.0,91.6,0.79,high
161,Bhubaneswar-Zone1,27,239.5,39.7,100.0,0.747,high
161,Bhubaneswar-Zone1,28,277.5,41.6,82.4,0.782,high
161,Bhubaneswar-Zone1,29,266.7,44.0,80.0,0.772,medium
161,Bhubaneswar-Zone1,30,288.9,41.6,86.7,0.674,medium
161,Bhubaneswar-Zone1,31,315.4,37.7,94.3,0.788,high
161,Bhubaneswar-Zone1,32,347.5,38.7,80.1,0.612,high
161,Bhubaneswar-Zone1,33,310.4,40.2,84.4,0.733,high
161,Bhubaneswar-Zone1,34,360.4,35.9,81.1,0.837,high
161,Bhubaneswar-Zone1,35,379.1,39.7,78.3,0.647,high
161,Bhubaneswar-Zone1,36,336.6,37.5,77.7,0.863,high
161,Bhubaneswar-Zone1,37,342.3,34.8,76.1,0.733,high
161,Bhubaneswar-Zone1,38,316.9,32.3,111.4,0.747,high
161,Bhubaneswar-Zone1,39,305.7,31.8,166.1,0.76,high
161,Bhubaneswar-Zone1,40,248.4,30.8,169.3,0.757,high
161,Bhubaneswar-Zone1,41,221.0,28.0,179.9,0.739,high
161,Bhubaneswar-Zone1,42,190.3,28.7,179.9,0.52,high
161,Bhubaneswar-Zone1,43,201.3,28.2,167.6,0.839,high
161,Bhubaneswar-Zone1,44,162.7,26.5,180.9,0.688,high
161,Bhubaneswar-Zone1,45,104.4,24.5,193.9,0.634,high
161,Bhubaneswar-Zone1,46,101.0,27.6,195.9,0.802,high
161,Bhubaneswar-Zone1,47,24.5,25.1,193.1,0.816,medium
161,Bhubaneswar-Zone1,48,43.1,26.0,193.1,0.612,medium
161,Bhubaneswar-Zone1,49,36.6,22.9,204.1,0.846,medium
161,Bhubaneswar-Zone1,50,40.1,21.7,205.1,0.58,medium
161,Bhubaneswar-Zone1,51,59.8,22.2,197.9,0.672,high
161,Bhubaneswar-Zone1,52,22.7,20.0,193.0,0.76,medium
162,Puri-Zone1,0,125.9,22.3,186.0,0.72,high
162,Puri-Zone1,1,116.2,22.7,185.0,0.648,high
162,Puri-Zone1,2,77.3,23.1,189.1,0.955,high
162,Puri-Zone1,3,144.2,24.7,182.0,0.834,high
162,Puri-Zone1,4,104.0,23.6,137.7,0.896,high
162,Puri-Zone1,5,75.6,24.8,105.9,0.8,high
162,Puri-Zone1,6,77.2,25.1,109.7,0.866,high
162,Puri-Zone1,7,81.9,25.9,100.3,0.939,high
162,Puri-Zone1,8,105.0,27.3,110.9,0.861,high
162,Puri-Zone1,9,117.3,26.6,105.0,0.955,high
162,Puri-Zone1,10,105.1,29.5,106.1,0.953,high
162,Puri-Zone1,11,92.2,31.1,109.7,0.957,high
162,Puri-Zone1,12,104.3,33.4,109.0,0.925,high
162,Puri-Zone1,13,69.9,32.5,108.0,0.859,high
162,Puri-Zone1,14,132.9,34.1,110.4,0.878,high
162,Puri-Zone1,15,100.4,36.5,110.0,0.639,low
162,Puri-Zone1,16,72.5,36.9,111.0,0.882,high
162,Puri-Zone1,17,94.5,37.0,95.1,0.889,high
162,Puri-Zone1,18,118.3,37.5,115.7,0.756,high
162,Puri-Zone1,19,114.9,40.1,103.0,0.843,high
162,Puri-Zone1,20,113.4,42.0,109.1,1.0,high
162,Puri-Zone1,21,66.8,41.2,111.9,0.95,high
162,Puri-Zone1,22,168.6,42.4,94.4,0.855,high
162,Puri-Zone1,23,169.2,41.7,96.7,0.958,high
162,Puri-Zone1,24,223.9,41.5,88.4,0.94,high
162,Puri-Zone1,25,238.0,42.9,88.3,0.939,high
162,Puri-Zone1,26,282.3,43.3,92.1,0.705,high
162,Puri-Zone1,27,270.7,41.6,90.7,0.901,high
162,Puri-Zone1,28,286.8,41.9,83.1,0.806,high
162,Puri-Zone1,29,340.7,40.4,88.9,0.87,high
162,Puri-Zone1,30,335.2,42.2,81.0,0.918,high
162,Puri-Zone1,31,385.5,40.3,84.7,0.771,high
162,Puri-Zone1,32,385.3,40.4,81.3,0.782,high
162,Puri-Zone1,33,344.1,40.2,81.4,0.896,high
162,Puri-Zone1,34,373.5,39.4,77.7,0.741,high
162,Puri-Zone1,35,389.2,37.7,64.0,0.914,high
162,Puri-Zone1,36,358.5,35.0,76.6,1.0,high
162,Puri-Zone1,37,354.0,35.9,92.4,0.949,high
162,Puri-Zone1,38,315.8,36.3,103.7,1.0,medium
162,Puri-Zone1,39,351.5,35.2,150.6,0.829,high
162,Puri-Zone1,40,291.4,33.1,171.6,0.664,high
162,Puri-Zone1,41,285.5,31.7,169.0,0.83,high
162,Puri-Zone1,42,247.4,27.8,169.7,0.763,high
162,Puri-Zone1,43,246.9,27.8,159.6,0.878,high
162,Puri-Zone1,44,197.4,26.4,181.7,0.76,high
162,Puri-Zone1,45,159.8,23.8,182.3,0.661,high
162,Puri-Zone1,46,101.3,24.8,181.4,0.985,medium
162,Puri-Zone1,47,113.6,24.7,191.0,0.784,high
162,Puri-Zone1,48,105.8,24.6,174.6,0.871,low
162,Puri-Zone1,49,69.5,24.6,191.0,0.758,high
162,Puri-Zone1,50,75.1,24.2,196.6,0.561,high
162,Puri-Zone1,51,109.4,21.1,192.7,0.751,high
162,Puri-Zone1,52,13.9,21.5,190.0,0.892,medium
163,Bhubaneswar-Zone1,0,49.0,21.8,193.4,0.727,medium
163,Bhubaneswar-Zone1,1,77.8,23.1,182.0,0.754,high
163,Bhubaneswar-Zone1,2,27.0,23.8,197.1,0.742,medium
163,Bhubaneswar-Zone1,3,32.5,23.1,193.3,0.782,medium
163,Bhubaneswar-Zone1,4,67.9,25.4,131.0,0.666,high
163,Bhubaneswar-Zone1,5,37.2,24.4,116.6,0.8,medium
163,Bhubaneswar-Zone1,6,45.8,26.3,107.7,0.755,medium
163,Bhubaneswar-Zone1,7,109.5,27.1,101.0,0.655,high
163,Bhubaneswar-Zone1,8,26.4,27.9,123.0,0.838,high
163,Bhubaneswar-Zone1,9,61.9,27.4,112.9,0.85,high
163,Bhubaneswar-Zone1,10,59.1,31.8,121.6,0.601,high
163,Bhubaneswar-Zone1,11,32.6,31.7,106.6,0.838,medium
163,Bhubaneswar-Zone1,12,48.3,31.4,115.1,0.514,medium
163,Bhubaneswar-Zone1,13,55.6,33.5,107.3,0.68,high
163,Bhubaneswar-Zone1,14,37.3,32.8,121.4,0.554,medium
163,Bhubaneswar-Zone1,15,24.6,36.4,111.0,0.738,medium
163,Bhubaneswar-Zone1,16,91.3,37.6,114.3,0.669,high
163,Bhubaneswar-Zone1,17,48.1,39.2,118.1,0.775,low
163,Bhubaneswar-Zone1,18,42.5,39.3,118.9,0.785,medium
163,Bhubaneswar-Zone1,19,77.0,39.9,110.1,0.747,high
163,Bhubaneswar-Zone1,20,47.5,40.4,112.1,0.754,medium
163,Bhubaneswar-Zone1,21,40.6,40.8,113.6,0.923,medium
163,Bhubaneswar-Zone1,22,106.5,43.3,98.6,0.705,high
163,Bhubaneswar-Zone1,23,108.8,39.8,95.1,0.599,high
163,Bhubaneswar-Zone1,24,131.7,42.3,109.6,0.871,high
163,Bhubaneswar-Zone1,25,172.0,44.7,95.6,0.703,high
163,Bhubaneswar-Zone1,26,233.2,43.0,91.6,0.737,high
163,Bhubaneswar-Zone1,27,239.5,39.7,100.0,0.669,high
163,Bhubaneswar-Zone1,28,277.5,41.6,82.4,0.806,high
163,Bhubaneswar-Zone1,29,266.7,44.0,80.0,0.585,high
163,Bhubaneswar-Zone1,30,288.9,41.6,86.7,0.688,high
163,Bhubaneswar-Zone1,31,315.4,37.7,94.3,0.736,high
163,Bhubaneswar-Zone1,32,347.5,38.7,80.1,0.818,high
163,Bhubaneswar-Zone1,33,310.4,40.2,84.4,0.712,high
163,Bhubaneswar-Zone1,34,360.4,35.9,81.1,0.744,high
163,Bhubaneswar-Zone1,35,379.1,39.7,78.3,0.604,medium
163,Bhubaneswar-Zone1,36,336.6,37.5,77.7,0.718,high
163,Bhubaneswar-Zone1,37,342.3,34.8,76.1,0.659,high
163,Bhubaneswar-Zone1,38,316.9,32.3,111.4,0.897,high
163,Bhubaneswar-Zone1,39,305.7,31.8,166.1,0.83,high
163,Bhubaneswar-Zone1,40,248.4,30.8,169.3,0.721,high
163,Bhubaneswar-Zone1,41,221.0,28.0,179.9,0.69,high
163,Bhubaneswar-Zone1,42,190.3,28.7,179.9,0.679,high
163,Bhubaneswar-Zone1,43,201.3,28.2,167.6,0.739,high
163,Bhubaneswar-Zone1,44,162.7,26.5,180.9,0.691,high
163,Bhubaneswar-Zone1,45,104.4,24.5,193.9,0.672,high
163,Bhubaneswar-Zone1,46,101.0,27.6,195.9,0.845,high
163,Bhubaneswar-Zone1,47,24.5,25.1,193.1,0.675,medium
163,Bhubaneswar-Zone1,48,43.1,26.0,193.1,0.574,medium
163,Bhubaneswar-Zone1,49,36.6,22.9,204.1,0.719,medium
163,Bhubaneswar-Zone1,50,40.1,21.7,205.1,0.705,medium
163,Bhubaneswar-Zone1,51,59.8,22.2,197.9,0.75,high
163,Bhubaneswar-Zone1,52,22.7,20.0,193.0,0.676,medium
164,Cuttack-Zone1,0,20.0,23.7,196.3,0.493,medium
164,Cuttack-Zone1,1,53.9,23.0,203.3,0.499,high
164,Cuttack-Zone1,2,39.0,22.9,200.9,0.621,medium
164,Cuttack-Zone1,3,52.1,24.6,189.0,0.624,high
164,Cuttack-Zone1,4,42.3,25.4,151.7,0.573,medium
164,Cuttack-Zone1,5,29.4,25.2,116.0,0.55,medium
164,Cuttack-Zone1,6,33.7,25.9,117.0,0.627,medium
164,Cuttack-Zone1,7,32.3,27.7,117.3,0.519,medium
164,Cuttack-Zone1,8,26.4,27.3,120.7,0.716,medium
164,Cuttack-Zone1,9,18.2,26.7,110.9,0.433,low
164,Cuttack-Zone1,10,12.5,29.6,110.7,0.64,low
164,Cuttack-Zone1,11,14.1,32.2,118.6,0.579,low
164,Cuttack-Zone1,12,53.2,30.8,110.4,0.469,high
164,Cuttack-Zone1,13,45.8,31.3,105.1,0.371,medium
164,Cuttack-Zone1,14,12.8,35.2,118.6,0.645,low
164,Cuttack-Zone1,15,68.1,36.8,115.9,0.452,high
164,Cuttack-Zone1,16,12.1,37.5,111.4,0.677,low
164,Cuttack-Zone1,17,63.9,38.5,104.0,0.486,high
164,Cuttack-Zone1,18,62.2,40.9,113.7,0.57,high
164,Cuttack-Zone1,19,33.3,38.5,111.6,0.556,medium
164,Cuttack-Zone1,20,26.4,39.6,116.0,0.558,medium
164,Cuttack-Zone1,21,31.7,41.9,114.3,0.512,low
164,Cuttack-Zone1,22,62.7,39.8,117.4,0.549,high
164,Cuttack-Zone1,23,79.2,41.7,106.4,0.614,high
164,Cuttack-Zone1,24,159.5,42.0,102.3,0.56,high
164,Cuttack-Zone1,25,246.6,43.2,96.1,0.505,high
164,Cuttack-Zone1,26,198.7,41.4,97.4,0.505,high
164,Cuttack-Zone1,27,282.6,43.4,82.7,0.596,high
164,Cuttack-Zone1,28,235.4,40.8,94.9,0.242,high
164,Cuttack-Zone1,29,238.0,42.0,95.3,0.608,high
164,Cuttack-Zone1,30,288.1,42.8,83.0,0.503,high
164,Cuttack-Zone1,31,263.5,38.7,89.7,0.489,high
164,Cuttack-Zone1,32,334.1,40.7,72.4,0.406,high
164,Cuttack-Zone1,33,337.1,38.6,73.7,0.602,high
164,Cuttack-Zone1,34,302.3,38.0,94.7,0.559,high
164,Cuttack-Zone1,35,285.6,36.6,81.6,0.495,high
164,Cuttack-Zone1,36,313.4,35.3,77.0,0.677,high
164,Cuttack-Zone1,37,325.5,35.0,78.6,0.575,high
164,Cuttack-Zone1,38,264.2,34.8,115.7,0.62,high
164,Cuttack-Zone1,39,271.7,31.9,178.6,0.624,high
164,Cuttack-Zone1,40,247.0,29.6,171.7,0.513,high
164,Cuttack-Zone1,41,190.4,30.8,175.7,0.451,high
164,Cuttack-Zone1,42,184.7,28.1,171.0,0.534,high
164,Cuttack-Zone1,43,185.3,26.9,174.4,0.617,high
164,Cuttack-Zone1,44,119.5,26.5,181.4,0.411,high
164,Cuttack-Zone1,45,144.4,25.5,180.1,0.714,high
164,Cuttack-Zone1,46,76.7,24.8,191.4,0.65,high
164,Cuttack-Zone1,47,22.2,23.5,199.6,0.438,medium
164,Cuttack-Zone1,48,49.5,23.0,193.1,0.772,medium
164,Cuttack-Zone1,49,56.2,22.8,188.0,0.647,high
164,Cuttack-Zone1,50,55.0,22.8,190.0,0.59,high
164,Cuttack-Zone1,51,44.3,24.1,197.1,0.661,medium
164,Cuttack-Zone1,52,0.9,17.3,221.0,0.674,medium
165,Bhubaneswar-Zone2,0,108.4,21.1,189.9,0.796,high
165,Bhubaneswar-Zone2,1,66.7,23.3,193.3,0.838,high
165,Bhubaneswar-Zone2,2,91.1,21.0,196.0,0.646,high
165,Bhubaneswar-Zone2,3,88.0,23.2,190.6,0.828,high
165,Bhubaneswar-Zone2,4,72.7,23.2,136.9,0.833,high
165,Bhubaneswar-Zone2,5,70.9,23.7,114.6,0.727,high
165,Bhubaneswar-Zone2,6,57.1,25.3,117.9,0.698,high
165,Bhubaneswar-Zone2,7,97.0,27.2,108.0,0.672,high
165,Bhubaneswar-Zone2,8,46.4,29.7,118.6,0.713,medium
165,Bhubaneswar-Zone2,9,41.6,29.3,109.4,0.662,medium
165,Bhubaneswar-Zone2,10,89.7,31.0,125.9,0.657,high
165,Bhubaneswar-Zone2,11,48.2,31.0,113.4,0.533,medium
165,Bhubaneswar-Zone2,12,51.8,32.7,113.7,0.768,high
165,Bhubaneswar-Zone2,13,128.9,34.8,95.1,0.568,high
165,Bhubaneswar-Zone2,14,48.1,34.4,114.6,0.489,medium
165,Bhubaneswar-Zone2,15,83.4,36.8,106.0,0.559,high
165,Bhubaneswar-Zone2,16,85.1,37.7,110.0,0.51,high
165,Bhubaneswar-Zone2,17,79.0,37.4,102.9,0.881,high
165,Bhubaneswar-Zone2,18,104.4,39.9,105.0,0.647,high
165,Bhubaneswar-Zone2,19,111.3,41.9,103.0,0.822,low
165,Bhubaneswar-Zone2,20,72.2,41.6,115.3,0.627,high
165,Bhubaneswar-Zone2,21,49.8,41.0,114.1,0.69,medium
165,Bhubaneswar-Zone2,22,74.5,40.8,103.9,0.383,high
165,Bhubaneswar-Zone2,23,135.2,42.9,108.3,0.481,high
165,Bhubaneswar-Zone2,24,142.8,45.0,110.1,0.694,high
165,Bhubaneswar-Zone2,25,213.2,44.1,96.4,0.827,high
165,Bhubaneswar-Zone2,26,244.8,41.9,89.4,0.72,high
165,Bhubaneswar-Zone2,27,229.8,42.9,94.4,0.782,high
165,Bhubaneswar-Zone2,28,257.8,43.2,89.7,0.603,high
165,Bhubaneswar-Zone2,29,279.6,42.9,86.7,0.627,high
165,Bhubaneswar-Zone2,30,323.3,39.3,86.4,0.783,high
165,Bhubaneswar-Zone2,31,349.4,41.3,75.7,0.833,high
165,Bhubaneswar-Zone2,32,343.1,39.3,87.0,0.704,medium
165,Bhubaneswar-Zone2,33,339.2,37.7,72.0,0.681,high
165,Bhubaneswar-Zone2,34,333.2,38.6,85.4,0.81,high
165,Bhubaneswar-Zone2,35,359.8,35.4,79.1,0.661,low
165,Bhubaneswar-Zone2,36,362.9,35.0,81.6,0.788,high
165,Bhubaneswar-Zone2,37,299.2,34.3,85.6,0.634,high
165,Bhubaneswar-Zone2,38,297.3,31.5,112.0,0.859,high
165,Bhubaneswar-Zone2,39,298.5,33.3,172.7,0.659,high
165,Bhubaneswar-Zone2,40,306.6,31.3,161.4,0.659,low
165,Bhubaneswar-Zone2,41,250.9,30.8,175.1,0.606,high
165,Bhubaneswar-Zone2,42,222.5,32.6,174.1,0.566,high
165,Bhubaneswar-Zone2,43,240.7,28.6,180.7,0.463,high
165,Bhubaneswar-Zone2,44,170.7,25.8,181.1,0.525,high
165,Bhubaneswar-Zone2,45,115.2,27.1,179.3,0.682,high
165,Bhubaneswar-Zone2,46,103.4,24.2,181.1,0.784,high
165,Bhubaneswar-Zone2,47,123.4,26.9,181.4,0.865,high
165,Bhubaneswar-Zone2,48,92.9,23.7,190.6,0.656,high
165,Bhubaneswar-Zone2,49,71.1,23.2,195.3,0.667,high
165,Bhubaneswar-Zone2,50,89.6,23.4,189.3,0.737,high
165,Bhubaneswar-Zone2,51,31.0,23.1,195.4,0.664,medium
165,Bhubaneswar-Zone2,52,3.2,17.6,200.0,0.703,medium
166,Rourkela-Zone1,0,12.7,20.9,190.6,0.844,medium
166,Rourkela-Zone1,1,24.9,24.0,193.9,0.909,high
166,Rourkela-Zone1,2,6.9,24.0,196.0,0.609,medium
166,Rourkela-Zone1,3,44.1,25.1,186.7,0.842,medium
166,Rourkela-Zone1,4,25.7,23.1,141.1,0.897,medium
166,Rourkela-Zone1,5,45.3,27.0,116.6,0.799,medium
166,Rourkela-Zone1,6,0.0,24.7,122.1,0.947,low
166,Rourkela-Zone1,7,13.6,28.2,101.6,0.771,low
166,Rourkela-Zone1,8,7.1,26.4,113.0,0.838,low
166,Rourkela-Zone1,9,42.5,29.2,118.1,0.914,medium
166,Rourkela-Zone1,10,4.4,32.2,114.0,0.714,low
166,Rourkela-Zone1,11,21.1,29.6,108.3,0.924,medium
166,Rourkela-Zone1,12,12.7,32.3,114.6,0.691,low
166,Rourkela-Zone1,13,30.3,35.3,104.7,0.797,medium
166,Rourkela-Zone1,14,11.6,36.0,119.1,0.834,low
166,Rourkela-Zone1,15,0.0,34.6,119.1,0.895,low
166,Rourkela-Zone1,16,8.5,36.6,116.0,0.829,low
166,Rourkela-Zone1,17,2.9,37.9,125.0,0.815,low
166,Rourkela-Zone1,18,19.5,39.1,114.0,0.698,medium
166,Rourkela-Zone1,19,16.4,41.1,111.6,0.809,medium
166,Rourkela-Zone1,20,59.8,40.2,117.1,0.79,high
166,Rourkela-Zone1,21,36.3,41.2,110.7,0.963,medium
166,Rourkela-Zone1,22,21.3,42.3,109.7,0.802,medium
166,Rourkela-Zone1,23,88.1,42.9,109.4,0.797,high
166,Rourkela-Zone1,24,118.1,43.9,107.7,0.923,high
166,Rourkela-Zone1,25,149.8,44.2,108.3,0.777,high
166,Rourkela-Zone1,26,149.3,42.9,99.3,0.661,high
166,Rourkela-Zone1,27,175.4,44.7,100.0,0.687,high
166,Rourkela-Zone1,28,191.7,40.9,96.9,0.857,high
166,Rourkela-Zone1,29,211.7,41.6,103.4,0.703,high
166,Rourkela-Zone1,30,223.5,41.2,94.6,0.728,high
166,Rourkela-Zone1,31,270.0,41.9,88.4,0.761,high
166,Rourkela-Zone1,32,262.3,41.3,93.0,0.679,high
166,Rourkela-Zone1,33,289.2,40.8,84.9,0.715,high
166,Rourkela-Zone1,34,271.3,38.8,90.9,1.0,high
166,Rourkela-Zone1,35,261.5,36.1,95.7,0.737,high
166,Rourkela-Zone1,36,265.7,34.2,99.6,0.961,high
166,Rourkela-Zone1,37,245.6,34.5,96.6,0.738,high
166,Rourkela-Zone1,38,252.5,34.9,100.7,0.727,high
166,Rourkela-Zone1,39,202.9,31.1,174.0,0.969,high
166,Rourkela-Zone1,40,262.6,29.5,162.4,0.668,high
166,Rourkela-Zone1,41,179.5,28.6,172.4,0.821,high
166,Rourkela-Zone1,42,143.8,27.3,183.1,0.698,high
166,Rourkela-Zone1,43,129.1,29.7,188.0,0.781,high
166,Rourkela-Zone1,44,104.7,25.8,177.6,0.656,high
166,Rourkela-Zone1,45,34.6,25.1,195.7,0.805,medium
166,Rourkela-Zone1,46,27.1,26.8,203.0,0.685,medium
166,Rourkela-Zone1,47,19.4,24.2,203.7,0.805,medium
166,Rourkela-Zone1,48,4.4,22.9,196.4,0.838,medium
166,Rourkela-Zone1,49,16.7,23.5,195.4,0.831,medium
166,Rourkela-Zone1,50,18.1,22.1,190.4,0.864,medium
166,Rourkela-Zone1,51,19.9,26.5,201.4,0.839,medium
166,Rourkela-Zone1,52,0.0,16.7,201.0,0.683,high
167,Cuttack-Zone1,0,20.0,23.7,196.3,0.819,medium
167,Cuttack-Zone1,1,53.9,23.0,203.3,0.914,high
167,Cuttack-Zone1,2,39.0,22.9,200.9,0.726,medium
167,Cuttack-Zone1,3,52.1,24.6,189.0,0.699,low
167,Cuttack-Zone1,4,42.3,25.4,151.7,0.931,medium
167,Cuttack-Zone1,5,29.4,25.2,116.0,0.705,medium
167,Cuttack-Zone1,6,33.7,25.9,117.0,0.624,medium
167,Cuttack-Zone1,7,32.3,27.7,117.3,0.761,medium
167,Cuttack-Zone1,8,26.4,27.3,120.7,0.95,medium
167,Cuttack-Zone1,9,18.2,26.7,110.9,0.766,low
167,Cuttack-Zone1,10,12.5,29.6,110.7,0.578,high
167,Cuttack-Zone1,11,14.1,32.2,118.6,0.929,low
167,Cuttack-Zone1,12,53.2,30.8,110.4,0.758,high
167,Cuttack-Zone1,13,45.8,31.3,105.1,0.825,medium
167,Cuttack-Zone1,14,12.8,35.2,118.6,0.933,low
167,Cuttack-Zone1,15,68.1,36.8,115.9,0.809,high
167,Cuttack-Zone1,16,12.1,37.5,111.4,0.857,low
167,Cuttack-Zone1,17,63.9,38.5,104.0,0.81,high
167,Cuttack-Zone1,18,62.2,40.9,113.7,0.809,high
167,Cuttack-Zone1,19,33.3,38.5,111.6,0.93,medium
167,Cuttack-Zone1,20,26.4,39.6,116.0,0.778,medium
167,Cuttack-Zone1,21,31.7,41.9,114.3,0.648,medium
167,Cuttack-Zone1,22,62.7,39.8,117.4,0.908,high
167,Cuttack-Zone1,23,79.2,41.7,106.4,1.0,high
167,Cuttack-Zone1,24,159.5,42.0,102.3,0.818,high
167,Cuttack-Zone1,25,246.6,43.2,96.1,0.666,high
167,Cuttack-Zone1,26,198.7,41.4,97.4,0.77,high
167,Cuttack-Zone1,27,282.6,43.4,82.7,0.848,high
167,Cuttack-Zone1,28,235.4,40.8,94.9,0.754,high
167,Cuttack-Zone1,29,238.0,42.0,95.3,0.903,high
167,Cuttack-Zone1,30,288.1,42.8,83.0,0.888,high
167,Cuttack-Zone1,31,263.5,38.7,89.7,1.0,high
167,Cuttack-Zone1,32,334.1,40.7,72.4,0.912,high
167,Cuttack-Zone1,33,337.1,38.6,73.7,1.0,high
167,Cuttack-Zone1,34,302.3,38.0,94.7,0.931,high
167,Cuttack-Zone1,35,285.6,36.6,81.6,0.671,high
167,Cuttack-Zone1,36,313.4,35.3,77.0,0.906,high
167,Cuttack-Zone1,37,325.5,35.0,78.6,0.979,high
167,Cuttack-Zone1,38,264.2,34.8,115.7,0.638,high
167,Cuttack-Zone1,39,271.7,31.9,178.6,0.976,high
167,Cuttack-Zone1,40,247.0,29.6,171.7,0.837,high
167,Cuttack-Zone1,41,190.4,30.8,175.7,0.916,high
167,Cuttack-Zone1,42,184.7,28.1,171.0,0.889,high
167,Cuttack-Zone1,43,185.3,26.9,174.4,0.844,high
167,Cuttack-Zone1,44,119.5,26.5,181.4,0.967,high
167,Cuttack-Zone1,45,144.4,25.5,180.1,0.893,high
167,Cuttack-Zone1,46,76.7,24.8,191.4,0.778,high
167,Cuttack-Zone1,47,22.2,23.5,199.6,0.797,medium
167,Cuttack-Zone1,48,49.5,23.0,193.1,0.92,medium
167,Cuttack-Zone1,49,56.2,22.8,188.0,0.771,high
167,Cuttack-Zone1,50,55.0,22.8,190.0,0.988,high
167,Cuttack-Zone1,51,44.3,24.1,197.1,0.756,medium
167,Cuttack-Zone1,52,0.9,17.3,221.0,1.0,medium
168,Bhubaneswar-Zone1,0,49.0,21.8,193.4,0.846,medium
168,Bhubaneswar-Zone1,1,77.8,23.1,182.0,0.812,high
168,Bhubaneswar-Zone1,2,27.0,23.8,197.1,1.0,medium
168,Bhubaneswar-Zone1,3,32.5,23.1,193.3,0.729,medium
168,Bhubaneswar-Zone1,4,67.9,25.4,131.0,0.916,high
168,Bhubaneswar-Zone1,5,37.2,24.4,116.6,1.0,medium
168,Bhubaneswar-Zone1,6,45.8,26.3,107.7,0.774,medium
168,Bhubaneswar-Zone1,7,109.5,27.1,101.0,0.811,high
168,Bhubaneswar-Zone1,8,26.4,27.9,123.0,0.779,medium
168,Bhubaneswar-Zone1,9,61.9,27.4,112.9,0.69,high
168,Bhubaneswar-Zone1,10,59.1,31.8,121.6,0.781,high
168,Bhubaneswar-Zone1,11,32.6,31.7,106.6,0.902,medium
168,Bhubaneswar-Zone1,12,48.3,31.4,115.1,0.686,low
168,Bhubaneswar-Zone1,13,55.6,33.5,107.3,0.893,high
168,Bhubaneswar-Zone1,14,37.3,32.8,121.4,0.778,medium
168,Bhubaneswar-Zone1,15,24.6,36.4,111.0,0.779,medium
168,Bhubaneswar-Zone1,16,91.3,37.6,114.3,0.887,medium
168,Bhubaneswar-Zone1,17,48.1,39.2,118.1,0.666,medium
168,Bhubaneswar-Zone1,18,42.5,39.3,118.9,0.951,medium
168,Bhubaneswar-Zone1,19,77.0,39.9,110.1,0.854,high
168,Bhubaneswar-Zone1,20,47.5,40.4,112.1,0.772,medium
168,Bhubaneswar-Zone1,21,40.6,40.8,113.6,1.0,medium
168,Bhubaneswar-Zone1,22,106.5,43.3,98.6,0.822,low
168,Bhubaneswar-Zone1,23,108.8,39.8,95.1,0.912,high
168,Bhubaneswar-Zone1,24,131.7,42.3,109.6,0.863,high
168,Bhubaneswar-Zone1,25,172.0,44.7,95.6,0.776,high
168,Bhubaneswar-Zone1,26,233.2,43.0,91.6,0.684,high
168,Bhubaneswar-Zone1,27,239.5,39.7,100.0,0.788,high
168,Bhubaneswar-Zone1,28,277.5,41.6,82.4,0.866,high
168,Bhubaneswar-Zone1,29,266.7,44.0,80.0,0.704,high
168,Bhubaneswar-Zone1,30,288.9,41.6,86.7,0.457,high
168,Bhubaneswar-Zone1,31,315.4,37.7,94.3,0.956,high
168,Bhubaneswar-Zone1,32,347.5,38.7,80.1,0.903,high
168,Bhubaneswar-Zone1,33,310.4,40.2,84.4,0.79,high
168,Bhubaneswar-Zone1,34,360.4,35.9,81.1,0.746,high
168,Bhubaneswar-Zone1,35,379.1,39.7,78.3,0.72,high
168,Bhubaneswar-Zone1,36,336.6,37.5,77.7,0.711,high
168,Bhubaneswar-Zone1,37,342.3,34.8,76.1,0.786,high
168,Bhubaneswar-Zone1,38,316.9,32.3,111.4,0.815,low
168,Bhubaneswar-Zone1,39,305.7,31.8,166.1,0.813,high
168,Bhubaneswar-Zone1,40,248.4,30.8,169.3,0.83,high
168,Bhubaneswar-Zone1,41,221.0,28.0,179.9,0.905,high
168,Bhubaneswar-Zone1,42,190.3,28.7,179.9,0.873,medium
168,Bhubaneswar-Zone1,43,201.3,28.2,167.6,1.0,high
168,Bhubaneswar-Zone1,44,162.7,26.5,180.9,0.813,high
168,Bhubaneswar-Zone1,45,104.4,24.5,193.9,0.827,high
168,Bhubaneswar-Zone1,46,101.0,27.6,195.9,0.779,high
168,Bhubaneswar-Zone1,47,24.5,25.1,193.1,1.0,medium
168,Bhubaneswar-Zone1,48,43.1,26.0,193.1,0.687,medium
168,Bhubaneswar-Zone1,49,36.6,22.9,204.1,0.694,medium
168,Bhubaneswar-Zone1,50,40.1,21.7,205.1,0.983,medium
168,Bhubaneswar-Zone1,51,59.8,22.2,197.9,0.623,high
168,Bhubaneswar-Zone1,52,22.7,20.0,193.0,0.911,medium
169,Rourkela-Zone1,0,12.7,20.9,190.6,0.857,medium
169,Rourkela-Zone1,1,24.9,24.0,193.9,0.995,medium
169,Rourkela-Zone1,2,6.9,24.0,196.0,0.774,medium
169,Rourkela-Zone1,3,44.1,25.1,186.7,0.957,medium
169,Rourkela-Zone1,4,25.7,23.1,141.1,0.895,medium
169,Rourkela-Zone1,5,45.3,27.0,116.6,1.0,medium
169,Rourkela-Zone1,6,0.0,24.7,122.1,0.834,low
169,Rourkela-Zone1,7,13.6,28.2,101.6,0.939,low
169,Rourkela-Zone1,8,7.1,26.4,113.0,0.812,low
169,Rourkela-Zone1,9,42.5,29.2,118.1,0.794,high
169,Rourkela-Zone1,10,4.4,32.2,114.0,1.0,low
169,Rourkela-Zone1,11,21.1,29.6,108.3,0.973,medium
169,Rourkela-Zone1,12,12.7,32.3,114.6,0.958,low
169,Rourkela-Zone1,13,30.3,35.3,104.7,0.814,medium
169,Rourkela-Zone1,14,11.6,36.0,119.1,0.847,low
169,Rourkela-Zone1,15,0.0,34.6,119.1,0.977,low
169,Rourkela-Zone1,16,8.5,36.6,116.0,0.821,low
169,Rourkela-Zone1,17,2.9,37.9,125.0,0.928,low
169,Rourkela-Zone1,18,19.5,39.1,114.0,0.897,medium
169,Rourkela-Zone1,19,16.4,41.1,111.6,1.0,medium
169,Rourkela-Zone1,20,59.8,40.2,117.1,0.986,high
169,Rourkela-Zone1,21,36.3,41.2,110.7,0.99,medium
169,Rourkela-Zone1,22,21.3,42.3,109.7,0.88,medium
169,Rourkela-Zone1,23,88.1,42.9,109.4,0.991,high
169,Rourkela-Zone1,24,118.1,43.9,107.7,0.961,high
169,Rourkela-Zone1,25,149.8,44.2,108.3,0.84,high
169,Rourkela-Zone1,26,149.3,42.9,99.3,0.741,high
169,Rourkela-Zone1,27,175.4,44.7,100.0,0.889,high
169,Rourkela-Zone1,28,191.7,40.9,96.9,1.0,high
169,Rourkela-Zone1,29,211.7,41.6,103.4,0.86,high
169,Rourkela-Zone1,30,223.5,41.2,94.6,0.974,high
169,Rourkela-Zone1,31,270.0,41.9,88.4,0.913,high
169,Rourkela-Zone1,32,262.3,41.3,93.0,1.0,high
169,Rourkela-Zone1,33,289.2,40.8,84.9,0.854,high
169,Rourkela-Zone1,34,271.3,38.8,90.9,0.989,high
169,Rourkela-Zone1,35,261.5,36.1,95.7,0.889,high
169,Rourkela-Zone1,36,265.7,34.2,99.6,0.866,high
169,Rourkela-Zone1,37,245.6,34.5,96.6,0.941,high
169,Rourkela-Zone1,38,252.5,34.9,100.7,0.863,high
169,Rourkela-Zone1,39,202.9,31.1,174.0,0.853,high
169,Rourkela-Zone1,40,262.6,29.5,162.4,0.975,high
169,Rourkela-Zone1,41,179.5,28.6,172.4,1.0,high
169,Rourkela-Zone1,42,143.8,27.3,183.1,1.0,high
169,Rourkela-Zone1,43,129.1,29.7,188.0,0.971,high
169,Rourkela-Zone1,44,104.7,25.8,177.6,0.945,high
169,Rourkela-Zone1,45,34.6,25.1,195.7,0.945,medium
169,Rourkela-Zone1,46,27.1,26.8,203.0,0.932,medium
169,Rourkela-Zone1,47,19.4,24.2,203.7,0.791,medium
169,Rourkela-Zone1,48,4.4,22.9,196.4,1.0,medium
169,Rourkela-Zone1,49,16.7,23.5,195.4,1.0,medium
169,Rourkela-Zone1,50,18.1,22.1,190.4,0.688,medium
169,Rourkela-Zone1,51,19.9,26.5,201.4,0.927,medium
169,Rourkela-Zone1,52,0.0,16.7,201.0,1.0,medium
170,Bhubaneswar-Zone1,0,49.0,21.8,193.4,1.0,medium
170,Bhubaneswar-Zone1,1,77.8,23.1,182.0,0.941,low
170,Bhubaneswar-Zone1,2,27.0,23.8,197.1,1.0,medium
170,Bhubaneswar-Zone1,3,32.5,23.1,193.3,0.979,medium
170,Bhubaneswar-Zone1,4,67.9,25.4,131.0,0.794,high
170,Bhubaneswar-Zone1,5,37.2,24.4,116.6,0.91,medium
170,Bhubaneswar-Zone1,6,45.8,26.3,107.7,0.821,medium
170,Bhubaneswar-Zone1,7,109.5,27.1,101.0,1.0,high
170,Bhubaneswar-Zone1,8,26.4,27.9,123.0,0.921,medium
170,Bhubaneswar-Zone1,9,61.9,27.4,112.9,1.0,high
170,Bhubaneswar-Zone1,10,59.1,31.8,121.6,0.923,high
170,Bhubaneswar-Zone1,11,32.6,31.7,106.6,0.962,medium
170,Bhubaneswar-Zone1,12,48.3,31.4,115.1,0.825,medium
170,Bhubaneswar-Zone1,13,55.6,33.5,107.3,1.0,high
170,Bhubaneswar-Zone1,14,37.3,32.8,121.4,0.946,medium
170,Bhubaneswar-Zone1,15,24.6,36.4,111.0,0.987,medium
170,Bhubaneswar-Zone1,16,91.3,37.6,114.3,0.95,medium
170,Bhubaneswar-Zone1,17,48.1,39.2,118.1,0.794,medium
170,Bhubaneswar-Zone1,18,42.5,39.3,118.9,0.925,medium
170,Bhubaneswar-Zone1,19,77.0,39.9,110.1,0.797,high
170,Bhubaneswar-Zone1,20,47.5,40.4,112.1,0.924,medium
170,Bhubaneswar-Zone1,21,40.6,40.8,113.6,0.898,medium
170,Bhubaneswar-Zone1,22,106.5,43.3,98.6,0.983,high
170,Bhubaneswar-Zone1,23,108.8,39.8,95.1,0.783,high
170,Bhubaneswar-Zone1,24,131.7,42.3,109.6,0.748,high
170,Bhubaneswar-Zone1,25,172.0,44.7,95.6,1.0,high
170,Bhubaneswar-Zone1,26,233.2,43.0,91.6,1.0,high
170,Bhubaneswar-Zone1,27,239.5,39.7,100.0,0.802,high
170,Bhubaneswar-Zone1,28,277.5,41.6,82.4,0.822,high
170,Bhubaneswar-Zone1,29,266.7,44.0,80.0,0.982,high
170,Bhubaneswar-Zone1,30,288.9,41.6,86.7,0.944,high
170,Bhubaneswar-Zone1,31,315.4,37.7,94.3,1.0,medium
170,Bhubaneswar-Zone1,32,347.5,38.7,80.1,0.887,high
170,Bhubaneswar-Zone1,33,310.4,40.2,84.4,0.986,high
170,Bhubaneswar-Zone1,34,360.4,35.9,81.1,1.0,high
170,Bhubaneswar-Zone1,35,379.1,39.7,78.3,0.762,high
170,Bhubaneswar-Zone1,36,336.6,37.5,77.7,1.0,high
170,Bhubaneswar-Zone1,37,342.3,34.8,76.1,0.859,high
170,Bhubaneswar-Zone1,38,316.9,32.3,111.4,0.869,high
170,Bhubaneswar-Zone1,39,305.7,31.8,166.1,0.819,high
170,Bhubaneswar-Zone1,40,248.4,30.8,169.3,0.907,high
170,Bhubaneswar-Zone1,41,221.0,28.0,179.9,0.845,high
170,Bhubaneswar-Zone1,42,190.3,28.7,179.9,1.0,low
170,Bhubaneswar-Zone1,43,201.3,28.2,167.6,0.817,high
170,Bhubaneswar-Zone1,44,162.7,26.5,180.9,1.0,high
170,Bhubaneswar-Zone1,45,104.4,24.5,193.9,0.869,high
170,Bhubaneswar-Zone1,46,101.0,27.6,195.9,0.966,high
170,Bhubaneswar-Zone1,47,24.5,25.1,193.1,0.94,medium
170,Bhubaneswar-Zone1,48,43.1,26.0,193.1,0.745,medium
170,Bhubaneswar-Zone1,49,36.6,22.9,204.1,1.0,medium
170,Bhubaneswar-Zone1,50,40.1,21.7,205.1,1.0,medium
170,Bhubaneswar-Zone1,51,59.8,22.2,197.9,0.828,high
170,Bhubaneswar-Zone1,52,22.7,20.0,193.0,0.979,medium
171,Bhubaneswar-Zone1,0,49.0,21.8,193.4,0.697,medium
171,Bhubaneswar-Zone1,1,77.8,23.1,182.0,0.721,high
171,Bhubaneswar-Zone1,2,27.0,23.8,197.1,0.823,medium
171,Bhubaneswar-Zone1,3,32.5,23.1,193.3,0.89,medium
171,Bhubaneswar-Zone1,4,67.9,25.4,131.0,0.715,high
171,Bhubaneswar-Zone1,5,37.2,24.4,116.6,0.767,medium
171,Bhubaneswar-Zone1,6,45.8,26.3,107.7,0.785,high
171,Bhubaneswar-Zone1,7,109.5,27.1,101.0,0.804,low
171,Bhubaneswar-Zone1,8,26.4,27.9,123.0,0.713,medium
171,Bhubaneswar-Zone1,9,61.9,27.4,112.9,0.833,high
171,Bhubaneswar-Zone1,10,59.1,31.8,121.6,0.523,high
171,Bhubaneswar-Zone1,11,32.6,31.7,106.6,0.652,medium
171,Bhubaneswar-Zone1,12,48.3,31.4,115.1,0.659,medium
171,Bhubaneswar-Zone1,13,55.6,33.5,107.3,0.718,high
171,Bhubaneswar-Zone1,14,37.3,32.8,121.4,0.709,medium
171,Bhubaneswar-Zone1,15,24.6,36.4,111.0,0.87,medium
171,Bhubaneswar-Zone1,16,91.3,37.6,114.3,0.555,high
171,Bhubaneswar-Zone1,17,48.1,39.2,118.1,0.858,medium
171,Bhubaneswar-Zone1,18,42.5,39.3,118.9,0.632,medium
171,Bhubaneswar-Zone1,19,77.0,39.9,110.1,0.707,high
171,Bhubaneswar-Zone1,20,47.5,40.4,112.1,0.681,medium
171,Bhubaneswar-Zone1,21,40.6,40.8,113.6,0.718,medium
171,Bhubaneswar-Zone1,22,106.5,43.3,98.6,0.611,high
171,Bhubaneswar-Zone1,23,108.8,39.8,95.1,0.737,high
171,Bhubaneswar-Zone1,24,131.7,42.3,109.6,0.687,medium
171,Bhubaneswar-Zone1,25,172.0,44.7,95.6,0.69,high
171,Bhubaneswar-Zone1,26,233.2,43.0,91.6,0.873,high
171,Bhubaneswar-Zone1,27,239.5,39.7,100.0,0.701,high
171,Bhubaneswar-Zone1,28,277.5,41.6,82.4,0.777,high
171,Bhubaneswar-Zone1,29,266.7,44.0,80.0,0.744,high
171,Bhubaneswar-Zone1,30,288.9,41.6,86.7,0.74,high
171,Bhubaneswar-Zone1,31,315.4,37.7,94.3,0.765,high
171,Bhubaneswar-Zone1,32,347.5,38.7,80.1,0.751,high
171,Bhubaneswar-Zone1,33,310.4,40.2,84.4,0.737,high
171,Bhubaneswar-Zone1,34,360.4,35.9,81.1,0.798,high
171,Bhubaneswar-Zone1,35,379.1,39.7,78.3,0.569,high
171,Bhubaneswar-Zone1,36,336.6,37.5,77.7,0.516,high
171,Bhubaneswar-Zone1,37,342.3,34.8,76.1,0.827,high
171,Bhubaneswar-Zone1,38,316.9,32.3,111.4,0.693,high
171,Bhubaneswar-Zone1,39,305.7,31.8,166.1,0.887,high
171,Bhubaneswar-Zone1,40,248.4,30.8,169.3,0.7,high
171,Bhubaneswar-Zone1,41,221.0,28.0,179.9,0.703,high
171,Bhubaneswar-Zone1,42,190.3,28.7,179.9,0.683,high
171,Bhubaneswar-Zone1,43,201.3,28.2,167.6,0.809,high
171,Bhubaneswar-Zone1,44,162.7,26.5,180.9,0.598,high
171,Bhubaneswar-Zone1,45,104.4,24.5,193.9,0.672,high
171,Bhubaneswar-Zone1,46,101.0,27.6,195.9,0.89,high
171,Bhubaneswar-Zone1,47,24.5,25.1,193.1,0.721,high
171,Bhubaneswar-Zone1,48,43.1,26.0,193.1,0.821,medium
171,Bhubaneswar-Zone1,49,36.6,22.9,204.1,0.929,medium
171,Bhubaneswar-Zone1,50,40.1,21.7,205.1,0.75,medium
171,Bhubaneswar-Zone1,51,59.8,22.2,197.9,0.545,high
171,Bhubaneswar-Zone1,52,22.7,20.0,193.0,0.734,medium
172,Bhubaneswar-Zone2,0,108.4,21.1,189.9,0.426,high
172,Bhubaneswar-Zone2,1,66.7,23.3,193.3,0.53,high
172,Bhubaneswar-Zone2,2,91.1,21.0,196.0,0.758,high
172,Bhubaneswar-Zone2,3,88.0,23.2,190.6,0.501,high
172,Bhubaneswar-Zone2,4,72.7,23.2,136.9,0.639,high
172,Bhubaneswar-Zone2,5,70.9,23.7,114.6,0.55,high
172,Bhubaneswar-Zone2,6,57.1,25.3,117.9,0.697,high
172,Bhubaneswar-Zone2,7,97.0,27.2,108.0,0.605,high
172,Bhubaneswar-Zone2,8,46.4,29.7,118.6,0.653,medium
172,Bhubaneswar-Zone2,9,41.6,29.3,109.4,0.585,medium
172,Bhubaneswar-Zone2,10,89.7,31.0,125.9,0.499,high
172,Bhubaneswar-Zone2,11,48.2,31.0,113.4,0.683,medium
172,Bhubaneswar-Zone2,12,51.8,32.7,113.7,0.573,low
172,Bhubaneswar-Zone2,13,128.9,34.8,95.1,0.505,high
172,Bhubaneswar-Zone2,14,48.1,34.4,114.6,0.505,medium
172,Bhubaneswar-Zone2,15,83.4,36.8,106.0,0.498,high
172,Bhubaneswar-Zone2,16,85.1,37.7,110.0,0.428,high
172,Bhubaneswar-Zone2,17,79.0,37.4,102.9,0.562,high
172,Bhubaneswar-Zone2,18,104.4,39.9,105.0,0.722,medium
172,Bhubaneswar-Zone2,19,111.3,41.9,103.0,0.596,high
172,Bhubaneswar-Zone2,20,72.2,41.6,115.3,0.829,high
172,Bhubaneswar-Zone2,21,49.8,41.0,114.1,0.624,medium
172,Bhubaneswar-Zone2,22,74.5,40.8,103.9,0.47,high
172,Bhubaneswar-Zone2,23,135.2,42.9,108.3,0.489,high
172,Bhubaneswar-Zone2,24,142.8,45.0,110.1,0.704,high
172,Bhubaneswar-Zone2,25,213.2,44.1,96.4,0.576,high
172,Bhubaneswar-Zone2,26,244.8,41.9,89.4,0.53,high
172,Bhubaneswar-Zone2,27,229.8,42.9,94.4,0.444,high
172,Bhubaneswar-Zone2,28,257.8,43.2,89.7,0.657,high
172,Bhubaneswar-Zone2,29,279.6,42.9,86.7,0.641,high
172,Bhubaneswar-Zone2,30,323.3,39.3,86.4,0.657,high
172,Bhubaneswar-Zone2,31,349.4,41.3,75.7,0.643,high
172,Bhubaneswar-Zone2,32,343.1,39.3,87.0,0.564,high
172,Bhubaneswar-Zone2,33,339.2,37.7,72.0,0.746,high
172,Bhubaneswar-Zone2,34,333.2,38.6,85.4,0.602,medium
172,Bhubaneswar-Zone2,35,359.8,35.4,79.1,0.681,high
172,Bhubaneswar-Zone2,36,362.9,35.0,81.6,0.584,high
172,Bhubaneswar-Zone2,37,299.2,34.3,85.6,0.613,high
172,Bhubaneswar-Zone2,38,297.3,31.5,112.0,0.593,high
172,Bhubaneswar-Zone2,39,298.5,33.3,172.7,0.562,high
172,Bhubaneswar-Zone2,40,306.6,31.3,161.4,0.581,high
172,Bhubaneswar-Zone2,41,250.9,30.8,175.1,0.47,high
172,Bhubaneswar-Zone2,42,222.5,32.6,174.1,0.618,high
172,Bhubaneswar-Zone2,43,240.7,28.6,180.7,0.489,high
172,Bhubaneswar-Zone2,44,170.7,25.8,181.1,0.376,high
172,Bhubaneswar-Zone2,45,115.2,27.1,179.3,0.45,high
172,Bhubaneswar-Zone2,46,103.4,24.2,181.1,0.638,high
172,Bhubaneswar-Zone2,47,123.4,26.9,181.4,0.711,high
172,Bhubaneswar-Zone2,48,92.9,23.7,190.6,0.714,high
172,Bhubaneswar-Zone2,49,71.1,23.2,195.3,0.495,high
172,Bhubaneswar-Zone2,50,89.6,23.4,189.3,0.53,high
172,Bhubaneswar-Zone2,51,31.0,23.1,195.4,0.507,medium
172,Bhubaneswar-Zone2,52,3.2,17.6,200.0,0.547,medium
173,Rourkela-Zone1,0,12.7,20.9,190.6,0.764,medium
173,Rourkela-Zone1,1,24.9,24.0,193.9,0.841,medium
173,Rourkela-Zone1,2,6.9,24.0,196.0,0.912,medium
173,Rourkela-Zone1,3,44.1,25.1,186.7,0.983,medium
173,Rourkela-Zone1,4,25.7,23.1,141.1,0.92,medium
173,Rourkela-Zone1,5,45.3,27.0,116.6,0.869,medium
173,Rourkela-Zone1,6,0.0,24.7,122.1,0.796,low
173,Rourkela-Zone1,7,13.6,28.2,101.6,0.989,low
173,Rourkela-Zone1,8,7.1,26.4,113.0,0.752,low
173,Rourkela-Zone1,9,42.5,29.2,118.1,0.769,medium
173,Rourkela-Zone1,10,4.4,32.2,114.0,0.95,low
173,Rourkela-Zone1,11,21.1,29.6,108.3,0.964,medium
173,Rourkela-Zone1,12,12.7,32.3,114.6,0.664,low
173,Rourkela-Zone1,13,30.3,35.3,104.7,0.87,medium
173,Rourkela-Zone1,14,11.6,36.0,119.1,0.706,low
173,Rourkela-Zone1,15,0.0,34.6,119.1,0.876,low
173,Rourkela-Zone1,16,8.5,36.6,116.0,0.855,low
173,Rourkela-Zone1,17,2.9,37.9,125.0,1.0,medium
173,Rourkela-Zone1,18,19.5,39.1,114.0,0.935,medium
173,Rourkela-Zone1,19,16.4,41.1,111.6,0.774,medium
173,Rourkela-Zone1,20,59.8,40.2,117.1,0.939,high
173,Rourkela-Zone1,21,36.3,41.2,110.7,1.0,medium
173,Rourkela-Zone1,22,21.3,42.3,109.7,0.962,medium
173,Rourkela-Zone1,23,88.1,42.9,109.4,0.988,high
173,Rourkela-Zone1,24,118.1,43.9,107.7,0.79,high
173,Rourkela-Zone1,25,149.8,44.2,108.3,0.827,low
173,Rourkela-Zone1,26,149.3,42.9,99.3,0.97,low
173,Rourkela-Zone1,27,175.4,44.7,100.0,0.929,medium
173,Rourkela-Zone1,28,191.7,40.9,96.9,0.812,high
173,Rourkela-Zone1,29,211.7,41.6,103.4,0.803,high
173,Rourkela-Zone1,30,223.5,41.2,94.6,0.822,high
173,Rourkela-Zone1,31,270.0,41.9,88.4,0.869,high
173,Rourkela-Zone1,32,262.3,41.3,93.0,0.861,high
173,Rourkela-Zone1,33,289.2,40.8,84.9,0.956,high
173,Rourkela-Zone1,34,271.3,38.8,90.9,0.893,high
173,Rourkela-Zone1,35,261.5,36.1,95.7,0.811,high
173,Rourkela-Zone1,36,265.7,34.2,99.6,0.927,high
173,Rourkela-Zone1,37,245.6,34.5,96.6,0.818,high
173,Rourkela-Zone1,38,252.5,34.9,100.7,0.796,high
173,Rourkela-Zone1,39,202.9,31.1,174.0,0.956,medium
173,Rourkela-Zone1,40,262.6,29.5,162.4,0.824,high
173,Rourkela-Zone1,41,179.5,28.6,172.4,0.854,high
173,Rourkela-Zone1,42,143.8,27.3,183.1,0.829,high
173,Rourkela-Zone1,43,129.1,29.7,188.0,0.971,high
173,Rourkela-Zone1,44,104.7,25.8,177.6,0.989,medium
173,Rourkela-Zone1,45,34.6,25.1,195.7,0.819,medium
173,Rourkela-Zone1,46,27.1,26.8,203.0,0.803,medium
173,Rourkela-Zone1,47,19.4,24.2,203.7,0.904,medium
173,Rourkela-Zone1,48,4.4,22.9,196.4,0.872,medium
173,Rourkela-Zone1,49,16.7,23.5,195.4,0.974,medium
173,Rourkela-Zone1,50,18.1,22.1,190.4,0.941,medium
173,Rourkela-Zone1,51,19.9,26.5,201.4,1.0,medium
173,Rourkela-Zone1,52,0.0,16.7,201.0,0.591,medium
174,Rourkela-Zone1,0,12.7,20.9,190.6,0.904,medium
174,Rourkela-Zone1,1,24.9,24.0,193.9,1.0,medium
174,Rourkela-Zone1,2,6.9,24.0,196.0,0.952,medium
174,Rourkela-Zone1,3,44.1,25.1,186.7,0.895,medium
174,Rourkela-Zone1,4,25.7,23.1,141.1,0.95,medium
174,Rourkela-Zone1,5,45.3,27.0,116.6,0.96,medium
174,Rourkela-Zone1,6,0.0,24.7,122.1,1.0,low
174,Rourkela-Zone1,7,13.6,28.2,101.6,0.843,low
174,Rourkela-Zone1,8,7.1,26.4,113.0,0.899,low
174,Rourkela-Zone1,9,42.5,29.2,118.1,0.953,medium
174,Rourkela-Zone1,10,4.4,32.2,114.0,1.0,low
174,Rourkela-Zone1,11,21.1,29.6,108.3,1.0,medium
174,Rourkela-Zone1,12,12.7,32.3,114.6,0.946,low
174,Rourkela-Zone1,13,30.3,35.3,104.7,0.803,medium
174,Rourkela-Zone1,14,11.6,36.0,119.1,0.865,low
174,Rourkela-Zone1,15,0.0,34.6,119.1,1.0,low
174,Rourkela-Zone1,16,8.5,36.6,116.0,0.946,low
174,Rourkela-Zone1,17,2.9,37.9,125.0,1.0,low
174,Rourkela-Zone1,18,19.5,39.1,114.0,0.945,medium
174,Rourkela-Zone1,19,16.4,41.1,111.6,0.964,medium
174,Rourkela-Zone1,20,59.8,40.2,117.1,0.887,high
174,Rourkela-Zone1,21,36.3,41.2,110.7,0.942,medium
174,Rourkela-Zone1,22,21.3,42.3,109.7,0.829,medium
174,Rourkela-Zone1,23,88.1,42.9,109.4,1.0,high
174,Rourkela-Zone1,24,118.1,43.9,107.7,1.0,high
174,Rourkela-Zone1,25,149.8,44.2,108.3,0.966,high
174,Rourkela-Zone1,26,149.3,42.9,99.3,1.0,high
174,Rourkela-Zone1,27,175.4,44.7,100.0,1.0,high
174,Rourkela-Zone1,28,191.7,40.9,96.9,1.0,high
174,Rourkela-Zone1,29,211.7,41.6,103.4,0.833,high
174,Rourkela-Zone1,30,223.5,41.2,94.6,0.953,high
174,Rourkela-Zone1,31,270.0,41.9,88.4,0.741,high
174,Rourkela-Zone1,32,262.3,41.3,93.0,0.912,low
174,Rourkela-Zone1,33,289.2,40.8,84.9,0.853,high
174,Rourkela-Zone1,34,271.3,38.8,90.9,0.858,high
174,Rourkela-Zone1,35,261.5,36.1,95.7,1.0,high
174,Rourkela-Zone1,36,265.7,34.2,99.6,0.962,high
174,Rourkela-Zone1,37,245.6,34.5,96.6,1.0,high
174,Rourkela-Zone1,38,252.5,34.9,100.7,0.846,high
174,Rourkela-Zone1,39,202.9,31.1,174.0,1.0,high
174,Rourkela-Zone1,40,262.6,29.5,162.4,1.0,high
174,Rourkela-Zone1,41,179.5,28.6,172.4,1.0,high
174,Rourkela-Zone1,42,143.8,27.3,183.1,1.0,high
174,Rourkela-Zone1,43,129.1,29.7,188.0,0.928,high
174,Rourkela-Zone1,44,104.7,25.8,177.6,0.778,high
174,Rourkela-Zone1,45,34.6,25.1,195.7,0.964,medium
174,Rourkela-Zone1,46,27.1,26.8,203.0,1.0,medium
174,Rourkela-Zone1,47,19.4,24.2,203.7,0.927,medium
174,Rourkela-Zone1,48,4.4,22.9,196.4,1.0,medium
174,Rourkela-Zone1,49,16.7,23.5,195.4,1.0,medium
174,Rourkela-Zone1,50,18.1,22.1,190.4,1.0,medium
174,Rourkela-Zone1,51,19.9,26.5,201.4,1.0,medium
174,Rourkela-Zone1,52,0.0,16.7,201.0,1.0,medium
175,Bhubaneswar-Zone2,0,108.4,21.1,189.9,0.394,high
175,Bhubaneswar-Zone2,1,66.7,23.3,193.3,0.452,high
175,Bhubaneswar-Zone2,2,91.1,21.0,196.0,0.257,high
175,Bhubaneswar-Zone2,3,88.0,23.2,190.6,0.228,high
175,Bhubaneswar-Zone2,4,72.7,23.2,136.9,0.316,high
175,Bhubaneswar-Zone2,5,70.9,23.7,114.6,0.338,high
175,Bhubaneswar-Zone2,6,57.1,25.3,117.9,0.271,high
175,Bhubaneswar-Zone2,7,97.0,27.2,108.0,0.255,high
175,Bhubaneswar-Zone2,8,46.4,29.7,118.6,0.268,medium
175,Bhubaneswar-Zone2,9,41.6,29.3,109.4,0.476,medium
175,Bhubaneswar-Zone2,10,89.7,31.0,125.9,0.26,high
175,Bhubaneswar-Zone2,11,48.2,31.0,113.4,0.308,medium
175,Bhubaneswar-Zone2,12,51.8,32.7,113.7,0.568,high
175,Bhubaneswar-Zone2,13,128.9,34.8,95.1,0.439,high
175,Bhubaneswar-Zone2,14,48.1,34.4,114.6,0.437,medium
175,Bhubaneswar-Zone2,15,83.4,36.8,106.0,0.547,high
175,Bhubaneswar-Zone2,16,85.1,37.7,110.0,0.335,high
175,Bhubaneswar-Zone2,17,79.0,37.4,102.9,0.172,high
175,Bhubaneswar-Zone2,18,104.4,39.9,105.0,0.427,high
175,Bhubaneswar-Zone2,19,111.3,41.9,103.0,0.324,low
175,Bhubaneswar-Zone2,20,72.2,41.6,115.3,0.569,high
175,Bhubaneswar-Zone2,21,49.8,41.0,114.1,0.401,medium
175,Bhubaneswar-Zone2,22,74.5,40.8,103.9,0.322,high
175,Bhubaneswar-Zone2,23,135.2,42.9,108.3,0.284,high
175,Bhubaneswar-Zone2,24,142.8,45.0,110.1,0.354,high
175,Bhubaneswar-Zone2,25,213.2,44.1,96.4,0.256,high
175,Bhubaneswar-Zone2,26,244.8,41.9,89.4,0.399,high
175,Bhubaneswar-Zone2,27,229.8,42.9,94.4,0.264,high
175,Bhubaneswar-Zone2,28,257.8,43.2,89.7,0.447,high
175,Bhubaneswar-Zone2,29,279.6,42.9,86.7,0.365,high
175,Bhubaneswar-Zone2,30,323.3,39.3,86.4,0.45,medium
175,Bhubaneswar-Zone2,31,349.4,41.3,75.7,0.357,high
175,Bhubaneswar-Zone2,32,343.1,39.3,87.0,0.083,high
175,Bhubaneswar-Zone2,33,339.2,37.7,72.0,0.434,high
175,Bhubaneswar-Zone2,34,333.2,38.6,85.4,0.341,high
175,Bhubaneswar-Zone2,35,359.8,35.4,79.1,0.268,high
175,Bhubaneswar-Zone2,36,362.9,35.0,81.6,0.335,high
175,Bhubaneswar-Zone2,37,299.2,34.3,85.6,0.335,high
175,Bhubaneswar-Zone2,38,297.3,31.5,112.0,0.246,high
175,Bhubaneswar-Zone2,39,298.5,33.3,172.7,0.313,high
175,Bhubaneswar-Zone2,40,306.6,31.3,161.4,0.299,high
175,Bhubaneswar-Zone2,41,250.9,30.8,175.1,0.348,medium
175,Bhubaneswar-Zone2,42,222.5,32.6,174.1,0.453,high
175,Bhubaneswar-Zone2,43,240.7,28.6,180.7,0.404,high
175,Bhubaneswar-Zone2,44,170.7,25.8,181.1,0.27,high
175,Bhubaneswar-Zone2,45,115.2,27.1,179.3,0.266,high
175,Bhubaneswar-Zone2,46,103.4,24.2,181.1,0.227,high
175,Bhubaneswar-Zone2,47,123.4,26.9,181.4,0.362,high
175,Bhubaneswar-Zone2,48,92.9,23.7,190.6,0.432,high
175,Bhubaneswar-Zone2,49,71.1,23.2,195.3,0.334,high
175,Bhubaneswar-Zone2,50,89.6,23.4,189.3,0.405,high
175,Bhubaneswar-Zone2,51,31.0,23.1,195.4,0.461,medium
175,Bhubaneswar-Zone2,52,3.2,17.6,200.0,0.369,medium
176,Cuttack-Zone1,0,20.0,23.7,196.3,0.588,medium
176,Cuttack-Zone1,1,53.9,23.0,203.3,0.578,high
176,Cuttack-Zone1,2,39.0,22.9,200.9,0.594,medium
176,Cuttack-Zone1,3,52.1,24.6,189.0,0.857,high
176,Cuttack-Zone1,4,42.3,25.4,151.7,0.891,medium
176,Cuttack-Zone1,5,29.4,25.2,116.0,0.638,medium
176,Cuttack-Zone1,6,33.7,25.9,117.0,0.66,medium
176,Cuttack-Zone1,7,32.3,27.7,117.3,0.66,medium
176,Cuttack-Zone1,8,26.4,27.3,120.7,0.745,medium
176,Cuttack-Zone1,9,18.2,26.7,110.9,0.872,low
176,Cuttack-Zone1,10,12.5,29.6,110.7,0.565,low
176,Cuttack-Zone1,11,14.1,32.2,118.6,0.646,low
176,Cuttack-Zone1,12,53.2,30.8,110.4,0.724,high
176,Cuttack-Zone1,13,45.8,31.3,105.1,0.626,medium
176,Cuttack-Zone1,14,12.8,35.2,118.6,0.493,low
176,Cuttack-Zone1,15,68.1,36.8,115.9,0.531,high
176,Cuttack-Zone1,16,12.1,37.5,111.4,0.724,low
176,Cuttack-Zone1,17,63.9,38.5,104.0,0.675,high
176,Cuttack-Zone1,18,62.2,40.9,113.7,0.692,high
176,Cuttack-Zone1,19,33.3,38.5,111.6,0.805,high
176,Cuttack-Zone1,20,26.4,39.6,116.0,0.839,medium
176,Cuttack-Zone1,21,31.7,41.9,114.3,0.724,medium
176,Cuttack-Zone1,22,62.7,39.8,117.4,0.63,medium
176,Cuttack-Zone1,23,79.2,41.7,106.4,0.547,high
176,Cuttack-Zone1,24,159.5,42.0,102.3,0.764,high
176,Cuttack-Zone1,25,246.6,43.2,96.1,0.473,high
176,Cuttack-Zone1,26,198.7,41.4,97.4,0.703,high
176,Cuttack-Zone1,27,282.6,43.4,82.7,0.806,high
176,Cuttack-Zone1,28,235.4,40.8,94.9,0.59,high
176,Cuttack-Zone1,29,238.0,42.0,95.3,0.666,high
176,Cuttack-Zone1,30,288.1,42.8,83.0,0.436,high
176,Cuttack-Zone1,31,263.5,38.7,89.7,0.64,high
176,Cuttack-Zone1,32,334.1,40.7,72.4,0.794,high
176,Cuttack-Zone1,33,337.1,38.6,73.7,0.634,high
176,Cuttack-Zone1,34,302.3,38.0,94.7,0.734,high
176,Cuttack-Zone1,35,285.6,36.6,81.6,0.663,high
176,Cuttack-Zone1,36,313.4,35.3,77.0,0.809,high
176,Cuttack-Zone1,37,325.5,35.0,78.6,0.633,high
176,Cuttack-Zone1,38,264.2,34.8,115.7,0.839,high
176,Cuttack-Zone1,39,271.7,31.9,178.6,0.697,high
176,Cuttack-Zone1,40,247.0,29.6,171.7,0.67,high
176,Cuttack-Zone1,41,190.4,30.8,175.7,0.552,high
176,Cuttack-Zone1,42,184.7,28.1,171.0,0.744,high
176,Cuttack-Zone1,43,185.3,26.9,174.4,0.694,high
176,Cuttack-Zone1,44,119.5,26.5,181.4,0.622,high
176,Cuttack-Zone1,45,144.4,25.5,180.1,0.775,high
176,Cuttack-Zone1,46,76.7,24.8,191.4,0.673,high
176,Cuttack-Zone1,47,22.2,23.5,199.6,0.695,medium
176,Cuttack-Zone1,48,49.5,23.0,193.1,0.734,medium
176,Cuttack-Zone1,49,56.2,22.8,188.0,0.731,high
176,Cuttack-Zone1,50,55.0,22.8,190.0,0.79,high
176,Cuttack-Zone1,51,44.3,24.1,197.1,0.57,medium
176,Cuttack-Zone1,52,0.9,17.3,221.0,0.497,medium
177,Bhubaneswar-Zone1,0,49.0,21.8,193.4,0.733,medium
177,Bhubaneswar-Zone1,1,77.8,23.1,182.0,0.988,medium
177,Bhubaneswar-Zone1,2,27.0,23.8,197.1,0.8,medium
177,Bhubaneswar-Zone1,3,32.5,23.1,193.3,0.659,medium
177,Bhubaneswar-Zone1,4,67.9,25.4,131.0,0.672,high
177,Bhubaneswar-Zone1,5,37.2,24.4,116.6,0.88,medium
177,Bhubaneswar-Zone1,6,45.8,26.3,107.7,0.947,medium
177,Bhubaneswar-Zone1,7,109.5,27.1,101.0,0.648,high
177,Bhubaneswar-Zone1,8,26.4,27.9,123.0,0.788,medium
177,Bhubaneswar-Zone1,9,61.9,27.4,112.9,0.949,high
177,Bhubaneswar-Zone1,10,59.1,31.8,121.6,0.688,high
177,Bhubaneswar-Zone1,11,32.6,31.7,106.6,0.74,medium
177,Bhubaneswar-Zone1,12,48.3,31.4,115.1,0.858,medium
177,Bhubaneswar-Zone1,13,55.6,33.5,107.3,0.827,high
177,Bhubaneswar-Zone1,14,37.3,32.8,121.4,0.708,high
177,Bhubaneswar-Zone1,15,24.6,36.4,111.0,0.787,medium
177,Bhubaneswar-Zone1,16,91.3,37.6,114.3,0.655,high
177,Bhubaneswar-Zone1,17,48.1,39.2,118.1,0.589,medium
177,Bhubaneswar-Zone1,18,42.5,39.3,118.9,0.862,medium
177,Bhubaneswar-Zone1,19,77.0,39.9,110.1,0.807,high
177,Bhubaneswar-Zone1,20,47.5,40.4,112.1,0.737,medium
177,Bhubaneswar-Zone1,21,40.6,40.8,113.6,0.888,medium
177,Bhubaneswar-Zone1,22,106.5,43.3,98.6,0.833,high
177,Bhubaneswar-Zone1,23,108.8,39.8,95.1,0.618,high
177,Bhubaneswar-Zone1,24,131.7,42.3,109.6,0.734,high
177,Bhubaneswar-Zone1,25,172.0,44.7,95.6,0.886,high
177,Bhubaneswar-Zone1,26,233.2,43.0,91.6,0.873,high
177,Bhubaneswar-Zone1,27,239.5,39.7,100.0,0.846,high
177,Bhubaneswar-Zone1,28,277.5,41.6,82.4,0.998,high
177,Bhubaneswar-Zone1,29,266.7,44.0,80.0,0.905,medium
177,Bhubaneswar-Zone1,30,288.9,41.6,86.7,0.891,high
177,Bhubaneswar-Zone1,31,315.4,37.7,94.3,0.983,high
177,Bhubaneswar-Zone1,32,347.5,38.7,80.1,0.768,medium
177,Bhubaneswar-Zone1,33,310.4,40.2,84.4,0.816,high
177,Bhubaneswar-Zone1,34,360.4,35.9,81.1,0.586,high
177,Bhubaneswar-Zone1,35,379.1,39.7,78.3,1.0,high
177,Bhubaneswar-Zone1,36,336.6,37.5,77.7,0.843,high
177,Bhubaneswar-Zone1,37,342.3,34.8,76.1,0.811,high
177,Bhubaneswar-Zone1,38,316.9,32.3,111.4,0.911,high
177,Bhubaneswar-Zone1,39,305.7,31.8,166.1,1.0,high
177,Bhubaneswar-Zone1,40,248.4,30.8,169.3,0.749,high
177,Bhubaneswar-Zone1,41,221.0,28.0,179.9,0.74,high
177,Bhubaneswar-Zone1,42,190.3,28.7,179.9,0.741,medium
177,Bhubaneswar-Zone1,43,201.3,28.2,167.6,0.879,high
177,Bhubaneswar-Zone1,44,162.7,26.5,180.9,0.809,high
177,Bhubaneswar-Zone1,45,104.4,24.5,193.9,1.0,high
177,Bhubaneswar-Zone1,46,101.0,27.6,195.9,0.763,high
177,Bhubaneswar-Zone1,47,24.5,25.1,193.1,0.833,medium
177,Bhubaneswar-Zone1,48,43.1,26.0,193.1,0.749,low
177,Bhubaneswar-Zone1,49,36.6,22.9,204.1,0.879,medium
177,Bhubaneswar-Zone1,50,40.1,21.7,205.1,0.704,medium
177,Bhubaneswar-Zone1,51,59.8,22.2,197.9,0.648,high
177,Bhubaneswar-Zone1,52,22.7,20.0,193.0,0.688,medium
178,Puri-Zone1,0,125.9,22.3,186.0,0.373,high
178,Puri-Zone1,1,116.2,22.7,185.0,0.277,high
178,Puri-Zone1,2,77.3,23.1,189.1,0.288,high
178,Puri-Zone1,3,144.2,24.7,182.0,0.337,high
178,Puri-Zone1,4,104.0,23.6,137.7,0.348,high
178,Puri-Zone1,5,75.6,24.8,105.9,0.136,high
178,Puri-Zone1,6,77.2,25.1,109.7,0.238,high
178,Puri-Zone1,7,81.9,25.9,100.3,0.149,high
178,Puri-Zone1,8,105.0,27.3,110.9,0.258,high
178,Puri-Zone1,9,117.3,26.6,105.0,0.454,high
178,Puri-Zone1,10,105.1,29.5,106.1,0.374,high
178,Puri-Zone1,11,92.2,31.1,109.7,0.296,high
178,Puri-Zone1,12,104.3,33.4,109.0,0.486,high
178,Puri-Zone1,13,69.9,32.5,108.0,0.327,medium
178,Puri-Zone1,14,132.9,34.1,110.4,0.318,high
178,Puri-Zone1,15,100.4,36.5,110.0,0.436,high
178,Puri-Zone1,16,72.5,36.9,111.0,0.236,high
178,Puri-Zone1,17,94.5,37.0,95.1,0.242,high
178,Puri-Zone1,18,118.3,37.5,115.7,0.306,high
178,Puri-Zone1,19,114.9,40.1,103.0,0.283,high
178,Puri-Zone1,20,113.4,42.0,109.1,0.186,high
178,Puri-Zone1,21,66.8,41.2,111.9,0.387,high
178,Puri-Zone1,22,168.6,42.4,94.4,0.294,high
178,Puri-Zone1,23,169.2,41.7,96.7,0.289,high
178,Puri-Zone1,24,223.9,41.5,88.4,0.194,high
178,Puri-Zone1,25,238.0,42.9,88.3,0.238,high
178,Puri-Zone1,26,282.3,43.3,92.1,0.328,high
178,Puri-Zone1,27,270.7,41.6,90.7,0.273,high
178,Puri-Zone1,28,286.8,41.9,83.1,0.175,high
178,Puri-Zone1,29,340.7,40.4,88.9,0.262,high
178,Puri-Zone1,30,335.2,42.2,81.0,0.181,low
178,Puri-Zone1,31,385.5,40.3,84.7,0.475,high
178,Puri-Zone1,32,385.3,40.4,81.3,0.518,high
178,Puri-Zone1,33,344.1,40.2,81.4,0.106,high
178,Puri-Zone1,34,373.5,39.4,77.7,0.3,high
178,Puri-Zone1,35,389.2,37.7,64.0,0.335,high
178,Puri-Zone1,36,358.5,35.0,76.6,0.282,high
178,Puri-Zone1,37,354.0,35.9,92.4,0.184,high
178,Puri-Zone1,38,315.8,36.3,103.7,0.413,high
178,Puri-Zone1,39,351.5,35.2,150.6,0.373,high
178,Puri-Zone1,40,291.4,33.1,171.6,0.355,high
178,Puri-Zone1,41,285.5,31.7,169.0,0.266,high
178,Puri-Zone1,42,247.4,27.8,169.7,0.338,high
178,Puri-Zone1,43,246.9,27.8,159.6,0.556,high
178,Puri-Zone1,44,197.4,26.4,181.7,0.422,high
178,Puri-Zone1,45,159.8,23.8,182.3,0.245,high
178,Puri-Zone1,46,101.3,24.8,181.4,0.305,high
178,Puri-Zone1,47,113.6,24.7,191.0,0.328,high
178,Puri-Zone1,48,105.8,24.6,174.6,0.287,high
178,Puri-Zone1,49,69.5,24.6,191.0,0.514,high
178,Puri-Zone1,50,75.1,24.2,196.6,0.298,high
178,Puri-Zone1,51,109.4,21.1,192.7,0.328,high
178,Puri-Zone1,52,13.9,21.5,190.0,0.405,medium
179,Bhubaneswar-Zone1,0,49.0,21.8,193.4,0.753,medium
179,Bhubaneswar-Zone1,1,77.8,23.1,182.0,0.592,high
179,Bhubaneswar-Zone1,2,27.0,23.8,197.1,0.857,medium
179,Bhubaneswar-Zone1,3,32.5,23.1,193.3,0.756,medium
179,Bhubaneswar-Zone1,4,67.9,25.4,131.0,0.695,high
179,Bhubaneswar-Zone1,5,37.2,24.4,116.6,0.547,medium
179,Bhubaneswar-Zone1,6,45.8,26.3,107.7,0.757,medium
179,Bhubaneswar-Zone1,7,109.5,27.1,101.0,0.762,high
179,Bhubaneswar-Zone1,8,26.4,27.9,123.0,0.667,medium
179,Bhubaneswar-Zone1,9,61.9,27.4,112.9,0.754,high
179,Bhubaneswar-Zone1,10,59.1,31.8,121.6,0.845,high
179,Bhubaneswar-Zone1,11,32.6,31.7,106.6,0.785,medium
179,Bhubaneswar-Zone1,12,48.3,31.4,115.1,0.769,medium
179,Bhubaneswar-Zone1,13,55.6,33.5,107.3,0.766,high
179,Bhubaneswar-Zone1,14,37.3,32.8,121.4,0.748,medium
179,Bhubaneswar-Zone1,15,24.6,36.4,111.0,0.794,medium
179,Bhubaneswar-Zone1,16,91.3,37.6,114.3,0.776,high
179,Bhubaneswar-Zone1,17,48.1,39.2,118.1,0.724,medium
179,Bhubaneswar-Zone1,18,42.5,39.3,118.9,0.718,medium
179,Bhubaneswar-Zone1,19,77.0,39.9,110.1,0.723,high
179,Bhubaneswar-Zone1,20,47.5,40.4,112.1,0.689,high
179,Bhubaneswar-Zone1,21,40.6,40.8,113.6,0.561,low
179,Bhubaneswar-Zone1,22,106.5,43.3,98.6,0.889,high
179,Bhubaneswar-Zone1,23,108.8,39.8,95.1,0.64,high
179,Bhubaneswar-Zone1,24,131.7,42.3,109.6,0.992,high
179,Bhubaneswar-Zone1,25,172.0,44.7,95.6,0.794,high
179,Bhubaneswar-Zone1,26,233.2,43.0,91.6,0.711,high
179,Bhubaneswar-Zone1,27,239.5,39.7,100.0,0.669,high
179,Bhubaneswar-Zone1,28,277.5,41.6,82.4,0.933,high
179,Bhubaneswar-Zone1,29,266.7,44.0,80.0,0.716,high
179,Bhubaneswar-Zone1,30,288.9,41.6,86.7,0.873,high
179,Bhubaneswar-Zone1,31,315.4,37.7,94.3,0.816,high
179,Bhubaneswar-Zone1,32,347.5,38.7,80.1,0.763,high
179,Bhubaneswar-Zone1,33,310.4,40.2,84.4,0.651,high
179,Bhubaneswar-Zone1,34,360.4,35.9,81.1,0.692,high
179,Bhubaneswar-Zone1,35,379.1,39.7,78.3,1.0,high
179,Bhubaneswar-Zone1,36,336.6,37.5,77.7,0.773,high
179,Bhubaneswar-Zone1,37,342.3,34.8,76.1,0.842,medium
179,Bhubaneswar-Zone1,38,316.9,32.3,111.4,0.774,high
179,Bhubaneswar-Zone1,39,305.7,31.8,166.1,0.837,high
179,Bhubaneswar-Zone1,40,248.4,30.8,169.3,0.651,high
179,Bhubaneswar-Zone1,41,221.0,28.0,179.9,0.724,high
179,Bhubaneswar-Zone1,42,190.3,28.7,179.9,0.843,high
179,Bhubaneswar-Zone1,43,201.3,28.2,167.6,0.6,high
179,Bhubaneswar-Zone1,44,162.7,26.5,180.9,0.891,high
179,Bhubaneswar-Zone1,45,104.4,24.5,193.9,0.66,high
179,Bhubaneswar-Zone1,46,101.0,27.6,195.9,0.891,high
179,Bhubaneswar-Zone1,47,24.5,25.1,193.1,0.651,medium
179,Bhubaneswar-Zone1,48,43.1,26.0,193.1,0.837,medium
179,Bhubaneswar-Zone1,49,36.6,22.9,204.1,0.702,medium
179,Bhubaneswar-Zone1,50,40.1,21.7,205.1,0.958,medium
179,Bhubaneswar-Zone1,51,59.8,22.2,197.9,0.734,high
179,Bhubaneswar-Zone1,52,22.7,20.0,193.0,0.639,medium
180,Bhubaneswar-Zone1,0,49.0,21.8,193.4,0.768,medium
180,Bhubaneswar-Zone1,1,77.8,23.1,182.0,0.672,high
180,Bhubaneswar-Zone1,2,27.0,23.8,197.1,0.778,medium
180,Bhubaneswar-Zone1,3,32.5,23.1,193.3,0.849,medium
180,Bhubaneswar-Zone1,4,67.9,25.4,131.0,0.799,high
180,Bhubaneswar-Zone1,5,37.2,24.4,116.6,0.554,medium
180,Bhubaneswar-Zone1,6,45.8,26.3,107.7,0.608,medium
180,Bhubaneswar-Zone1,7,109.5,27.1,101.0,0.743,high
180,Bhubaneswar-Zone1,8,26.4,27.9,123.0,0.754,medium
180,Bhubaneswar-Zone1,9,61.9,27.4,112.9,0.476,high
180,Bhubaneswar-Zone1,10,59.1,31.8,121.6,0.589,high
180,Bhubaneswar-Zone1,11,32.6,31.7,106.6,0.617,medium
180,Bhubaneswar-Zone1,12,48.3,31.4,115.1,0.857,medium
180,Bhubaneswar-Zone1,13,55.6,33.5,107.3,0.65,high
180,Bhubaneswar-Zone1,14,37.3,32.8,121.4,0.788,medium
180,Bhubaneswar-Zone1,15,24.6,36.4,111.0,0.831,medium
180,Bhubaneswar-Zone1,16,91.3,37.6,114.3,0.647,high
180,Bhubaneswar-Zone1,17,48.1,39.2,118.1,0.707,medium
180,Bhubaneswar-Zone1,18,42.5,39.3,118.9,0.549,medium
180,Bhubaneswar-Zone1,19,77.0,39.9,110.1,0.796,high
180,Bhubaneswar-Zone1,20,47.5,40.4,112.1,0.807,high
180,Bhubaneswar-Zone1,21,40.6,40.8,113.6,0.701,medium
180,Bhubaneswar-Zone1,22,106.5,43.3,98.6,0.638,high
180,Bhubaneswar-Zone1,23,108.8,39.8,95.1,0.781,high
180,Bhubaneswar-Zone1,24,131.7,42.3,109.6,0.68,high
180,Bhubaneswar-Zone1,25,172.0,44.7,95.6,0.7,high
180,Bhubaneswar-Zone1,26,233.2,43.0,91.6,0.728,high
180,Bhubaneswar-Zone1,27,239.5,39.7,100.0,0.584,high
180,Bhubaneswar-Zone1,28,277.5,41.6,82.4,0.667,high
180,Bhubaneswar-Zone1,29,266.7,44.0,80.0,0.661,high
180,Bhubaneswar-Zone1,30,288.9,41.6,86.7,0.82,high
180,Bhubaneswar-Zone1,31,315.4,37.7,94.3,0.522,low
180,Bhubaneswar-Zone1,32,347.5,38.7,80.1,0.695,high
180,Bhubaneswar-Zone1,33,310.4,40.2,84.4,0.678,high
180,Bhubaneswar-Zone1,34,360.4,35.9,81.1,0.691,high
180,Bhubaneswar-Zone1,35,379.1,39.7,78.3,0.86,high
180,Bhubaneswar-Zone1,36,336.6,37.5,77.7,0.845,high
180,Bhubaneswar-Zone1,37,342.3,34.8,76.1,0.63,high
180,Bhubaneswar-Zone1,38,316.9,32.3,111.4,0.872,high
180,Bhubaneswar-Zone1,39,305.7,31.8,166.1,0.817,high
180,Bhubaneswar-Zone1,40,248.4,30.8,169.3,0.635,high
180,Bhubaneswar-Zone1,41,221.0,28.0,179.9,0.683,high
180,Bhubaneswar-Zone1,42,190.3,28.7,179.9,0.69,high
180,Bhubaneswar-Zone1,43,201.3,28.2,167.6,0.848,high
180,Bhubaneswar-Zone1,44,162.7,26.5,180.9,0.669,high
180,Bhubaneswar-Zone1,45,104.4,24.5,193.9,0.59,high
180,Bhubaneswar-Zone1,46,101.0,27.6,195.9,0.74,high
180,Bhubaneswar-Zone1,47,24.5,25.1,193.1,0.722,medium
180,Bhubaneswar-Zone1,48,43.1,26.0,193.1,0.639,medium
180,Bhubaneswar-Zone1,49,36.6,22.9,204.1,0.677,medium
180,Bhubaneswar-Zone1,50,40.1,21.7,205.1,0.875,medium
180,Bhubaneswar-Zone1,51,59.8,22.2,197.9,0.766,high
180,Bhubaneswar-Zone1,52,22.7,20.0,193.0,0.685,medium
181,Cuttack-Zone1,0,20.0,23.7,196.3,0.586,medium
181,Cuttack-Zone1,1,53.9,23.0,203.3,0.881,high
181,Cuttack-Zone1,2,39.0,22.9,200.9,0.847,medium
181,Cuttack-Zone1,3,52.1,24.6,189.0,0.755,high
181,Cuttack-Zone1,4,42.3,25.4,151.7,0.642,medium
181,Cuttack-Zone1,5,29.4,25.2,116.0,0.582,medium
181,Cuttack-Zone1,6,33.7,25.9,117.0,0.585,medium
181,Cuttack-Zone1,7,32.3,27.7,117.3,0.641,high
181,Cuttack-Zone1,8,26.4,27.3,120.7,0.616,medium
181,Cuttack-Zone1,9,18.2,26.7,110.9,0.733,low
181,Cuttack-Zone1,10,12.5,29.6,110.7,0.49,low
181,Cuttack-Zone1,11,14.1,32.2,118.6,0.752,low
181,Cuttack-Zone1,12,53.2,30.8,110.4,0.601,high
181,Cuttack-Zone1,13,45.8,31.3,105.1,0.698,medium
181,Cuttack-Zone1,14,12.8,35.2,118.6,0.822,low
181,Cuttack-Zone1,15,68.1,36.8,115.9,0.653,high
181,Cuttack-Zone1,16,12.1,37.5,111.4,0.813,low
181,Cuttack-Zone1,17,63.9,38.5,104.0,0.912,high
181,Cuttack-Zone1,18,62.2,40.9,113.7,0.671,high
181,Cuttack-Zone1,19,33.3,38.5,111.6,0.886,medium
181,Cuttack-Zone1,20,26.4,39.6,116.0,0.587,medium
181,Cuttack-Zone1,21,31.7,41.9,114.3,0.702,medium
181,Cuttack-Zone1,22,62.7,39.8,117.4,0.638,high
181,Cuttack-Zone1,23,79.2,41.7,106.4,0.675,high
181,Cuttack-Zone1,24,159.5,42.0,102.3,0.641,high
181,Cuttack-Zone1,25,246.6,43.2,96.1,0.484,high
181,Cuttack-Zone1,26,198.7,41.4,97.4,0.695,high
181,Cuttack-Zone1,27,282.6,43.4,82.7,0.61,high
181,Cuttack-Zone1,28,235.4,40.8,94.9,0.759,high
181,Cuttack-Zone1,29,238.0,42.0,95.3,0.794,high
181,Cuttack-Zone1,30,288.1,42.8,83.0,0.584,high
181,Cuttack-Zone1,31,263.5,38.7,89.7,0.535,high
181,Cuttack-Zone1,32,334.1,40.7,72.4,0.586,high
181,Cuttack-Zone1,33,337.1,38.6,73.7,0.566,high
181,Cuttack-Zone1,34,302.3,38.0,94.7,0.601,high
181,Cuttack-Zone1,35,285.6,36.6,81.6,0.652,high
181,Cuttack-Zone1,36,313.4,35.3,77.0,0.749,high
181,Cuttack-Zone1,37,325.5,35.0,78.6,0.808,high
181,Cuttack-Zone1,38,264.2,34.8,115.7,0.77,low
181,Cuttack-Zone1,39,271.7,31.9,178.6,0.752,high
181,Cuttack-Zone1,40,247.0,29.6,171.7,0.681,high
181,Cuttack-Zone1,41,190.4,30.8,175.7,0.424,high
181,Cuttack-Zone1,42,184.7,28.1,171.0,0.793,high
181,Cuttack-Zone1,43,185.3,26.9,174.4,0.554,high
181,Cuttack-Zone1,44,119.5,26.5,181.4,0.782,high
181,Cuttack-Zone1,45,144.4,25.5,180.1,0.652,high
181,Cuttack-Zone1,46,76.7,24.8,191.4,0.645,high
181,Cuttack-Zone1,47,22.2,23.5,199.6,0.783,medium
181,Cuttack-Zone1,48,49.5,23.0,193.1,0.571,medium
181,Cuttack-Zone1,49,56.2,22.8,188.0,0.526,high
181,Cuttack-Zone1,50,55.0,22.8,190.0,0.636,high
181,Cuttack-Zone1,51,44.3,24.1,197.1,0.78,high
181,Cuttack-Zone1,52,0.9,17.3,221.0,0.584,medium
182,Bhubaneswar-Zone1,0,49.0,21.8,193.4,0.865,medium
182,Bhubaneswar-Zone1,1,77.8,23.1,182.0,0.871,high
182,Bhubaneswar-Zone1,2,27.0,23.8,197.1,0.961,medium
182,Bhubaneswar-Zone1,3,32.5,23.1,193.3,0.882,medium
182,Bhubaneswar-Zone1,4,67.9,25.4,131.0,0.904,high
182,Bhubaneswar-Zone1,5,37.2,24.4,116.6,1.0,medium
182,Bhubaneswar-Zone1,6,45.8,26.3,107.7,0.759,medium
182,Bhubaneswar-Zone1,7,109.5,27.1,101.0,0.947,high
182,Bhubaneswar-Zone1,8,26.4,27.9,123.0,0.9,medium
182,Bhubaneswar-Zone1,9,61.9,27.4,112.9,1.0,high
182,Bhubaneswar-Zone1,10,59.1,31.8,121.6,0.944,high
182,Bhubaneswar-Zone1,11,32.6,31.7,106.6,0.894,medium
182,Bhubaneswar-Zone1,12,48.3,31.4,115.1,0.93,medium
182,Bhubaneswar-Zone1,13,55.6,33.5,107.3,0.76,high
182,Bhubaneswar-Zone1,14,37.3,32.8,121.4,0.866,medium
182,Bhubaneswar-Zone1,15,24.6,36.4,111.0,1.0,medium
182,Bhubaneswar-Zone1,16,91.3,37.6,114.3,1.0,medium
182,Bhubaneswar-Zone1,17,48.1,39.2,118.1,0.954,medium
182,Bhubaneswar-Zone1,18,42.5,39.3,118.9,0.926,medium
182,Bhubaneswar-Zone1,19,77.0,39.9,110.1,0.893,high
182,Bhubaneswar-Zone1,20,47.5,40.4,112.1,0.962,medium
182,Bhubaneswar-Zone1,21,40.6,40.8,113.6,0.895,medium
182,Bhubaneswar-Zone1,22,106.5,43.3,98.6,0.917,high
182,Bhubaneswar-Zone1,23,108.8,39.8,95.1,0.796,high
182,Bhubaneswar-Zone1,24,131.7,42.3,109.6,1.0,high
182,Bhubaneswar-Zone1,25,172.0,44.7,95.6,1.0,high
182,Bhubaneswar-Zone1,26,233.2,43.0,91.6,0.848,high
182,Bhubaneswar-Zone1,27,239.5,39.7,100.0,0.856,high
182,Bhubaneswar-Zone1,28,277.5,41.6,82.4,0.948,high
182,Bhubaneswar-Zone1,29,266.7,44.0,80.0,0.884,high
182,Bhubaneswar-Zone1,30,288.9,41.6,86.7,0.959,medium
182,Bhubaneswar-Zone1,31,315.4,37.7,94.3,1.0,high
182,Bhubaneswar-Zone1,32,347.5,38.7,80.1,0.906,high
182,Bhubaneswar-Zone1,33,310.4,40.2,84.4,0.998,high
182,Bhubaneswar-Zone1,34,360.4,35.9,81.1,0.857,high
182,Bhubaneswar-Zone1,35,379.1,39.7,78.3,0.808,high
182,Bhubaneswar-Zone1,36,336.6,37.5,77.7,0.888,low
182,Bhubaneswar-Zone1,37,342.3,34.8,76.1,0.987,high
182,Bhubaneswar-Zone1,38,316.9,32.3,111.4,0.823,high
182,Bhubaneswar-Zone1,39,305.7,31.8,166.1,0.968,high
182,Bhubaneswar-Zone1,40,248.4,30.8,169.3,0.939,high
182,Bhubaneswar-Zone1,41,221.0,28.0,179.9,0.899,high
182,Bhubaneswar-Zone1,42,190.3,28.7,179.9,0.881,high
182,Bhubaneswar-Zone1,43,201.3,28.2,167.6,0.969,high
182,Bhubaneswar-Zone1,44,162.7,26.5,180.9,1.0,high
182,Bhubaneswar-Zone1,45,104.4,24.5,193.9,0.983,high
182,Bhubaneswar-Zone1,46,101.0,27.6,195.9,0.926,high
182,Bhubaneswar-Zone1,47,24.5,25.1,193.1,1.0,medium
182,Bhubaneswar-Zone1,48,43.1,26.0,193.1,1.0,medium
182,Bhubaneswar-Zone1,49,36.6,22.9,204.1,0.862,medium
182,Bhubaneswar-Zone1,50,40.1,21.7,205.1,0.787,medium
182,Bhubaneswar-Zone1,51,59.8,22.2,197.9,0.985,high
182,Bhubaneswar-Zone1,52,22.7,20.0,193.0,0.861,medium
183,Bhubaneswar-Zone2,0,108.4,21.1,189.9,0.784,high
183,Bhubaneswar-Zone2,1,66.7,23.3,193.3,0.649,high
183,Bhubaneswar-Zone2,2,91.1,21.0,196.0,0.719,high
183,Bhubaneswar-Zone2,3,88.0,23.2,190.6,0.582,high
183,Bhubaneswar-Zone2,4,72.7,23.2,136.9,0.677,high
183,Bhubaneswar-Zone2,5,70.9,23.7,114.6,0.676,high
183,Bhubaneswar-Zone2,6,57.1,25.3,117.9,0.702,high
183,Bhubaneswar-Zone2,7,97.0,27.2,108.0,0.604,high
183,Bhubaneswar-Zone2,8,46.4,29.7,118.6,0.436,medium
183,Bhubaneswar-Zone2,9,41.6,29.3,109.4,0.774,medium
183,Bhubaneswar-Zone2,10,89.7,31.0,125.9,0.696,high
183,Bhubaneswar-Zone2,11,48.2,31.0,113.4,0.795,medium
183,Bhubaneswar-Zone2,12,51.8,32.7,113.7,0.529,high
183,Bhubaneswar-Zone2,13,128.9,34.8,95.1,0.678,high
183,Bhubaneswar-Zone2,14,48.1,34.4,114.6,0.645,medium
183,Bhubaneswar-Zone2,15,83.4,36.8,106.0,0.84,high
183,Bhubaneswar-Zone2,16,85.1,37.7,110.0,0.726,high
183,Bhubaneswar-Zone2,17,79.0,37.4,102.9,0.66,high
183,Bhubaneswar-Zone2,18,104.4,39.9,105.0,0.719,high
183,Bhubaneswar-Zone2,19,111.3,41.9,103.0,0.622,high
183,Bhubaneswar-Zone2,20,72.2,41.6,115.3,0.706,high
183,Bhubaneswar-Zone2,21,49.8,41.0,114.1,0.903,medium
183,Bhubaneswar-Zone2,22,74.5,40.8,103.9,0.609,high
183,Bhubaneswar-Zone2,23,135.2,42.9,108.3,0.676,high
183,Bhubaneswar-Zone2,24,142.8,45.0,110.1,0.59,high
183,Bhubaneswar-Zone2,25,213.2,44.1,96.4,0.574,high
183,Bhubaneswar-Zone2,26,244.8,41.9,89.4,0.752,high
183,Bhubaneswar-Zone2,27,229.8,42.9,94.4,0.553,high
183,Bhubaneswar-Zone2,28,257.8,43.2,89.7,0.705,high
183,Bhubaneswar-Zone2,29,279.6,42.9,86.7,0.745,high
183,Bhubaneswar-Zone2,30,323.3,39.3,86.4,0.626,high
183,Bhubaneswar-Zone2,31,349.4,41.3,75.7,0.791,high
183,Bhubaneswar-Zone2,32,343.1,39.3,87.0,0.78,high
183,Bhubaneswar-Zone2,33,339.2,37.7,72.0,0.729,high
183,Bhubaneswar-Zone2,34,333.2,38.6,85.4,0.614,high
183,Bhubaneswar-Zone2,35,359.8,35.4,79.1,0.681,high
183,Bhubaneswar-Zone2,36,362.9,35.0,81.6,0.661,high
183,Bhubaneswar-Zone2,37,299.2,34.3,85.6,0.845,high
183,Bhubaneswar-Zone2,38,297.3,31.5,112.0,0.685,high
183,Bhubaneswar-Zone2,39,298.5,33.3,172.7,0.506,high
183,Bhubaneswar-Zone2,40,306.6,31.3,161.4,0.6,high
183,Bhubaneswar-Zone2,41,250.9,30.8,175.1,0.514,high
183,Bhubaneswar-Zone2,42,222.5,32.6,174.1,0.604,high
183,Bhubaneswar-Zone2,43,240.7,28.6,180.7,0.738,high
183,Bhubaneswar-Zone2,44,170.7,25.8,181.1,0.698,high
183,Bhubaneswar-Zone2,45,115.2,27.1,179.3,0.644,medium
183,Bhubaneswar-Zone2,46,103.4,24.2,181.1,0.748,high
183,Bhubaneswar-Zone2,47,123.4,26.9,181.4,0.554,high
183,Bhubaneswar-Zone2,48,92.9,23.7,190.6,0.699,high
183,Bhubaneswar-Zone2,49,71.1,23.2,195.3,0.665,high
183,Bhubaneswar-Zone2,50,89.6,23.4,189.3,0.603,high
183,Bhubaneswar-Zone2,51,31.0,23.1,195.4,0.641,medium
183,Bhubaneswar-Zone2,52,3.2,17.6,200.0,0.831,medium
184,Bhubaneswar-Zone2,0,108.4,21.1,189.9,0.417,high
184,Bhubaneswar-Zone2,1,66.7,23.3,193.3,0.46,high
184,Bhubaneswar-Zone2,2,91.1,21.0,196.0,0.465,high
184,Bhubaneswar-Zone2,3,88.0,23.2,190.6,0.415,high
184,Bhubaneswar-Zone2,4,72.7,23.2,136.9,0.281,high
184,Bhubaneswar-Zone2,5,70.9,23.7,114.6,0.553,high
184,Bhubaneswar-Zone2,6,57.1,25.3,117.9,0.517,high
184,Bhubaneswar-Zone2,7,97.0,27.2,108.0,0.37,high
184,Bhubaneswar-Zone2,8,46.4,29.7,118.6,0.517,medium
184,Bhubaneswar-Zone2,9,41.6,29.3,109.4,0.649,medium
184,Bhubaneswar-Zone2,10,89.7,31.0,125.9,0.57,medium
184,Bhubaneswar-Zone2,11,48.2,31.0,113.4,0.51,medium
184,Bhubaneswar-Zone2,12,51.8,32.7,113.7,0.559,high
184,Bhubaneswar-Zone2,13,128.9,34.8,95.1,0.306,high
184,Bhubaneswar-Zone2,14,48.1,34.4,114.6,0.393,medium
184,Bhubaneswar-Zone2,15,83.4,36.8,106.0,0.339,high
184,Bhubaneswar-Zone2,16,85.1,37.7,110.0,0.421,high
184,Bhubaneswar-Zone2,17,79.0,37.4,102.9,0.557,high
184,Bhubaneswar-Zone2,18,104.4,39.9,105.0,0.643,high
184,Bhubaneswar-Zone2,19,111.3,41.9,103.0,0.501,high
184,Bhubaneswar-Zone2,20,72.2,41.6,115.3,0.557,high
184,Bhubaneswar-Zone2,21,49.8,41.0,114.1,0.31,medium
184,Bhubaneswar-Zone2,22,74.5,40.8,103.9,0.5,medium
184,Bhubaneswar-Zone2,23,135.2,42.9,108.3,0.468,low
184,Bhubaneswar-Zone2,24,142.8,45.0,110.1,0.599,high
184,Bhubaneswar-Zone2,25,213.2,44.1,96.4,0.535,high
184,Bhubaneswar-Zone2,26,244.8,41.9,89.4,0.669,high
184,Bhubaneswar-Zone2,27,229.8,42.9,94.4,0.412,high
184,Bhubaneswar-Zone2,28,257.8,43.2,89.7,0.533,high
184,Bhubaneswar-Zone2,29,279.6,42.9,86.7,0.381,high
184,Bhubaneswar-Zone2,30,323.3,39.3,86.4,0.442,high
184,Bhubaneswar-Zone2,31,349.4,41.3,75.7,0.439,high
184,Bhubaneswar-Zone2,32,343.1,39.3,87.0,0.533,high
184,Bhubaneswar-Zone2,33,339.2,37.7,72.0,0.329,high
184,Bhubaneswar-Zone2,34,333.2,38.6,85.4,0.555,high
184,Bhubaneswar-Zone2,35,359.8,35.4,79.1,0.532,high
184,Bhubaneswar-Zone2,36,362.9,35.0,81.6,0.595,high
184,Bhubaneswar-Zone2,37,299.2,34.3,85.6,0.506,low
184,Bhubaneswar-Zone2,38,297.3,31.5,112.0,0.444,high
184,Bhubaneswar-Zone2,39,298.5,33.3,172.7,0.597,high
184,Bhubaneswar-Zone2,40,306.6,31.3,161.4,0.456,high
184,Bhubaneswar-Zone2,41,250.9,30.8,175.1,0.535,high
184,Bhubaneswar-Zone2,42,222.5,32.6,174.1,0.454,high
184,Bhubaneswar-Zone2,43,240.7,28.6,180.7,0.624,low
184,Bhubaneswar-Zone2,44,170.7,25.8,181.1,0.533,high
184,Bhubaneswar-Zone2,45,115.2,27.1,179.3,0.497,high
184,Bhubaneswar-Zone2,46,103.4,24.2,181.1,0.534,high
184,Bhubaneswar-Zone2,47,123.4,26.9,181.4,0.566,high
184,Bhubaneswar-Zone2,48,92.9,23.7,190.6,0.461,high
184,Bhubaneswar-Zone2,49,71.1,23.2,195.3,0.37,high
184,Bhubaneswar-Zone2,50,89.6,23.4,189.3,0.551,high
184,Bhubaneswar-Zone2,51,31.0,23.1,195.4,0.422,medium
184,Bhubaneswar-Zone2,52,3.2,17.6,200.0,0.329,medium
185,Rourkela-Zone1,0,12.7,20.9,190.6,0.753,medium
185,Rourkela-Zone1,1,24.9,24.0,193.9,0.822,medium
185,Rourkela-Zone1,2,6.9,24.0,196.0,0.945,medium
185,Rourkela-Zone1,3,44.1,25.1,186.7,1.0,medium
185,Rourkela-Zone1,4,25.7,23.1,141.1,0.842,medium
185,Rourkela-Zone1,5,45.3,27.0,116.6,0.893,medium
185,Rourkela-Zone1,6,0.0,24.7,122.1,0.876,low
185,Rourkela-Zone1,7,13.6,28.2,101.6,0.837,low
185,Rourkela-Zone1,8,7.1,26.4,113.0,0.781,low
185,Rourkela-Zone1,9,42.5,29.2,118.1,0.709,medium
185,Rourkela-Zone1,10,4.4,32.2,114.0,1.0,low
185,Rourkela-Zone1,11,21.1,29.6,108.3,0.755,medium
185,Rourkela-Zone1,12,12.7,32.3,114.6,0.779,low
185,Rourkela-Zone1,13,30.3,35.3,104.7,0.795,medium
185,Rourkela-Zone1,14,11.6,36.0,119.1,0.753,low
185,Rourkela-Zone1,15,0.0,34.6,119.1,0.78,low
185,Rourkela-Zone1,16,8.5,36.6,116.0,0.777,low
185,Rourkela-Zone1,17,2.9,37.9,125.0,0.901,low
185,Rourkela-Zone1,18,19.5,39.1,114.0,0.742,medium
185,Rourkela-Zone1,19,16.4,41.1,111.6,0.929,high
185,Rourkela-Zone1,20,59.8,40.2,117.1,0.594,high
185,Rourkela-Zone1,21,36.3,41.2,110.7,0.893,medium
185,Rourkela-Zone1,22,21.3,42.3,109.7,0.95,medium
185,Rourkela-Zone1,23,88.1,42.9,109.4,0.96,high
185,Rourkela-Zone1,24,118.1,43.9,107.7,0.72,high
185,Rourkela-Zone1,25,149.8,44.2,108.3,0.944,high
185,Rourkela-Zone1,26,149.3,42.9,99.3,0.912,high
185,Rourkela-Zone1,27,175.4,44.7,100.0,0.774,high
185,Rourkela-Zone1,28,191.7,40.9,96.9,0.841,high
185,Rourkela-Zone1,29,211.7,41.6,103.4,0.89,high
185,Rourkela-Zone1,30,223.5,41.2,94.6,0.866,high
185,Rourkela-Zone1,31,270.0,41.9,88.4,0.796,high
185,Rourkela-Zone1,32,262.3,41.3,93.0,0.823,high
185,Rourkela-Zone1,33,289.2,40.8,84.9,0.853,high
185,Rourkela-Zone1,34,271.3,38.8,90.9,0.771,high
185,Rourkela-Zone1,35,261.5,36.1,95.7,0.864,high
185,Rourkela-Zone1,36,265.7,34.2,99.6,0.739,high
185,Rourkela-Zone1,37,245.6,34.5,96.6,0.948,high
185,Rourkela-Zone1,38,252.5,34.9,100.7,0.907,high
185,Rourkela-Zone1,39,202.9,31.1,174.0,0.892,high
185,Rourkela-Zone1,40,262.6,29.5,162.4,0.846,high
185,Rourkela-Zone1,41,179.5,28.6,172.4,0.83,high
185,Rourkela-Zone1,42,143.8,27.3,183.1,0.911,high
185,Rourkela-Zone1,43,129.1,29.7,188.0,0.701,high
185,Rourkela-Zone1,44,104.7,25.8,177.6,0.728,high
185,Rourkela-Zone1,45,34.6,25.1,195.7,0.867,medium
185,Rourkela-Zone1,46,27.1,26.8,203.0,0.804,medium
185,Rourkela-Zone1,47,19.4,24.2,203.7,0.753,medium
185,Rourkela-Zone1,48,4.4,22.9,196.4,0.919,medium
185,Rourkela-Zone1,49,16.7,23.5,195.4,0.821,medium
185,Rourkela-Zone1,50,18.1,22.1,190.4,0.841,low
185,Rourkela-Zone1,51,19.9,26.5,201.4,0.802,medium
185,Rourkela-Zone1,52,0.0,16.7,201.0,0.859,medium
186,Puri-Zone1,0,125.9,22.3,186.0,0.698,high
186,Puri-Zone1,1,116.2,22.7,185.0,0.58,high
186,Puri-Zone1,2,77.3,23.1,189.1,0.672,high
186,Puri-Zone1,3,144.2,24.7,182.0,0.866,high
186,Puri-Zone1,4,104.0,23.6,137.7,0.621,high
186,Puri-Zone1,5,75.6,24.8,105.9,0.84,high
186,Puri-Zone1,6,77.2,25.1,109.7,0.788,high
186,Puri-Zone1,7,81.9,25.9,100.3,0.757,high
186,Puri-Zone1,8,105.0,27.3,110.9,0.603,high
186,Puri-Zone1,9,117.3,26.6,105.0,0.833,low
186,Puri-Zone1,10,105.1,29.5,106.1,0.685,high
186,Puri-Zone1,11,92.2,31.1,109.7,0.987,high
186,Puri-Zone1,12,104.3,33.4,109.0,0.576,high
186,Puri-Zone1,13,69.9,32.5,108.0,0.57,high
186,Puri-Zone1,14,132.9,34.1,110.4,0.67,high
186,Puri-Zone1,15,100.4,36.5,110.0,0.586,high
186,Puri-Zone1,16,72.5,36.9,111.0,0.708,high
186,Puri-Zone1,17,94.5,37.0,95.1,0.807,high
186,Puri-Zone1,18,118.3,37.5,115.7,0.738,high
186,Puri-Zone1,19,114.9,40.1,103.0,0.679,high
186,Puri-Zone1,20,113.4,42.0,109.1,0.688,high
186,Puri-Zone1,21,66.8,41.2,111.9,0.516,high
186,Puri-Zone1,22,168.6,42.4,94.4,0.822,high
186,Puri-Zone1,23,169.2,41.7,96.7,0.793,high
186,Puri-Zone1,24,223.9,41.5,88.4,0.826,high
186,Puri-Zone1,25,238.0,42.9,88.3,0.689,high
186,Puri-Zone1,26,282.3,43.3,92.1,0.77,low
186,Puri-Zone1,27,270.7,41.6,90.7,0.655,high
186,Puri-Zone1,28,286.8,41.9,83.1,0.843,high
186,Puri-Zone1,29,340.7,40.4,88.9,0.743,high
186,Puri-Zone1,30,335.2,42.2,81.0,0.838,high
186,Puri-Zone1,31,385.5,40.3,84.7,0.447,high
186,Puri-Zone1,32,385.3,40.4,81.3,0.607,high
186,Puri-Zone1,33,344.1,40.2,81.4,0.826,high
186,Puri-Zone1,34,373.5,39.4,77.7,0.848,high
186,Puri-Zone1,35,389.2,37.7,64.0,0.918,high
186,Puri-Zone1,36,358.5,35.0,76.6,0.715,high
186,Puri-Zone1,37,354.0,35.9,92.4,0.775,high
186,Puri-Zone1,38,315.8,36.3,103.7,0.722,high
186,Puri-Zone1,39,351.5,35.2,150.6,0.816,high
186,Puri-Zone1,40,291.4,33.1,171.6,0.801,high
186,Puri-Zone1,41,285.5,31.7,169.0,0.772,high
186,Puri-Zone1,42,247.4,27.8,169.7,0.624,high
186,Puri-Zone1,43,246.9,27.8,159.6,0.632,high
186,Puri-Zone1,44,197.4,26.4,181.7,0.749,high
186,Puri-Zone1,45,159.8,23.8,182.3,0.676,low
186,Puri-Zone1,46,101.3,24.8,181.4,0.804,high
186,Puri-Zone1,47,113.6,24.7,191.0,0.582,high
186,Puri-Zone1,48,105.8,24.6,174.6,0.683,high
186,Puri-Zone1,49,69.5,24.6,191.0,0.767,high
186,Puri-Zone1,50,75.1,24.2,196.6,0.665,high
186,Puri-Zone1,51,109.4,21.1,192.7,0.682,high
186,Puri-Zone1,52,13.9,21.5,190.0,0.611,medium
187,Bhubaneswar-Zone1,0,49.0,21.8,193.4,0.685,medium
187,Bhubaneswar-Zone1,1,77.8,23.1,182.0,0.693,high
187,Bhubaneswar-Zone1,2,27.0,23.8,197.1,0.666,medium
187,Bhubaneswar-Zone1,3,32.5,23.1,193.3,0.459,medium
187,Bhubaneswar-Zone1,4,67.9,25.4,131.0,0.485,high
187,Bhubaneswar-Zone1,5,37.2,24.4,116.6,0.755,high
187,Bhubaneswar-Zone1,6,45.8,26.3,107.7,0.625,medium
187,Bhubaneswar-Zone1,7,109.5,27.1,101.0,0.509,high
187,Bhubaneswar-Zone1,8,26.4,27.9,123.0,0.732,medium
187,Bhubaneswar-Zone1,9,61.9,27.4,112.9,0.766,high
187,Bhubaneswar-Zone1,10,59.1,31.8,121.6,0.732,high
187,Bhubaneswar-Zone1,11,32.6,31.7,106.6,0.581,medium
187,Bhubaneswar-Zone1,12,48.3,31.4,115.1,0.598,medium
187,Bhubaneswar-Zone1,13,55.6,33.5,107.3,0.701,high
187,Bhubaneswar-Zone1,14,37.3,32.8,121.4,0.712,medium
187,Bhubaneswar-Zone1,15,24.6,36.4,111.0,0.501,medium
187,Bhubaneswar-Zone1,16,91.3,37.6,114.3,0.729,high
187,Bhubaneswar-Zone1,17,48.1,39.2,118.1,0.701,medium
187,Bhubaneswar-Zone1,18,42.5,39.3,118.9,0.572,medium
187,Bhubaneswar-Zone1,19,77.0,39.9,110.1,0.696,high
187,Bhubaneswar-Zone1,20,47.5,40.4,112.1,0.614,medium
187,Bhubaneswar-Zone1,21,40.6,40.8,113.6,0.737,medium
187,Bhubaneswar-Zone1,22,106.5,43.3,98.6,0.78,high
187,Bhubaneswar-Zone1,23,108.8,39.8,95.1,0.742,high
187,Bhubaneswar-Zone1,24,131.7,42.3,109.6,0.799,high
187,Bhubaneswar-Zone1,25,172.0,44.7,95.6,0.676,high
187,Bhubaneswar-Zone1,26,233.2,43.0,91.6,0.558,high
187,Bhubaneswar-Zone1,27,239.5,39.7,100.0,0.656,high
187,Bhubaneswar-Zone1,28,277.5,41.6,82.4,0.644,high
187,Bhubaneswar-Zone1,29,266.7,44.0,80.0,0.658,high
187,Bhubaneswar-Zone1,30,288.9,41.6,86.7,0.633,high
187,Bhubaneswar-Zone1,31,315.4,37.7,94.3,0.728,medium
187,Bhubaneswar-Zone1,32,347.5,38.7,80.1,0.645,high
187,Bhubaneswar-Zone1,33,310.4,40.2,84.4,0.629,high
187,Bhubaneswar-Zone1,34,360.4,35.9,81.1,0.512,high
187,Bhubaneswar-Zone1,35,379.1,39.7,78.3,0.661,high
187,Bhubaneswar-Zone1,36,336.6,37.5,77.7,0.609,high
187,Bhubaneswar-Zone1,37,342.3,34.8,76.1,0.665,high
187,Bhubaneswar-Zone1,38,316.9,32.3,111.4,0.606,high
187,Bhubaneswar-Zone1,39,305.7,31.8,166.1,0.555,high
187,Bhubaneswar-Zone1,40,248.4,30.8,169.3,0.703,high
187,Bhubaneswar-Zone1,41,221.0,28.0,179.9,0.679,high
187,Bhubaneswar-Zone1,42,190.3,28.7,179.9,0.658,high
187,Bhubaneswar-Zone1,43,201.3,28.2,167.6,0.557,high
187,Bhubaneswar-Zone1,44,162.7,26.5,180.9,0.582,high
187,Bhubaneswar-Zone1,45,104.4,24.5,193.9,0.784,high
187,Bhubaneswar-Zone1,46,101.0,27.6,195.9,0.557,low
187,Bhubaneswar-Zone1,47,24.5,25.1,193.1,0.613,high
187,Bhubaneswar-Zone1,48,43.1,26.0,193.1,0.619,medium
187,Bhubaneswar-Zone1,49,36.6,22.9,204.1,0.879,medium
187,Bhubaneswar-Zone1,50,40.1,21.7,205.1,0.739,medium
187,Bhubaneswar-Zone1,51,59.8,22.2,197.9,0.712,high
187,Bhubaneswar-Zone1,52,22.7,20.0,193.0,0.664,medium
188,Bhubaneswar-Zone1,0,49.0,21.8,193.4,0.581,medium
188,Bhubaneswar-Zone1,1,77.8,23.1,182.0,0.559,high
188,Bhubaneswar-Zone1,2,27.0,23.8,197.1,0.552,medium
188,Bhubaneswar-Zone1,3,32.5,23.1,193.3,0.595,medium
188,Bhubaneswar-Zone1,4,67.9,25.4,131.0,0.535,high
188,Bhubaneswar-Zone1,5,37.2,24.4,116.6,0.438,medium
188,Bhubaneswar-Zone1,6,45.8,26.3,107.7,0.522,medium
188,Bhubaneswar-Zone1,7,109.5,27.1,101.0,0.632,high
188,Bhubaneswar-Zone1,8,26.4,27.9,123.0,0.474,medium
188,Bhubaneswar-Zone1,9,61.9,27.4,112.9,0.457,high
188,Bhubaneswar-Zone1,10,59.1,31.8,121.6,0.542,high
188,Bhubaneswar-Zone1,11,32.6,31.7,106.6,0.436,medium
188,Bhubaneswar-Zone1,12,48.3,31.4,115.1,0.305,medium
188,Bhubaneswar-Zone1,13,55.6,33.5,107.3,0.253,high
188,Bhubaneswar-Zone1,14,37.3,32.8,121.4,0.584,medium
188,Bhubaneswar-Zone1,15,24.6,36.4,111.0,0.522,medium
188,Bhubaneswar-Zone1,16,91.3,37.6,114.3,0.536,high
188,Bhubaneswar-Zone1,17,48.1,39.2,118.1,0.639,medium
188,Bhubaneswar-Zone1,18,42.5,39.3,118.9,0.618,high
188,Bhubaneswar-Zone1,19,77.0,39.9,110.1,0.369,high
188,Bhubaneswar-Zone1,20,47.5,40.4,112.1,0.346,medium
188,Bhubaneswar-Zone1,21,40.6,40.8,113.6,0.329,medium
188,Bhubaneswar-Zone1,22,106.5,43.3,98.6,0.33,high
188,Bhubaneswar-Zone1,23,108.8,39.8,95.1,0.551,high
188,Bhubaneswar-Zone1,24,131.7,42.3,109.6,0.407,high
188,Bhubaneswar-Zone1,25,172.0,44.7,95.6,0.456,high
188,Bhubaneswar-Zone1,26,233.2,43.0,91.6,0.356,high
188,Bhubaneswar-Zone1,27,239.5,39.7,100.0,0.597,low
188,Bhubaneswar-Zone1,28,277.5,41.6,82.4,0.382,high
188,Bhubaneswar-Zone1,29,266.7,44.0,80.0,0.619,high
188,Bhubaneswar-Zone1,30,288.9,41.6,86.7,0.367,high
188,Bhubaneswar-Zone1,31,315.4,37.7,94.3,0.418,medium
188,Bhubaneswar-Zone1,32,347.5,38.7,80.1,0.524,high
188,Bhubaneswar-Zone1,33,310.4,40.2,84.4,0.633,high
188,Bhubaneswar-Zone1,34,360.4,35.9,81.1,0.537,high
188,Bhubaneswar-Zone1,35,379.1,39.7,78.3,0.447,low
188,Bhubaneswar-Zone1,36,336.6,37.5,77.7,0.608,high
188,Bhubaneswar-Zone1,37,342.3,34.8,76.1,0.425,high
188,Bhubaneswar-Zone1,38,316.9,32.3,111.4,0.591,high
188,Bhubaneswar-Zone1,39,305.7,31.8,166.1,0.438,high
188,Bhubaneswar-Zone1,40,248.4,30.8,169.3,0.51,high
188,Bhubaneswar-Zone1,41,221.0,28.0,179.9,0.422,high
188,Bhubaneswar-Zone1,42,190.3,28.7,179.9,0.442,high
188,Bhubaneswar-Zone1,43,201.3,28.2,167.6,0.412,medium
188,Bhubaneswar-Zone1,44,162.7,26.5,180.9,0.452,high
188,Bhubaneswar-Zone1,45,104.4,24.5,193.9,0.47,high
188,Bhubaneswar-Zone1,46,101.0,27.6,195.9,0.499,high
188,Bhubaneswar-Zone1,47,24.5,25.1,193.1,0.39,medium
188,Bhubaneswar-Zone1,48,43.1,26.0,193.1,0.465,high
188,Bhubaneswar-Zone1,49,36.6,22.9,204.1,0.465,medium
188,Bhubaneswar-Zone1,50,40.1,21.7,205.1,0.492,medium
188,Bhubaneswar-Zone1,51,59.8,22.2,197.9,0.526,high
188,Bhubaneswar-Zone1,52,22.7,20.0,193.0,0.512,medium
189,Cuttack-Zone1,0,20.0,23.7,196.3,0.405,medium
189,Cuttack-Zone1,1,53.9,23.0,203.3,0.682,high
189,Cuttack-Zone1,2,39.0,22.9,200.9,0.711,medium
189,Cuttack-Zone1,3,52.1,24.6,189.0,0.24,high
189,Cuttack-Zone1,4,42.3,25.4,151.7,0.403,medium
189,Cuttack-Zone1,5,29.4,25.2,116.0,0.409,medium
189,Cuttack-Zone1,6,33.7,25.9,117.0,0.66,high
189,Cuttack-Zone1,7,32.3,27.7,117.3,0.532,medium
189,Cuttack-Zone1,8,26.4,27.3,120.7,0.466,medium
189,Cuttack-Zone1,9,18.2,26.7,110.9,0.547,low
189,Cuttack-Zone1,10,12.5,29.6,110.7,0.567,low
189,Cuttack-Zone1,11,14.1,32.2,118.6,0.413,low
189,Cuttack-Zone1,12,53.2,30.8,110.4,0.501,medium
189,Cuttack-Zone1,13,45.8,31.3,105.1,0.434,medium
189,Cuttack-Zone1,14,12.8,35.2,118.6,0.539,low
189,Cuttack-Zone1,15,68.1,36.8,115.9,0.501,high
189,Cuttack-Zone1,16,12.1,37.5,111.4,0.633,low
189,Cuttack-Zone1,17,63.9,38.5,104.0,0.45,high
189,Cuttack-Zone1,18,62.2,40.9,113.7,0.704,high
189,Cuttack-Zone1,19,33.3,38.5,111.6,0.626,medium
189,Cuttack-Zone1,20,26.4,39.6,116.0,0.569,medium
189,Cuttack-Zone1,21,31.7,41.9,114.3,0.415,medium
189,Cuttack-Zone1,22,62.7,39.8,117.4,0.308,high
189,Cuttack-Zone1,23,79.2,41.7,106.4,0.469,high
189,Cuttack-Zone1,24,159.5,42.0,102.3,0.625,high
189,Cuttack-Zone1,25,246.6,43.2,96.1,0.587,high
189,Cuttack-Zone1,26,198.7,41.4,97.4,0.577,high
189,Cuttack-Zone1,27,282.6,43.4,82.7,0.653,high
189,Cuttack-Zone1,28,235.4,40.8,94.9,0.554,high
189,Cuttack-Zone1,29,238.0,42.0,95.3,0.364,high
189,Cuttack-Zone1,30,288.1,42.8,83.0,0.418,high
189,Cuttack-Zone1,31,263.5,38.7,89.7,0.306,high
189,Cuttack-Zone1,32,334.1,40.7,72.4,0.618,high
189,Cuttack-Zone1,33,337.1,38.6,73.7,0.494,high
189,Cuttack-Zone1,34,302.3,38.0,94.7,0.478,high
189,Cuttack-Zone1,35,285.6,36.6,81.6,0.429,high
189,Cuttack-Zone1,36,313.4,35.3,77.0,0.784,high
189,Cuttack-Zone1,37,325.5,35.0,78.6,0.67,high
189,Cuttack-Zone1,38,264.2,34.8,115.7,0.585,high
189,Cuttack-Zone1,39,271.7,31.9,178.6,0.517,high
189,Cuttack-Zone1,40,247.0,29.6,171.7,0.295,high
189,Cuttack-Zone1,41,190.4,30.8,175.7,0.417,high
189,Cuttack-Zone1,42,184.7,28.1,171.0,0.53,high
189,Cuttack-Zone1,43,185.3,26.9,174.4,0.385,high
189,Cuttack-Zone1,44,119.5,26.5,181.4,0.555,high
189,Cuttack-Zone1,45,144.4,25.5,180.1,0.521,high
189,Cuttack-Zone1,46,76.7,24.8,191.4,0.524,high
189,Cuttack-Zone1,47,22.2,23.5,199.6,0.668,medium
189,Cuttack-Zone1,48,49.5,23.0,193.1,0.451,medium
189,Cuttack-Zone1,49,56.2,22.8,188.0,0.718,low
189,Cuttack-Zone1,50,55.0,22.8,190.0,0.531,high
189,Cuttack-Zone1,51,44.3,24.1,197.1,0.531,medium
189,Cuttack-Zone1,52,0.9,17.3,221.0,0.594,medium
190,Bhubaneswar-Zone2,0,108.4,21.1,189.9,0.982,high
190,Bhubaneswar-Zone2,1,66.7,23.3,193.3,0.957,high
190,Bhubaneswar-Zone2,2,91.1,21.0,196.0,0.975,low
190,Bhubaneswar-Zone2,3,88.0,23.2,190.6,1.0,high
190,Bhubaneswar-Zone2,4,72.7,23.2,136.9,0.9,high
190,Bhubaneswar-Zone2,5,70.9,23.7,114.6,1.0,high
190,Bhubaneswar-Zone2,6,57.1,25.3,117.9,0.808,high
190,Bhubaneswar-Zone2,7,97.0,27.2,108.0,0.939,high
190,Bhubaneswar-Zone2,8,46.4,29.7,118.6,1.0,medium
190,Bhubaneswar-Zone2,9,41.6,29.3,109.4,0.879,medium
190,Bhubaneswar-Zone2,10,89.7,31.0,125.9,0.854,high
190,Bhubaneswar-Zone2,11,48.2,31.0,113.4,0.988,low
190,Bhubaneswar-Zone2,12,51.8,32.7,113.7,0.9,high
190,Bhubaneswar-Zone2,13,128.9,34.8,95.1,1.0,high
190,Bhubaneswar-Zone2,14,48.1,34.4,114.6,0.985,medium
190,Bhubaneswar-Zone2,15,83.4,36.8,106.0,0.775,medium
190,Bhubaneswar-Zone2,16,85.1,37.7,110.0,1.0,high
190,Bhubaneswar-Zone2,17,79.0,37.4,102.9,0.806,high
190,Bhubaneswar-Zone2,18,104.4,39.9,105.0,0.811,high
190,Bhubaneswar-Zone2,19,111.3,41.9,103.0,0.981,high
190,Bhubaneswar-Zone2,20,72.2,41.6,115.3,1.0,high
190,Bhubaneswar-Zone2,21,49.8,41.0,114.1,0.917,medium
190,Bhubaneswar-Zone2,22,74.5,40.8,103.9,0.828,high
190,Bhubaneswar-Zone2,23,135.2,42.9,108.3,0.844,high
190,Bhubaneswar-Zone2,24,142.8,45.0,110.1,1.0,high
190,Bhubaneswar-Zone2,25,213.2,44.1,96.4,1.0,high
190,Bhubaneswar-Zone2,26,244.8,41.9,89.4,1.0,high
190,Bhubaneswar-Zone2,27,229.8,42.9,94.4,0.944,high
190,Bhubaneswar-Zone2,28,257.8,43.2,89.7,0.942,high
190,Bhubaneswar-Zone2,29,279.6,42.9,86.7,1.0,high
190,Bhubaneswar-Zone2,30,323.3,39.3,86.4,0.971,high
190,Bhubaneswar-Zone2,31,349.4,41.3,75.7,0.825,high
190,Bhubaneswar-Zone2,32,343.1,39.3,87.0,0.95,high
190,Bhubaneswar-Zone2,33,339.2,37.7,72.0,0.995,high
190,Bhubaneswar-Zone2,34,333.2,38.6,85.4,0.981,high
190,Bhubaneswar-Zone2,35,359.8,35.4,79.1,0.94,medium
190,Bhubaneswar-Zone2,36,362.9,35.0,81.6,0.872,high
190,Bhubaneswar-Zone2,37,299.2,34.3,85.6,0.969,high
190,Bhubaneswar-Zone2,38,297.3,31.5,112.0,0.953,high
190,Bhubaneswar-Zone2,39,298.5,33.3,172.7,1.0,high
190,Bhubaneswar-Zone2,40,306.6,31.3,161.4,0.925,high
190,Bhubaneswar-Zone2,41,250.9,30.8,175.1,0.865,high
190,Bhubaneswar-Zone2,42,222.5,32.6,174.1,0.844,high
190,Bhubaneswar-Zone2,43,240.7,28.6,180.7,0.998,high
190,Bhubaneswar-Zone2,44,170.7,25.8,181.1,0.929,high
190,Bhubaneswar-Zone2,45,115.2,27.1,179.3,1.0,high
190,Bhubaneswar-Zone2,46,103.4,24.2,181.1,0.955,high
190,Bhubaneswar-Zone2,47,123.4,26.9,181.4,0.978,high
190,Bhubaneswar-Zone2,48,92.9,23.7,190.6,1.0,high
190,Bhubaneswar-Zone2,49,71.1,23.2,195.3,0.89,high
190,Bhubaneswar-Zone2,50,89.6,23.4,189.3,1.0,high
190,Bhubaneswar-Zone2,51,31.0,23.1,195.4,0.774,medium
190,Bhubaneswar-Zone2,52,3.2,17.6,200.0,1.0,medium
191,Puri-Zone1,0,125.9,22.3,186.0,0.912,medium
191,Puri-Zone1,1,116.2,22.7,185.0,0.597,high
191,Puri-Zone1,2,77.3,23.1,189.1,0.774,high
191,Puri-Zone1,3,144.2,24.7,182.0,0.901,high
191,Puri-Zone1,4,104.0,23.6,137.7,0.654,low
191,Puri-Zone1,5,75.6,24.8,105.9,0.742,high
191,Puri-Zone1,6,77.2,25.1,109.7,0.647,high
191,Puri-Zone1,7,81.9,25.9,100.3,0.879,high
191,Puri-Zone1,8,105.0,27.3,110.9,0.576,high
191,Puri-Zone1,9,117.3,26.6,105.0,0.694,high
191,Puri-Zone1,10,105.1,29.5,106.1,0.845,high
191,Puri-Zone1,11,92.2,31.1,109.7,0.855,high
191,Puri-Zone1,12,104.3,33.4,109.0,0.69,high
191,Puri-Zone1,13,69.9,32.5,108.0,0.909,high
191,Puri-Zone1,14,132.9,34.1,110.4,0.737,high
191,Puri-Zone1,15,100.4,36.5,110.0,0.792,high
191,Puri-Zone1,16,72.5,36.9,111.0,0.722,high
191,Puri-Zone1,17,94.5,37.0,95.1,0.766,high
191,Puri-Zone1,18,118.3,37.5,115.7,0.606,low
191,Puri-Zone1,19,114.9,40.1,103.0,0.763,high
191,Puri-Zone1,20,113.4,42.0,109.1,0.765,high
191,Puri-Zone1,21,66.8,41.2,111.9,0.566,high
191,Puri-Zone1,22,168.6,42.4,94.4,0.748,high
191,Puri-Zone1,23,169.2,41.7,96.7,0.772,high
191,Puri-Zone1,24,223.9,41.5,88.4,0.622,high
191,Puri-Zone1,25,238.0,42.9,88.3,0.644,high
191,Puri-Zone1,26,282.3,43.3,92.1,0.727,high
191,Puri-Zone1,27,270.7,41.6,90.7,0.629,high
191,Puri-Zone1,28,286.8,41.9,83.1,0.82,high
191,Puri-Zone1,29,340.7,40.4,88.9,0.694,high
191,Puri-Zone1,30,335.2,42.2,81.0,0.739,high
191,Puri-Zone1,31,385.5,40.3,84.7,0.706,high
191,Puri-Zone1,32,385.3,40.4,81.3,0.752,high
191,Puri-Zone1,33,344.1,40.2,81.4,0.853,high
191,Puri-Zone1,34,373.5,39.4,77.7,0.706,high
191,Puri-Zone1,35,389.2,37.7,64.0,0.772,high
191,Puri-Zone1,36,358.5,35.0,76.6,0.697,high
191,Puri-Zone1,37,354.0,35.9,92.4,0.612,high
191,Puri-Zone1,38,315.8,36.3,103.7,0.74,high
191,Puri-Zone1,39,351.5,35.2,150.6,0.623,high
191,Puri-Zone1,40,291.4,33.1,171.6,0.689,high
191,Puri-Zone1,41,285.5,31.7,169.0,0.554,high
191,Puri-Zone1,42,247.4,27.8,169.7,0.731,high
191,Puri-Zone1,43,246.9,27.8,159.6,0.701,high
191,Puri-Zone1,44,197.4,26.4,181.7,0.726,high
191,Puri-Zone1,45,159.8,23.8,182.3,0.729,high
191,Puri-Zone1,46,101.3,24.8,181.4,0.76,high
191,Puri-Zone1,47,113.6,24.7,191.0,0.64,high
191,Puri-Zone1,48,105.8,24.6,174.6,0.569,high
191,Puri-Zone1,49,69.5,24.6,191.0,0.746,high
191,Puri-Zone1,50,75.1,24.2,196.6,0.662,high
191,Puri-Zone1,51,109.4,21.1,192.7,0.769,high
191,Puri-Zone1,52,13.9,21.5,190.0,0.737,medium
192,Rourkela-Zone1,0,12.7,20.9,190.6,0.813,medium
192,Rourkela-Zone1,1,24.9,24.0,193.9,0.789,medium
192,Rourkela-Zone1,2,6.9,24.0,196.0,0.742,medium
192,Rourkela-Zone1,3,44.1,25.1,186.7,0.986,medium
192,Rourkela-Zone1,4,25.7,23.1,141.1,0.942,medium
192,Rourkela-Zone1,5,45.3,27.0,116.6,0.771,medium
192,Rourkela-Zone1,6,0.0,24.7,122.1,0.794,low
192,Rourkela-Zone1,7,13.6,28.2,101.6,0.784,low
192,Rourkela-Zone1,8,7.1,26.4,113.0,0.736,low
192,Rourkela-Zone1,9,42.5,29.2,118.1,0.89,low
192,Rourkela-Zone1,10,4.4,32.2,114.0,0.844,low
192,Rourkela-Zone1,11,21.1,29.6,108.3,0.997,medium
192,Rourkela-Zone1,12,12.7,32.3,114.6,0.962,low
192,Rourkela-Zone1,13,30.3,35.3,104.7,0.994,medium
192,Rourkela-Zone1,14,11.6,36.0,119.1,0.997,low
192,Rourkela-Zone1,15,0.0,34.6,119.1,0.902,low
192,Rourkela-Zone1,16,8.5,36.6,116.0,0.918,low
192,Rourkela-Zone1,17,2.9,37.9,125.0,0.773,low
192,Rourkela-Zone1,18,19.5,39.1,114.0,0.962,medium
192,Rourkela-Zone1,19,16.4,41.1,111.6,0.938,medium
192,Rourkela-Zone1,20,59.8,40.2,117.1,0.895,high
192,Rourkela-Zone1,21,36.3,41.2,110.7,0.96,medium
192,Rourkela-Zone1,22,21.3,42.3,109.7,0.834,medium
192,Rourkela-Zone1,23,88.1,42.9,109.4,0.853,high
192,Rourkela-Zone1,24,118.1,43.9,107.7,0.838,low
192,Rourkela-Zone1,25,149.8,44.2,108.3,0.801,high
192,Rourkela-Zone1,26,149.3,42.9,99.3,1.0,high
192,Rourkela-Zone1,27,175.4,44.7,100.0,0.937,high
192,Rourkela-Zone1,28,191.7,40.9,96.9,0.948,high
192,Rourkela-Zone1,29,211.7,41.6,103.4,0.872,high
192,Rourkela-Zone1,30,223.5,41.2,94.6,0.957,high
192,Rourkela-Zone1,31,270.0,41.9,88.4,0.747,high
192,Rourkela-Zone1,32,262.3,41.3,93.0,0.787,high
192,Rourkela-Zone1,33,289.2,40.8,84.9,0.934,high
192,Rourkela-Zone1,34,271.3,38.8,90.9,0.835,high
192,Rourkela-Zone1,35,261.5,36.1,95.7,0.782,high
192,Rourkela-Zone1,36,265.7,34.2,99.6,0.884,high
192,Rourkela-Zone1,37,245.6,34.5,96.6,0.801,high
192,Rourkela-Zone1,38,252.5,34.9,100.7,0.93,high
192,Rourkela-Zone1,39,202.9,31.1,174.0,0.776,high
192,Rourkela-Zone1,40,262.6,29.5,162.4,0.837,high
192,Rourkela-Zone1,41,179.5,28.6,172.4,1.0,high
192,Rourkela-Zone1,42,143.8,27.3,183.1,0.749,high
192,Rourkela-Zone1,43,129.1,29.7,188.0,0.822,high
192,Rourkela-Zone1,44,104.7,25.8,177.6,0.833,high
192,Rourkela-Zone1,45,34.6,25.1,195.7,1.0,medium
192,Rourkela-Zone1,46,27.1,26.8,203.0,0.999,medium
192,Rourkela-Zone1,47,19.4,24.2,203.7,0.801,medium
192,Rourkela-Zone1,48,4.4,22.9,196.4,0.943,medium
192,Rourkela-Zone1,49,16.7,23.5,195.4,0.866,medium
192,Rourkela-Zone1,50,18.1,22.1,190.4,0.866,medium
192,Rourkela-Zone1,51,19.9,26.5,201.4,0.888,medium
192,Rourkela-Zone1,52,0.0,16.7,201.0,0.852,medium
193,Bhubaneswar-Zone2,0,108.4,21.1,189.9,0.575,high
193,Bhubaneswar-Zone2,1,66.7,23.3,193.3,0.778,high
193,Bhubaneswar-Zone2,2,91.1,21.0,196.0,0.589,high
193,Bhubaneswar-Zone2,3,88.0,23.2,190.6,0.707,high
193,Bhubaneswar-Zone2,4,72.7,23.2,136.9,0.603,high
193,Bhubaneswar-Zone2,5,70.9,23.7,114.6,0.73,high
193,Bhubaneswar-Zone2,6,57.1,25.3,117.9,0.703,high
193,Bhubaneswar-Zone2,7,97.0,27.2,108.0,0.643,high
193,Bhubaneswar-Zone2,8,46.4,29.7,118.6,0.832,medium
193,Bhubaneswar-Zone2,9,41.6,29.3,109.4,0.673,medium
193,Bhubaneswar-Zone2,10,89.7,31.0,125.9,0.674,high
193,Bhubaneswar-Zone2,11,48.2,31.0,113.4,0.706,medium
193,Bhubaneswar-Zone2,12,51.8,32.7,113.7,0.55,high
193,Bhubaneswar-Zone2,13,128.9,34.8,95.1,0.569,high
193,Bhubaneswar-Zone2,14,48.1,34.4,114.6,0.788,medium
193,Bhubaneswar-Zone2,15,83.4,36.8,106.0,0.846,high
193,Bhubaneswar-Zone2,16,85.1,37.7,110.0,0.769,high
193,Bhubaneswar-Zone2,17,79.0,37.4,102.9,0.734,low
193,Bhubaneswar-Zone2,18,104.4,39.9,105.0,0.753,high
193,Bhubaneswar-Zone2,19,111.3,41.9,103.0,0.61,high
193,Bhubaneswar-Zone2,20,72.2,41.6,115.3,0.786,high
193,Bhubaneswar-Zone2,21,49.8,41.0,114.1,0.773,medium
193,Bhubaneswar-Zone2,22,74.5,40.8,103.9,0.53,high
193,Bhubaneswar-Zone2,23,135.2,42.9,108.3,0.547,high
193,Bhubaneswar-Zone2,24,142.8,45.0,110.1,0.55,high
193,Bhubaneswar-Zone2,25,213.2,44.1,96.4,0.749,high
193,Bhubaneswar-Zone2,26,244.8,41.9,89.4,0.779,high
193,Bhubaneswar-Zone2,27,229.8,42.9,94.4,0.582,high
193,Bhubaneswar-Zone2,28,257.8,43.2,89.7,0.647,medium
193,Bhubaneswar-Zone2,29,279.6,42.9,86.7,0.76,high
193,Bhubaneswar-Zone2,30,323.3,39.3,86.4,0.774,high
193,Bhubaneswar-Zone2,31,349.4,41.3,75.7,0.841,high
193,Bhubaneswar-Zone2,32,343.1,39.3,87.0,0.647,high
193,Bhubaneswar-Zone2,33,339.2,37.7,72.0,0.844,high
193,Bhubaneswar-Zone2,34,333.2,38.6,85.4,0.728,high
193,Bhubaneswar-Zone2,35,359.8,35.4,79.1,0.807,high
193,Bhubaneswar-Zone2,36,362.9,35.0,81.6,0.7,high
193,Bhubaneswar-Zone2,37,299.2,34.3,85.6,0.649,medium
193,Bhubaneswar-Zone2,38,297.3,31.5,112.0,0.772,high
193,Bhubaneswar-Zone2,39,298.5,33.3,172.7,0.573,high
193,Bhubaneswar-Zone2,40,306.6,31.3,161.4,0.806,high
193,Bhubaneswar-Zone2,41,250.9,30.8,175.1,0.762,high
193,Bhubaneswar-Zone2,42,222.5,32.6,174.1,0.584,high
193,Bhubaneswar-Zone2,43,240.7,28.6,180.7,0.514,high
193,Bhubaneswar-Zone2,44,170.7,25.8,181.1,0.491,high
193,Bhubaneswar-Zone2,45,115.2,27.1,179.3,0.671,high
193,Bhubaneswar-Zone2,46,103.4,24.2,181.1,0.688,high
193,Bhubaneswar-Zone2,47,123.4,26.9,181.4,0.643,high
193,Bhubaneswar-Zone2,48,92.9,23.7,190.6,0.653,high
193,Bhubaneswar-Zone2,49,71.1,23.2,195.3,0.679,high
193,Bhubaneswar-Zone2,50,89.6,23.4,189.3,0.667,high
193,Bhubaneswar-Zone2,51,31.0,23.1,195.4,0.846,medium
193,Bhubaneswar-Zone2,52,3.2,17.6,200.0,0.588,medium
194,Rourkela-Zone1,0,12.7,20.9,190.6,0.734,medium
194,Rourkela-Zone1,1,24.9,24.0,193.9,0.661,medium
194,Rourkela-Zone1,2,6.9,24.0,196.0,0.588,medium
194,Rourkela-Zone1,3,44.1,25.1,186.7,0.629,medium
194,Rourkela-Zone1,4,25.7,23.1,141.1,0.417,medium
194,Rourkela-Zone1,5,45.3,27.0,116.6,0.594,medium
194,Rourkela-Zone1,6,0.0,24.7,122.1,0.608,low
194,Rourkela-Zone1,7,13.6,28.2,101.6,0.557,low
194,Rourkela-Zone1,8,7.1,26.4,113.0,0.627,low
194,Rourkela-Zone1,9,42.5,29.2,118.1,0.446,medium
194,Rourkela-Zone1,10,4.4,32.2,114.0,0.752,low
194,Rourkela-Zone1,11,21.1,29.6,108.3,0.657,medium
194,Rourkela-Zone1,12,12.7,32.3,114.6,0.938,low
194,Rourkela-Zone1,13,30.3,35.3,104.7,0.582,medium
194,Rourkela-Zone1,14,11.6,36.0,119.1,0.678,low
194,Rourkela-Zone1,15,0.0,34.6,119.1,0.755,low
194,Rourkela-Zone1,16,8.5,36.6,116.0,0.61,low
194,Rourkela-Zone1,17,2.9,37.9,125.0,0.56,low
194,Rourkela-Zone1,18,19.5,39.1,114.0,0.53,medium
194,Rourkela-Zone1,19,16.4,41.1,111.6,0.548,medium
194,Rourkela-Zone1,20,59.8,40.2,117.1,0.595,high
194,Rourkela-Zone1,21,36.3,41.2,110.7,0.555,medium
194,Rourkela-Zone1,22,21.3,42.3,109.7,0.647,medium
194,Rourkela-Zone1,23,88.1,42.9,109.4,0.722,high
194,Rourkela-Zone1,24,118.1,43.9,107.7,0.588,high
194,Rourkela-Zone1,25,149.8,44.2,108.3,0.802,high
194,Rourkela-Zone1,26,149.3,42.9,99.3,0.443,high
194,Rourkela-Zone1,27,175.4,44.7,100.0,0.714,high
194,Rourkela-Zone1,28,191.7,40.9,96.9,0.417,high
194,Rourkela-Zone1,29,211.7,41.6,103.4,0.743,high
194,Rourkela-Zone1,30,223.5,41.2,94.6,0.613,high
194,Rourkela-Zone1,31,270.0,41.9,88.4,0.734,low
194,Rourkela-Zone1,32,262.3,41.3,93.0,0.518,high
194,Rourkela-Zone1,33,289.2,40.8,84.9,0.551,high
194,Rourkela-Zone1,34,271.3,38.8,90.9,0.649,high
194,Rourkela-Zone1,35,261.5,36.1,95.7,0.668,high
194,Rourkela-Zone1,36,265.7,34.2,99.6,0.462,high
194,Rourkela-Zone1,37,245.6,34.5,96.6,0.561,high
194,Rourkela-Zone1,38,252.5,34.9,100.7,0.731,high
194,Rourkela-Zone1,39,202.9,31.1,174.0,0.733,high
194,Rourkela-Zone1,40,262.6,29.5,162.4,0.718,high
194,Rourkela-Zone1,41,179.5,28.6,172.4,0.621,high
194,Rourkela-Zone1,42,143.8,27.3,183.1,0.556,high
194,Rourkela-Zone1,43,129.1,29.7,188.0,0.383,high
194,Rourkela-Zone1,44,104.7,25.8,177.6,0.75,high
194,Rourkela-Zone1,45,34.6,25.1,195.7,0.551,medium
194,Rourkela-Zone1,46,27.1,26.8,203.0,0.344,medium
194,Rourkela-Zone1,47,19.4,24.2,203.7,0.527,medium
194,Rourkela-Zone1,48,4.4,22.9,196.4,0.561,medium
194,Rourkela-Zone1,49,16.7,23.5,195.4,0.723,medium
194,Rourkela-Zone1,50,18.1,22.1,190.4,0.583,medium
194,Rourkela-Zone1,51,19.9,26.5,201.4,0.438,medium
194,Rourkela-Zone1,52,0.0,16.7,201.0,0.614,medium
195,Cuttack-Zone1,0,20.0,23.7,196.3,0.622,medium
195,Cuttack-Zone1,1,53.9,23.0,203.3,0.598,high
195,Cuttack-Zone1,2,39.0,22.9,200.9,0.582,medium
195,Cuttack-Zone1,3,52.1,24.6,189.0,0.712,high
195,Cuttack-Zone1,4,42.3,25.4,151.7,0.619,medium
195,Cuttack-Zone1,5,29.4,25.2,116.0,0.613,medium
195,Cuttack-Zone1,6,33.7,25.9,117.0,0.737,medium
195,Cuttack-Zone1,7,32.3,27.7,117.3,0.699,medium
195,Cuttack-Zone1,8,26.4,27.3,120.7,0.656,medium
195,Cuttack-Zone1,9,18.2,26.7,110.9,0.551,low
195,Cuttack-Zone1,10,12.5,29.6,110.7,0.589,low
195,Cuttack-Zone1,11,14.1,32.2,118.6,0.61,low
195,Cuttack-Zone1,12,53.2,30.8,110.4,0.49,high
195,Cuttack-Zone1,13,45.8,31.3,105.1,0.57,medium
195,Cuttack-Zone1,14,12.8,35.2,118.6,0.623,low
195,Cuttack-Zone1,15,68.1,36.8,115.9,0.677,high
195,Cuttack-Zone1,16,12.1,37.5,111.4,0.672,low
195,Cuttack-Zone1,17,63.9,38.5,104.0,0.635,high
195,Cuttack-Zone1,18,62.2,40.9,113.7,0.617,high
195,Cuttack-Zone1,19,33.3,38.5,111.6,0.515,medium
195,Cuttack-Zone1,20,26.4,39.6,116.0,0.581,medium
195,Cuttack-Zone1,21,31.7,41.9,114.3,0.621,medium
195,Cuttack-Zone1,22,62.7,39.8,117.4,0.39,high
195,Cuttack-Zone1,23,79.2,41.7,106.4,0.701,high
195,Cuttack-Zone1,24,159.5,42.0,102.3,0.762,high
195,Cuttack-Zone1,25,246.6,43.2,96.1,0.616,high
195,Cuttack-Zone1,26,198.7,41.4,97.4,0.624,high
195,Cuttack-Zone1,27,282.6,43.4,82.7,0.7,high
195,Cuttack-Zone1,28,235.4,40.8,94.9,0.609,high
195,Cuttack-Zone1,29,238.0,42.0,95.3,0.692,high
195,Cuttack-Zone1,30,288.1,42.8,83.0,0.685,high
195,Cuttack-Zone1,31,263.5,38.7,89.7,0.628,low
195,Cuttack-Zone1,32,334.1,40.7,72.4,0.52,high
195,Cuttack-Zone1,33,337.1,38.6,73.7,0.617,high
195,Cuttack-Zone1,34,302.3,38.0,94.7,0.764,high
195,Cuttack-Zone1,35,285.6,36.6,81.6,0.456,high
195,Cuttack-Zone1,36,313.4,35.3,77.0,0.655,high
195,Cuttack-Zone1,37,325.5,35.0,78.6,0.654,high
195,Cuttack-Zone1,38,264.2,34.8,115.7,0.515,high
195,Cuttack-Zone1,39,271.7,31.9,178.6,0.736,high
195,Cuttack-Zone1,40,247.0,29.6,171.7,0.459,high
195,Cuttack-Zone1,41,190.4,30.8,175.7,0.69,high
195,Cuttack-Zone1,42,184.7,28.1,171.0,0.629,high
195,Cuttack-Zone1,43,185.3,26.9,174.4,0.51,high
195,Cuttack-Zone1,44,119.5,26.5,181.4,0.766,high
195,Cuttack-Zone1,45,144.4,25.5,180.1,0.454,high
195,Cuttack-Zone1,46,76.7,24.8,191.4,0.742,high
195,Cuttack-Zone1,47,22.2,23.5,199.6,0.553,medium
195,Cuttack-Zone1,48,49.5,23.0,193.1,0.593,medium
195,Cuttack-Zone1,49,56.2,22.8,188.0,0.506,high
195,Cuttack-Zone1,50,55.0,22.8,190.0,0.561,high
195,Cuttack-Zone1,51,44.3,24.1,197.1,0.706,high
195,Cuttack-Zone1,52,0.9,17.3,221.0,0.65,medium
196,Cuttack-Zone1,0,20.0,23.7,196.3,1.0,medium
196,Cuttack-Zone1,1,53.9,23.0,203.3,0.82,high
196,Cuttack-Zone1,2,39.0,22.9,200.9,0.912,medium
196,Cuttack-Zone1,3,52.1,24.6,189.0,1.0,high
196,Cuttack-Zone1,4,42.3,25.4,151.7,0.826,medium
196,Cuttack-Zone1,5,29.4,25.2,116.0,0.638,high
196,Cuttack-Zone1,6,33.7,25.9,117.0,0.83,medium
196,Cuttack-Zone1,7,32.3,27.7,117.3,0.942,medium
196,Cuttack-Zone1,8,26.4,27.3,120.7,0.705,medium
196,Cuttack-Zone1,9,18.2,26.7,110.9,0.7,low
196,Cuttack-Zone1,10,12.5,29.6,110.7,0.886,low
196,Cuttack-Zone1,11,14.1,32.2,118.6,0.776,low
196,Cuttack-Zone1,12,53.2,30.8,110.4,1.0,high
196,Cuttack-Zone1,13,45.8,31.3,105.1,0.856,medium
196,Cuttack-Zone1,14,12.8,35.2,118.6,0.924,low
196,Cuttack-Zone1,15,68.1,36.8,115.9,0.853,high
196,Cuttack-Zone1,16,12.1,37.5,111.4,0.707,low
196,Cuttack-Zone1,17,63.9,38.5,104.0,0.742,high
196,Cuttack-Zone1,18,62.2,40.9,113.7,0.754,high
196,Cuttack-Zone1,19,33.3,38.5,111.6,0.876,medium
196,Cuttack-Zone1,20,26.4,39.6,116.0,0.826,medium
196,Cuttack-Zone1,21,31.7,41.9,114.3,0.655,medium
196,Cuttack-Zone1,22,62.7,39.8,117.4,0.936,high
196,Cuttack-Zone1,23,79.2,41.7,106.4,0.754,high
196,Cuttack-Zone1,24,159.5,42.0,102.3,0.816,high
196,Cuttack-Zone1,25,246.6,43.2,96.1,0.849,high
196,Cuttack-Zone1,26,198.7,41.4,97.4,0.806,high
196,Cuttack-Zone1,27,282.6,43.4,82.7,0.832,high
196,Cuttack-Zone1,28,235.4,40.8,94.9,0.82,high
196,Cuttack-Zone1,29,238.0,42.0,95.3,0.844,high
196,Cuttack-Zone1,30,288.1,42.8,83.0,0.841,high
196,Cuttack-Zone1,31,263.5,38.7,89.7,0.947,high
196,Cuttack-Zone1,32,334.1,40.7,72.4,0.748,high
196,Cuttack-Zone1,33,337.1,38.6,73.7,0.755,high
196,Cuttack-Zone1,34,302.3,38.0,94.7,0.953,high
196,Cuttack-Zone1,35,285.6,36.6,81.6,0.795,high
196,Cuttack-Zone1,36,313.4,35.3,77.0,0.532,high
196,Cuttack-Zone1,37,325.5,35.0,78.6,0.648,high
196,Cuttack-Zone1,38,264.2,34.8,115.7,0.814,high
196,Cuttack-Zone1,39,271.7,31.9,178.6,0.765,high
196,Cuttack-Zone1,40,247.0,29.6,171.7,0.843,high
196,Cuttack-Zone1,41,190.4,30.8,175.7,0.936,high
196,Cuttack-Zone1,42,184.7,28.1,171.0,0.885,high
196,Cuttack-Zone1,43,185.3,26.9,174.4,0.908,high
196,Cuttack-Zone1,44,119.5,26.5,181.4,0.873,high
196,Cuttack-Zone1,45,144.4,25.5,180.1,0.618,high
196,Cuttack-Zone1,46,76.7,24.8,191.4,0.919,low
196,Cuttack-Zone1,47,22.2,23.5,199.6,0.955,medium
196,Cuttack-Zone1,48,49.5,23.0,193.1,0.726,medium
196,Cuttack-Zone1,49,56.2,22.8,188.0,0.717,high
196,Cuttack-Zone1,50,55.0,22.8,190.0,0.998,low
196,Cuttack-Zone1,51,44.3,24.1,197.1,0.852,medium
196,Cuttack-Zone1,52,0.9,17.3,221.0,0.736,medium
197,Bhubaneswar-Zone1,0,49.0,21.8,193.4,0.938,medium
197,Bhubaneswar-Zone1,1,77.8,23.1,182.0,0.764,high
197,Bhubaneswar-Zone1,2,27.0,23.8,197.1,0.998,medium
197,Bhubaneswar-Zone1,3,32.5,23.1,193.3,1.0,medium
197,Bhubaneswar-Zone1,4,67.9,25.4,131.0,0.876,high
197,Bhubaneswar-Zone1,5,37.2,24.4,116.6,0.876,medium
197,Bhubaneswar-Zone1,6,45.8,26.3,107.7,1.0,medium
197,Bhubaneswar-Zone1,7,109.5,27.1,101.0,0.928,high
197,Bhubaneswar-Zone1,8,26.4,27.9,123.0,0.904,medium
197,Bhubaneswar-Zone1,9,61.9,27.4,112.9,0.926,high
197,Bhubaneswar-Zone1,10,59.1,31.8,121.6,0.846,high
197,Bhubaneswar-Zone1,11,32.6,31.7,106.6,0.917,medium
197,Bhubaneswar-Zone1,12,48.3,31.4,115.1,0.931,medium
197,Bhubaneswar-Zone1,13,55.6,33.5,107.3,0.818,high
197,Bhubaneswar-Zone1,14,37.3,32.8,121.4,0.876,medium
197,Bhubaneswar-Zone1,15,24.6,36.4,111.0,0.929,medium
197,Bhubaneswar-Zone1,16,91.3,37.6,114.3,0.924,high
197,Bhubaneswar-Zone1,17,48.1,39.2,118.1,1.0,medium
197,Bhubaneswar-Zone1,18,42.5,39.3,118.9,0.966,medium
197,Bhubaneswar-Zone1,19,77.0,39.9,110.1,1.0,high
197,Bhubaneswar-Zone1,20,47.5,40.4,112.1,0.888,high
197,Bhubaneswar-Zone1,21,40.6,40.8,113.6,1.0,medium
197,Bhubaneswar-Zone1,22,106.5,43.3,98.6,0.897,high
197,Bhubaneswar-Zone1,23,108.8,39.8,95.1,0.798,high
197,Bhubaneswar-Zone1,24,131.7,42.3,109.6,0.814,high
197,Bhubaneswar-Zone1,25,172.0,44.7,95.6,1.0,high
197,Bhubaneswar-Zone1,26,233.2,43.0,91.6,0.931,high
197,Bhubaneswar-Zone1,27,239.5,39.7,100.0,0.905,high
197,Bhubaneswar-Zone1,28,277.5,41.6,82.4,1.0,medium
197,Bhubaneswar-Zone1,29,266.7,44.0,80.0,1.0,medium
197,Bhubaneswar-Zone1,30,288.9,41.6,86.7,0.909,high
197,Bhubaneswar-Zone1,31,315.4,37.7,94.3,1.0,high
197,Bhubaneswar-Zone1,32,347.5,38.7,80.1,0.894,high
197,Bhubaneswar-Zone1,33,310.4,40.2,84.4,0.999,high
197,Bhubaneswar-Zone1,34,360.4,35.9,81.1,0.929,high
197,Bhubaneswar-Zone1,35,379.1,39.7,78.3,0.724,high
197,Bhubaneswar-Zone1,36,336.6,37.5,77.7,0.812,high
197,Bhubaneswar-Zone1,37,342.3,34.8,76.1,0.824,high
197,Bhubaneswar-Zone1,38,316.9,32.3,111.4,0.844,high
197,Bhubaneswar-Zone1,39,305.7,31.8,166.1,0.823,high
197,Bhubaneswar-Zone1,40,248.4,30.8,169.3,0.742,high
197,Bhubaneswar-Zone1,41,221.0,28.0,179.9,0.969,high
197,Bhubaneswar-Zone1,42,190.3,28.7,179.9,0.912,high
197,Bhubaneswar-Zone1,43,201.3,28.2,167.6,0.921,high
197,Bhubaneswar-Zone1,44,162.7,26.5,180.9,0.781,high
197,Bhubaneswar-Zone1,45,104.4,24.5,193.9,0.912,high
197,Bhubaneswar-Zone1,46,101.0,27.6,195.9,0.86,high
197,Bhubaneswar-Zone1,47,24.5,25.1,193.1,1.0,medium
197,Bhubaneswar-Zone1,48,43.1,26.0,193.1,0.984,medium
197,Bhubaneswar-Zone1,49,36.6,22.9,204.1,0.928,medium
197,Bhubaneswar-Zone1,50,40.1,21.7,205.1,1.0,medium
197,Bhubaneswar-Zone1,51,59.8,22.2,197.9,0.888,high
197,Bhubaneswar-Zone1,52,22.7,20.0,193.0,0.933,medium
198,Puri-Zone1,0,125.9,22.3,186.0,0.807,high
198,Puri-Zone1,1,116.2,22.7,185.0,0.786,high
198,Puri-Zone1,2,77.3,23.1,189.1,0.873,high
198,Puri-Zone1,3,144.2,24.7,182.0,0.935,high
198,Puri-Zone1,4,104.0,23.6,137.7,0.84,high
198,Puri-Zone1,5,75.6,24.8,105.9,0.76,high
198,Puri-Zone1,6,77.2,25.1,109.7,0.821,high
198,Puri-Zone1,7,81.9,25.9,100.3,0.783,high
198,Puri-Zone1,8,105.0,27.3,110.9,0.808,high
198,Puri-Zone1,9,117.3,26.6,105.0,0.79,high
198,Puri-Zone1,10,105.1,29.5,106.1,0.908,high
198,Puri-Zone1,11,92.2,31.1,109.7,1.0,high
198,Puri-Zone1,12,104.3,33.4,109.0,0.804,high
198,Puri-Zone1,13,69.9,32.5,108.0,0.85,high
198,Puri-Zone1,14,132.9,34.1,110.4,0.79,high
198,Puri-Zone1,15,100.4,36.5,110.0,0.773,low
198,Puri-Zone1,16,72.5,36.9,111.0,0.851,high
198,Puri-Zone1,17,94.5,37.0,95.1,0.846,medium
198,Puri-Zone1,18,118.3,37.5,115.7,0.892,high
198,Puri-Zone1,19,114.9,40.1,103.0,0.862,high
198,Puri-Zone1,20,113.4,42.0,109.1,0.936,high
198,Puri-Zone1,21,66.8,41.2,111.9,0.874,high
198,Puri-Zone1,22,168.6,42.4,94.4,0.834,high
198,Puri-Zone1,23,169.2,41.7,96.7,0.756,high
198,Puri-Zone1,24,223.9,41.5,88.4,0.888,high
198,Puri-Zone1,25,238.0,42.9,88.3,0.866,low
198,Puri-Zone1,26,282.3,43.3,92.1,0.607,high
198,Puri-Zone1,27,270.7,41.6,90.7,0.947,high
198,Puri-Zone1,28,286.8,41.9,83.1,0.851,high
198,Puri-Zone1,29,340.7,40.4,88.9,0.737,high
198,Puri-Zone1,30,335.2,42.2,81.0,1.0,high
198,Puri-Zone1,31,385.5,40.3,84.7,0.753,high
198,Puri-Zone1,32,385.3,40.4,81.3,0.825,high
198,Puri-Zone1,33,344.1,40.2,81.4,0.749,high
198,Puri-Zone1,34,373.5,39.4,77.7,0.703,high
198,Puri-Zone1,35,389.2,37.7,64.0,1.0,high
198,Puri-Zone1,36,358.5,35.0,76.6,1.0,high
198,Puri-Zone1,37,354.0,35.9,92.4,0.967,high
198,Puri-Zone1,38,315.8,36.3,103.7,0.869,high
198,Puri-Zone1,39,351.5,35.2,150.6,0.966,high
198,Puri-Zone1,40,291.4,33.1,171.6,0.958,high
198,Puri-Zone1,41,285.5,31.7,169.0,0.899,high
198,Puri-Zone1,42,247.4,27.8,169.7,0.811,high
198,Puri-Zone1,43,246.9,27.8,159.6,0.793,high
198,Puri-Zone1,44,197.4,26.4,181.7,0.925,high
198,Puri-Zone1,45,159.8,23.8,182.3,0.863,high
198,Puri-Zone1,46,101.3,24.8,181.4,0.831,high
198,Puri-Zone1,47,113.6,24.7,191.0,0.807,high
198,Puri-Zone1,48,105.8,24.6,174.6,1.0,high
198,Puri-Zone1,49,69.5,24.6,191.0,0.921,high
198,Puri-Zone1,50,75.1,24.2,196.6,0.957,high
198,Puri-Zone1,51,109.4,21.1,192.7,0.938,high
198,Puri-Zone1,52,13.9,21.5,190.0,0.769,medium
199,Rourkela-Zone1,0,12.7,20.9,190.6,0.589,medium
199,Rourkela-Zone1,1,24.9,24.0,193.9,0.67,medium
199,Rourkela-Zone1,2,6.9,24.0,196.0,0.429,medium
199,Rourkela-Zone1,3,44.1,25.1,186.7,0.536,medium
199,Rourkela-Zone1,4,25.7,23.1,141.1,0.751,medium
199,Rourkela-Zone1,5,45.3,27.0,116.6,0.607,medium
199,Rourkela-Zone1,6,0.0,24.7,122.1,0.751,high
199,Rourkela-Zone1,7,13.6,28.2,101.6,0.476,low
199,Rourkela-Zone1,8,7.1,26.4,113.0,0.645,low
199,Rourkela-Zone1,9,42.5,29.2,118.1,0.626,medium
199,Rourkela-Zone1,10,4.4,32.2,114.0,0.505,low
199,Rourkela-Zone1,11,21.1,29.6,108.3,0.63,medium
199,Rourkela-Zone1,12,12.7,32.3,114.6,0.629,low
199,Rourkela-Zone1,13,30.3,35.3,104.7,0.75,medium
199,Rourkela-Zone1,14,11.6,36.0,119.1,0.775,low
199,Rourkela-Zone1,15,0.0,34.6,119.1,0.753,low
199,Rourkela-Zone1,16,8.5,36.6,116.0,0.814,low
199,Rourkela-Zone1,17,2.9,37.9,125.0,0.679,low
199,Rourkela-Zone1,18,19.5,39.1,114.0,0.679,medium
199,Rourkela-Zone1,19,16.4,41.1,111.6,0.743,medium
199,Rourkela-Zone1,20,59.8,40.2,117.1,0.631,high
199,Rourkela-Zone1,21,36.3,41.2,110.7,0.699,medium
199,Rourkela-Zone1,22,21.3,42.3,109.7,0.694,medium
199,Rourkela-Zone1,23,88.1,42.9,109.4,0.713,high
199,Rourkela-Zone1,24,118.1,43.9,107.7,0.781,high
199,Rourkela-Zone1,25,149.8,44.2,108.3,0.597,high
199,Rourkela-Zone1,26,149.3,42.9,99.3,0.6,high
199,Rourkela-Zone1,27,175.4,44.7,100.0,0.887,high
199,Rourkela-Zone1,28,191.7,40.9,96.9,0.597,high
199,Rourkela-Zone1,29,211.7,41.6,103.4,0.635,high
199,Rourkela-Zone1,30,223.5,41.2,94.6,0.723,high
199,Rourkela-Zone1,31,270.0,41.9,88.4,0.488,medium
199,Rourkela-Zone1,32,262.3,41.3,93.0,0.622,medium
199,Rourkela-Zone1,33,289.2,40.8,84.9,0.541,high
199,Rourkela-Zone1,34,271.3,38.8,90.9,0.559,high
199,Rourkela-Zone1,35,261.5,36.1,95.7,0.625,high
199,Rourkela-Zone1,36,265.7,34.2,99.6,0.815,high
199,Rourkela-Zone1,37,245.6,34.5,96.6,0.622,high
199,Rourkela-Zone1,38,252.5,34.9,100.7,0.65,high
199,Rourkela-Zone1,39,202.9,31.1,174.0,0.628,high
199,Rourkela-Zone1,40,262.6,29.5,162.4,0.696,high
199,Rourkela-Zone1,41,179.5,28.6,172.4,0.755,high
199,Rourkela-Zone1,42,143.8,27.3,183.1,0.528,high
199,Rourkela-Zone1,43,129.1,29.7,188.0,0.659,high
199,Rourkela-Zone1,44,104.7,25.8,177.6,0.728,high
199,Rourkela-Zone1,45,34.6,25.1,195.7,0.675,medium
199,Rourkela-Zone1,46,27.1,26.8,203.0,0.756,medium
199,Rourkela-Zone1,47,19.4,24.2,203.7,0.52,medium
199,Rourkela-Zone1,48,4.4,22.9,196.4,0.546,medium
199,Rourkela-Zone1,49,16.7,23.5,195.4,0.729,medium
199,Rourkela-Zone1,50,18.1,22.1,190.4,0.943,medium
199,Rourkela-Zone1,51,19.9,26.5,201.4,0.634,medium
199,Rourkela-Zone1,52,0.0,16.7,201.0,0.717,medium
200,Bhubaneswar-Zone2,0,108.4,21.1,189.9,0.704,high
200,Bhubaneswar-Zone2,1,66.7,23.3,193.3,0.952,high
200,Bhubaneswar-Zone2,2,91.1,21.0,196.0,0.676,high
200,Bhubaneswar-Zone2,3,88.0,23.2,190.6,0.495,high
200,Bhubaneswar-Zone2,4,72.7,23.2,136.9,0.703,high
200,Bhubaneswar-Zone2,5,70.9,23.7,114.6,0.805,high
200,Bhubaneswar-Zone2,6,57.1,25.3,117.9,0.796,high
200,Bhubaneswar-Zone2,7,97.0,27.2,108.0,0.801,high
200,Bhubaneswar-Zone2,8,46.4,29.7,118.6,0.787,medium
200,Bhubaneswar-Zone2,9,41.6,29.3,109.4,0.91,medium
200,Bhubaneswar-Zone2,10,89.7,31.0,125.9,0.757,high
200,Bhubaneswar-Zone2,11,48.2,31.0,113.4,0.674,medium
200,Bhubaneswar-Zone2,12,51.8,32.7,113.7,0.681,medium
200,Bhubaneswar-Zone2,13,128.9,34.8,95.1,0.699,high
200,Bhubaneswar-Zone2,14,48.1,34.4,114.6,0.941,medium
200,Bhubaneswar-Zone2,15,83.4,36.8,106.0,0.754,high
200,Bhubaneswar-Zone2,16,85.1,37.7,110.0,0.814,high
200,Bhubaneswar-Zone2,17,79.0,37.4,102.9,0.735,high
200,Bhubaneswar-Zone2,18,104.4,39.9,105.0,0.771,high
200,Bhubaneswar-Zone2,19,111.3,41.9,103.0,0.607,high
200,Bhubaneswar-Zone2,20,72.2,41.6,115.3,0.65,high
200,Bhubaneswar-Zone2,21,49.8,41.0,114.1,0.839,medium
200,Bhubaneswar-Zone2,22,74.5,40.8,103.9,0.791,high
200,Bhubaneswar-Zone2,23,135.2,42.9,108.3,0.782,high
200,Bhubaneswar-Zone2,24,142.8,45.0,110.1,0.771,high
200,Bhubaneswar-Zone2,25,213.2,44.1,96.4,0.922,high
200,Bhubaneswar-Zone2,26,244.8,41.9,89.4,0.672,high
200,Bhubaneswar-Zone2,27,229.8,42.9,94.4,0.862,high
200,Bhubaneswar-Zone2,28,257.8,43.2,89.7,0.669,high
200,Bhubaneswar-Zone2,29,279.6,42.9,86.7,0.684,medium
200,Bhubaneswar-Zone2,30,323.3,39.3,86.4,0.802,high
200,Bhubaneswar-Zone2,31,349.4,41.3,75.7,0.719,high
200,Bhubaneswar-Zone2,32,343.1,39.3,87.0,0.658,high
200,Bhubaneswar-Zone2,33,339.2,37.7,72.0,0.676,high
200,Bhubaneswar-Zone2,34,333.2,38.6,85.4,0.871,high
200,Bhubaneswar-Zone2,35,359.8,35.4,79.1,0.934,high
200,Bhubaneswar-Zone2,36,362.9,35.0,81.6,0.591,high
200,Bhubaneswar-Zone2,37,299.2,34.3,85.6,0.614,high
200,Bhubaneswar-Zone2,38,297.3,31.5,112.0,0.674,high
200,Bhubaneswar-Zone2,39,298.5,33.3,172.7,0.874,high
200,Bhubaneswar-Zone2,40,306.6,31.3,161.4,0.69,high
200,Bhubaneswar-Zone2,41,250.9,30.8,175.1,0.79,high
200,Bhubaneswar-Zone2,42,222.5,32.6,174.1,0.71,high
200,Bhubaneswar-Zone2,43,240.7,28.6,180.7,0.677,high
200,Bhubaneswar-Zone2,44,170.7,25.8,181.1,0.704,high
200,Bhubaneswar-Zone2,45,115.2,27.1,179.3,0.607,high
200,Bhubaneswar-Zone2,46,103.4,24.2,181.1,0.803,high
200,Bhubaneswar-Zone2,47,123.4,26.9,181.4,0.656,high
200,Bhubaneswar-Zone2,48,92.9,23.7,190.6,0.667,high
200,Bhubaneswar-Zone2,49,71.1,23.2,195.3,0.644,high
200,Bhubaneswar-Zone2,50,89.6,23.4,189.3,0.891,high
200,Bhubaneswar-Zone2,51,31.0,23.1,195.4,0.683,medium
200,Bhubaneswar-Zone2,52,3.2,17.6,200.0,0.75,medium
201,Cuttack-Zone1,0,20.0,23.7,196.3,0.654,medium
201,Cuttack-Zone1,1,53.9,23.0,203.3,0.606,high
201,Cuttack-Zone1,2,39.0,22.9,200.9,0.742,medium
201,Cuttack-Zone1,3,52.1,24.6,189.0,0.965,high
201,Cuttack-Zone1,4,42.3,25.4,151.7,0.876,medium
201,Cuttack-Zone1,5,29.4,25.2,116.0,1.0,medium
201,Cuttack-Zone1,6,33.7,25.9,117.0,0.982,low
201,Cuttack-Zone1,7,32.3,27.7,117.3,0.62,medium
201,Cuttack-Zone1,8,26.4,27.3,120.7,0.91,medium
201,Cuttack-Zone1,9,18.2,26.7,110.9,0.789,low
201,Cuttack-Zone1,10,12.5,29.6,110.7,0.753,low
201,Cuttack-Zone1,11,14.1,32.2,118.6,0.85,low
201,Cuttack-Zone1,12,53.2,30.8,110.4,0.78,high
201,Cuttack-Zone1,13,45.8,31.3,105.1,0.841,medium
201,Cuttack-Zone1,14,12.8,35.2,118.6,1.0,low
201,Cuttack-Zone1,15,68.1,36.8,115.9,0.821,high
201,Cuttack-Zone1,16,12.1,37.5,111.4,0.928,low
201,Cuttack-Zone1,17,63.9,38.5,104.0,0.74,high
201,Cuttack-Zone1,18,62.2,40.9,113.7,0.924,high
201,Cuttack-Zone1,19,33.3,38.5,111.6,0.886,medium
201,Cuttack-Zone1,20,26.4,39.6,116.0,0.933,medium
201,Cuttack-Zone1,21,31.7,41.9,114.3,0.786,medium
201,Cuttack-Zone1,22,62.7,39.8,117.4,0.899,high
201,Cuttack-Zone1,23,79.2,41.7,106.4,1.0,high
201,Cuttack-Zone1,24,159.5,42.0,102.3,0.928,high
201,Cuttack-Zone1,25,246.6,43.2,96.1,0.857,high
201,Cuttack-Zone1,26,198.7,41.4,97.4,0.887,high
201,Cuttack-Zone1,27,282.6,43.4,82.7,0.791,high
201,Cuttack-Zone1,28,235.4,40.8,94.9,0.898,high
201,Cuttack-Zone1,29,238.0,42.0,95.3,0.916,high
201,Cuttack-Zone1,30,288.1,42.8,83.0,0.861,high
201,Cuttack-Zone1,31,263.5,38.7,89.7,0.744,high
201,Cuttack-Zone1,32,334.1,40.7,72.4,0.767,high
201,Cuttack-Zone1,33,337.1,38.6,73.7,0.733,high
201,Cuttack-Zone1,34,302.3,38.0,94.7,0.783,high
201,Cuttack-Zone1,35,285.6,36.6,81.6,0.93,high
201,Cuttack-Zone1,36,313.4,35.3,77.0,0.887,high
201,Cuttack-Zone1,37,325.5,35.0,78.6,0.84,high
201,Cuttack-Zone1,38,264.2,34.8,115.7,0.826,high
201,Cuttack-Zone1,39,271.7,31.9,178.6,0.855,high
201,Cuttack-Zone1,40,247.0,29.6,171.7,0.917,high
201,Cuttack-Zone1,41,190.4,30.8,175.7,0.632,medium
201,Cuttack-Zone1,42,184.7,28.1,171.0,0.914,high
201,Cuttack-Zone1,43,185.3,26.9,174.4,0.962,high
201,Cuttack-Zone1,44,119.5,26.5,181.4,0.889,high
201,Cuttack-Zone1,45,144.4,25.5,180.1,0.886,high
201,Cuttack-Zone1,46,76.7,24.8,191.4,1.0,high
201,Cuttack-Zone1,47,22.2,23.5,199.6,0.743,medium
201,Cuttack-Zone1,48,49.5,23.0,193.1,1.0,medium
201,Cuttack-Zone1,49,56.2,22.8,188.0,1.0,high
201,Cuttack-Zone1,50,55.0,22.8,190.0,0.973,high
201,Cuttack-Zone1,51,44.3,24.1,197.1,0.992,medium
201,Cuttack-Zone1,52,0.9,17.3,221.0,1.0,medium
202,Bhubaneswar-Zone1,0,49.0,21.8,193.4,0.9,medium
202,Bhubaneswar-Zone1,1,77.8,23.1,182.0,0.661,high
202,Bhubaneswar-Zone1,2,27.0,23.8,197.1,0.783,medium
202,Bhubaneswar-Zone1,3,32.5,23.1,193.3,0.658,medium
202,Bhubaneswar-Zone1,4,67.9,25.4,131.0,0.714,high
202,Bhubaneswar-Zone1,5,37.2,24.4,116.6,0.757,medium
202,Bhubaneswar-Zone1,6,45.8,26.3,107.7,0.789,medium
202,Bhubaneswar-Zone1,7,109.5,27.1,101.0,0.931,high
202,Bhubaneswar-Zone1,8,26.4,27.9,123.0,0.75,medium
202,Bhubaneswar-Zone1,9,61.9,27.4,112.9,0.814,high
202,Bhubaneswar-Zone1,10,59.1,31.8,121.6,0.652,high
202,Bhubaneswar-Zone1,11,32.6,31.7,106.6,0.627,medium
202,Bhubaneswar-Zone1,12,48.3,31.4,115.1,0.848,medium
202,Bhubaneswar-Zone1,13,55.6,33.5,107.3,0.818,high
202,Bhubaneswar-Zone1,14,37.3,32.8,121.4,0.598,medium
202,Bhubaneswar-Zone1,15,24.6,36.4,111.0,0.778,medium
202,Bhubaneswar-Zone1,16,91.3,37.6,114.3,0.627,high
202,Bhubaneswar-Zone1,17,48.1,39.2,118.1,0.823,low
202,Bhubaneswar-Zone1,18,42.5,39.3,118.9,0.735,medium
202,Bhubaneswar-Zone1,19,77.0,39.9,110.1,0.616,high
202,Bhubaneswar-Zone1,20,47.5,40.4,112.1,0.78,medium
202,Bhubaneswar-Zone1,21,40.6,40.8,113.6,0.769,medium
202,Bhubaneswar-Zone1,22,106.5,43.3,98.6,0.703,high
202,Bhubaneswar-Zone1,23,108.8,39.8,95.1,0.588,high
202,Bhubaneswar-Zone1,24,131.7,42.3,109.6,0.717,high
202,Bhubaneswar-Zone1,25,172.0,44.7,95.6,0.841,high
202,Bhubaneswar-Zone1,26,233.2,43.0,91.6,0.643,high
202,Bhubaneswar-Zone1,27,239.5,39.7,100.0,0.764,high
202,Bhubaneswar-Zone1,28,277.5,41.6,82.4,0.725,high
202,Bhubaneswar-Zone1,29,266.7,44.0,80.0,0.81,high
202,Bhubaneswar-Zone1,30,288.9,41.6,86.7,0.68,high
202,Bhubaneswar-Zone1,31,315.4,37.7,94.3,0.798,high
202,Bhubaneswar-Zone1,32,347.5,38.7,80.1,0.709,high
202,Bhubaneswar-Zone1,33,310.4,40.2,84.4,0.824,high
202,Bhubaneswar-Zone1,34,360.4,35.9,81.1,0.739,high
202,Bhubaneswar-Zone1,35,379.1,39.7,78.3,0.764,high
202,Bhubaneswar-Zone1,36,336.6,37.5,77.7,0.481,high
202,Bhubaneswar-Zone1,37,342.3,34.8,76.1,0.723,high
202,Bhubaneswar-Zone1,38,316.9,32.3,111.4,0.743,high
202,Bhubaneswar-Zone1,39,305.7,31.8,166.1,0.822,high
202,Bhubaneswar-Zone1,40,248.4,30.8,169.3,0.642,high
202,Bhubaneswar-Zone1,41,221.0,28.0,179.9,0.776,high
202,Bhubaneswar-Zone1,42,190.3,28.7,179.9,1.0,low
202,Bhubaneswar-Zone1,43,201.3,28.2,167.6,0.869,high
202,Bhubaneswar-Zone1,44,162.7,26.5,180.9,0.857,high
202,Bhubaneswar-Zone1,45,104.4,24.5,193.9,0.784,high
202,Bhubaneswar-Zone1,46,101.0,27.6,195.9,0.644,high
202,Bhubaneswar-Zone1,47,24.5,25.1,193.1,0.837,medium
202,Bhubaneswar-Zone1,48,43.1,26.0,193.1,0.697,medium
202,Bhubaneswar-Zone1,49,36.6,22.9,204.1,0.796,medium
202,Bhubaneswar-Zone1,50,40.1,21.7,205.1,0.728,medium
202,Bhubaneswar-Zone1,51,59.8,22.2,197.9,0.801,high
202,Bhubaneswar-Zone1,52,22.7,20.0,193.0,0.818,medium
203,Bhubaneswar-Zone1,0,49.0,21.8,193.4,0.728,high
203,Bhubaneswar-Zone1,1,77.8,23.1,182.0,0.697,high
203,Bhubaneswar-Zone1,2,27.0,23.8,197.1,0.661,medium
203,Bhubaneswar-Zone1,3,32.5,23.1,193.3,0.724,medium
203,Bhubaneswar-Zone1,4,67.9,25.4,131.0,0.598,high
203,Bhubaneswar-Zone1,5,37.2,24.4,116.6,0.739,medium
203,Bhubaneswar-Zone1,6,45.8,26.3,107.7,0.769,medium
203,Bhubaneswar-Zone1,7,109.5,27.1,101.0,0.683,high
203,Bhubaneswar-Zone1,8,26.4,27.9,123.0,0.722,medium
203,Bhubaneswar-Zone1,9,61.9,27.4,112.9,0.702,high
203,Bhubaneswar-Zone1,10,59.1,31.8,121.6,0.682,high
203,Bhubaneswar-Zone1,11,32.6,31.7,106.6,0.682,medium
203,Bhubaneswar-Zone1,12,48.3,31.4,115.1,0.54,medium
203,Bhubaneswar-Zone1,13,55.6,33.5,107.3,0.749,high
203,Bhubaneswar-Zone1,14,37.3,32.8,121.4,0.644,medium
203,Bhubaneswar-Zone1,15,24.6,36.4,111.0,0.655,high
203,Bhubaneswar-Zone1,16,91.3,37.6,114.3,0.638,high
203,Bhubaneswar-Zone1,17,48.1,39.2,118.1,0.608,medium
203,Bhubaneswar-Zone1,18,42.5,39.3,118.9,0.666,medium
203,Bhubaneswar-Zone1,19,77.0,39.9,110.1,0.466,high
203,Bhubaneswar-Zone1,20,47.5,40.4,112.1,0.468,medium
203,Bhubaneswar-Zone1,21,40.6,40.8,113.6,0.671,medium
203,Bhubaneswar-Zone1,22,106.5,43.3,98.6,0.576,high
203,Bhubaneswar-Zone1,23,108.8,39.8,95.1,0.795,high
203,Bhubaneswar-Zone1,24,131.7,42.3,109.6,0.713,high
203,Bhubaneswar-Zone1,25,172.0,44.7,95.6,0.665,high
203,Bhubaneswar-Zone1,26,233.2,43.0,91.6,0.729,high
203,Bhubaneswar-Zone1,27,239.5,39.7,100.0,0.657,high
203,Bhubaneswar-Zone1,28,277.5,41.6,82.4,0.741,high
203,Bhubaneswar-Zone1,29,266.7,44.0,80.0,0.711,high
203,Bhubaneswar-Zone1,30,288.9,41.6,86.7,0.744,high
203,Bhubaneswar-Zone1,31,315.4,37.7,94.3,0.753,high
203,Bhubaneswar-Zone1,32,347.5,38.7,80.1,0.609,high
203,Bhubaneswar-Zone1,33,310.4,40.2,84.4,0.705,high
203,Bhubaneswar-Zone1,34,360.4,35.9,81.1,0.61,high
203,Bhubaneswar-Zone1,35,379.1,39.7,78.3,0.693,high
203,Bhubaneswar-Zone1,36,336.6,37.5,77.7,0.529,high
203,Bhubaneswar-Zone1,37,342.3,34.8,76.1,0.718,high
203,Bhubaneswar-Zone1,38,316.9,32.3,111.4,0.835,high
203,Bhubaneswar-Zone1,39,305.7,31.8,166.1,0.786,high
203,Bhubaneswar-Zone1,40,248.4,30.8,169.3,0.669,high
203,Bhubaneswar-Zone1,41,221.0,28.0,179.9,0.658,high
203,Bhubaneswar-Zone1,42,190.3,28.7,179.9,0.683,high
203,Bhubaneswar-Zone1,43,201.3,28.2,167.6,0.817,high
203,Bhubaneswar-Zone1,44,162.7,26.5,180.9,0.628,high
203,Bhubaneswar-Zone1,45,104.4,24.5,193.9,0.684,high
203,Bhubaneswar-Zone1,46,101.0,27.6,195.9,0.647,high
203,Bhubaneswar-Zone1,47,24.5,25.1,193.1,0.788,medium
203,Bhubaneswar-Zone1,48,43.1,26.0,193.1,0.419,medium
203,Bhubaneswar-Zone1,49,36.6,22.9,204.1,0.542,medium
203,Bhubaneswar-Zone1,50,40.1,21.7,205.1,0.801,medium
203,Bhubaneswar-Zone1,51,59.8,22.2,197.9,0.586,high
203,Bhubaneswar-Zone1,52,22.7,20.0,193.0,0.784,medium
204,Rourkela-Zone1,0,12.7,20.9,190.6,0.702,medium
204,Rourkela-Zone1,1,24.9,24.0,193.9,0.745,medium
204,Rourkela-Zone1,2,6.9,24.0,196.0,0.963,medium
204,Rourkela-Zone1,3,44.1,25.1,186.7,0.85,medium
204,Rourkela-Zone1,4,25.7,23.1,141.1,0.789,medium
204,Rourkela-Zone1,5,45.3,27.0,116.6,0.823,medium
204,Rourkela-Zone1,6,0.0,24.7,122.1,0.878,low
204,Rourkela-Zone1,7,13.6,28.2,101.6,0.783,low
204,Rourkela-Zone1,8,7.1,26.4,113.0,0.832,low
204,Rourkela-Zone1,9,42.5,29.2,118.1,1.0,low
204,Rourkela-Zone1,10,4.4,32.2,114.0,0.734,low
204,Rourkela-Zone1,11,21.1,29.6,108.3,0.696,medium
204,Rourkela-Zone1,12,12.7,32.3,114.6,0.882,low
204,Rourkela-Zone1,13,30.3,35.3,104.7,0.666,medium
204,Rourkela-Zone1,14,11.6,36.0,119.1,0.659,low
204,Rourkela-Zone1,15,0.0,34.6,119.1,0.795,low
204,Rourkela-Zone1,16,8.5,36.6,116.0,0.818,low
204,Rourkela-Zone1,17,2.9,37.9,125.0,0.715,low
204,Rourkela-Zone1,18,19.5,39.1,114.0,0.873,medium
204,Rourkela-Zone1,19,16.4,41.1,111.6,0.751,medium
204,Rourkela-Zone1,20,59.8,40.2,117.1,0.7,high
204,Rourkela-Zone1,21,36.3,41.2,110.7,0.768,medium
204,Rourkela-Zone1,22,21.3,42.3,109.7,0.83,low
204,Rourkela-Zone1,23,88.1,42.9,109.4,0.712,high
204,Rourkela-Zone1,24,118.1,43.9,107.7,0.886,high
204,Rourkela-Zone1,25,149.8,44.2,108.3,0.752,high
204,Rourkela-Zone1,26,149.3,42.9,99.3,0.666,high
204,Rourkela-Zone1,27,175.4,44.7,100.0,0.787,high
204,Rourkela-Zone1,28,191.7,40.9,96.9,0.718,high
204,Rourkela-Zone1,29,211.7,41.6,103.4,0.731,high
204,Rourkela-Zone1,30,223.5,41.2,94.6,0.894,high
204,Rourkela-Zone1,31,270.0,41.9,88.4,0.566,high
204,Rourkela-Zone1,32,262.3,41.3,93.0,0.705,high
204,Rourkela-Zone1,33,289.2,40.8,84.9,0.866,high
204,Rourkela-Zone1,34,271.3,38.8,90.9,0.83,high
204,Rourkela-Zone1,35,261.5,36.1,95.7,0.794,high
204,Rourkela-Zone1,36,265.7,34.2,99.6,0.746,high
204,Rourkela-Zone1,37,245.6,34.5,96.6,0.7,high
204,Rourkela-Zone1,38,252.5,34.9,100.7,0.854,high
204,Rourkela-Zone1,39,202.9,31.1,174.0,0.828,high
204,Rourkela-Zone1,40,262.6,29.5,162.4,0.701,high
204,Rourkela-Zone1,41,179.5,28.6,172.4,0.733,high
204,Rourkela-Zone1,42,143.8,27.3,183.1,0.945,high
204,Rourkela-Zone1,43,129.1,29.7,188.0,0.809,low
204,Rourkela-Zone1,44,104.7,25.8,177.6,0.724,high
204,Rourkela-Zone1,45,34.6,25.1,195.7,0.793,medium
204,Rourkela-Zone1,46,27.1,26.8,203.0,0.646,medium
204,Rourkela-Zone1,47,19.4,24.2,203.7,0.725,medium
204,Rourkela-Zone1,48,4.4,22.9,196.4,0.783,medium
204,Rourkela-Zone1,49,16.7,23.5,195.4,0.715,medium
204,Rourkela-Zone1,50,18.1,22.1,190.4,0.897,medium
204,Rourkela-Zone1,51,19.9,26.5,201.4,0.915,medium
204,Rourkela-Zone1,52,0.0,16.7,201.0,0.755,medium
205,Cuttack-Zone1,0,20.0,23.7,196.3,0.897,medium
205,Cuttack-Zone1,1,53.9,23.0,203.3,0.947,high
205,Cuttack-Zone1,2,39.0,22.9,200.9,0.75,medium
205,Cuttack-Zone1,3,52.1,24.6,189.0,0.981,high
205,Cuttack-Zone1,4,42.3,25.4,151.7,0.885,medium
205,Cuttack-Zone1,5,29.4,25.2,116.0,0.772,medium
205,Cuttack-Zone1,6,33.7,25.9,117.0,0.826,medium
205,Cuttack-Zone1,7,32.3,27.7,117.3,0.851,medium
205,Cuttack-Zone1,8,26.4,27.3,120.7,0.738,medium
205,Cuttack-Zone1,9,18.2,26.7,110.9,0.786,low
205,Cuttack-Zone1,10,12.5,29.6,110.7,0.731,low
205,Cuttack-Zone1,11,14.1,32.2,118.6,0.914,low
205,Cuttack-Zone1,12,53.2,30.8,110.4,0.912,high
205,Cuttack-Zone1,13,45.8,31.3,105.1,1.0,medium
205,Cuttack-Zone1,14,12.8,35.2,118.6,0.922,low
205,Cuttack-Zone1,15,68.1,36.8,115.9,0.952,high
205,Cuttack-Zone1,16,12.1,37.5,111.4,0.963,low
205,Cuttack-Zone1,17,63.9,38.5,104.0,0.8,high
205,Cuttack-Zone1,18,62.2,40.9,113.7,0.789,high
205,Cuttack-Zone1,19,33.3,38.5,111.6,0.775,medium
205,Cuttack-Zone1,20,26.4,39.6,116.0,0.85,medium
205,Cuttack-Zone1,21,31.7,41.9,114.3,0.842,medium
205,Cuttack-Zone1,22,62.7,39.8,117.4,0.9,high
205,Cuttack-Zone1,23,79.2,41.7,106.4,0.972,high
205,Cuttack-Zone1,24,159.5,42.0,102.3,0.952,high
205,Cuttack-Zone1,25,246.6,43.2,96.1,0.842,high
205,Cuttack-Zone1,26,198.7,41.4,97.4,0.825,high
205,Cuttack-Zone1,27,282.6,43.4,82.7,0.836,high
205,Cuttack-Zone1,28,235.4,40.8,94.9,0.848,high
205,Cuttack-Zone1,29,238.0,42.0,95.3,0.834,high
205,Cuttack-Zone1,30,288.1,42.8,83.0,0.79,high
205,Cuttack-Zone1,31,263.5,38.7,89.7,0.703,high
205,Cuttack-Zone1,32,334.1,40.7,72.4,0.876,high
205,Cuttack-Zone1,33,337.1,38.6,73.7,0.93,high
205,Cuttack-Zone1,34,302.3,38.0,94.7,0.851,high
205,Cuttack-Zone1,35,285.6,36.6,81.6,0.937,high
205,Cuttack-Zone1,36,313.4,35.3,77.0,0.781,high
205,Cuttack-Zone1,37,325.5,35.0,78.6,1.0,high
205,Cuttack-Zone1,38,264.2,34.8,115.7,0.942,high
205,Cuttack-Zone1,39,271.7,31.9,178.6,0.994,high
205,Cuttack-Zone1,40,247.0,29.6,171.7,1.0,high
205,Cuttack-Zone1,41,190.4,30.8,175.7,0.884,high
205,Cuttack-Zone1,42,184.7,28.1,171.0,0.921,high
205,Cuttack-Zone1,43,185.3,26.9,174.4,0.895,high
205,Cuttack-Zone1,44,119.5,26.5,181.4,0.964,high
205,Cuttack-Zone1,45,144.4,25.5,180.1,0.959,high
205,Cuttack-Zone1,46,76.7,24.8,191.4,0.974,medium
205,Cuttack-Zone1,47,22.2,23.5,199.6,0.975,medium
205,Cuttack-Zone1,48,49.5,23.0,193.1,0.909,medium
205,Cuttack-Zone1,49,56.2,22.8,188.0,0.996,high
205,Cuttack-Zone1,50,55.0,22.8,190.0,0.743,high
205,Cuttack-Zone1,51,44.3,24.1,197.1,0.676,medium
205,Cuttack-Zone1,52,0.9,17.3,221.0,0.936,medium
206,Puri-Zone1,0,125.9,22.3,186.0,0.546,high
206,Puri-Zone1,1,116.2,22.7,185.0,0.79,high
206,Puri-Zone1,2,77.3,23.1,189.1,0.73,high
206,Puri-Zone1,3,144.2,24.7,182.0,0.717,high
206,Puri-Zone1,4,104.0,23.6,137.7,0.763,high
206,Puri-Zone1,5,75.6,24.8,105.9,0.714,high
206,Puri-Zone1,6,77.2,25.1,109.7,0.69,high
206,Puri-Zone1,7,81.9,25.9,100.3,0.886,high
206,Puri-Zone1,8,105.0,27.3,110.9,0.813,high
206,Puri-Zone1,9,117.3,26.6,105.0,0.76,high
206,Puri-Zone1,10,105.1,29.5,106.1,0.702,high
206,Puri-Zone1,11,92.2,31.1,109.7,0.876,high
206,Puri-Zone1,12,104.3,33.4,109.0,0.844,high
206,Puri-Zone1,13,69.9,32.5,108.0,0.797,high
206,Puri-Zone1,14,132.9,34.1,110.4,0.636,high
206,Puri-Zone1,15,100.4,36.5,110.0,0.69,high
206,Puri-Zone1,16,72.5,36.9,111.0,0.66,high
206,Puri-Zone1,17,94.5,37.0,95.1,0.755,high
206,Puri-Zone1,18,118.3,37.5,115.7,0.803,high
206,Puri-Zone1,19,114.9,40.1,103.0,0.769,high
206,Puri-Zone1,20,113.4,42.0,109.1,0.623,low
206,Puri-Zone1,21,66.8,41.2,111.9,0.631,high
206,Puri-Zone1,22,168.6,42.4,94.4,0.731,low
206,Puri-Zone1,23,169.2,41.7,96.7,0.687,high
206,Puri-Zone1,24,223.9,41.5,88.4,0.801,high
206,Puri-Zone1,25,238.0,42.9,88.3,0.802,high
206,Puri-Zone1,26,282.3,43.3,92.1,0.706,high
206,Puri-Zone1,27,270.7,41.6,90.7,0.725,high
206,Puri-Zone1,28,286.8,41.9,83.1,0.741,high
206,Puri-Zone1,29,340.7,40.4,88.9,0.63,high
206,Puri-Zone1,30,335.2,42.2,81.0,0.831,high
206,Puri-Zone1,31,385.5,40.3,84.7,0.825,high
206,Puri-Zone1,32,385.3,40.4,81.3,0.951,high
206,Puri-Zone1,33,344.1,40.2,81.4,0.733,high
206,Puri-Zone1,34,373.5,39.4,77.7,0.713,high
206,Puri-Zone1,35,389.2,37.7,64.0,0.752,high
206,Puri-Zone1,36,358.5,35.0,76.6,0.75,low
206,Puri-Zone1,37,354.0,35.9,92.4,0.562,high
206,Puri-Zone1,38,315.8,36.3,103.7,0.762,high
206,Puri-Zone1,39,351.5,35.2,150.6,0.633,high
206,Puri-Zone1,40,291.4,33.1,171.6,0.656,high
206,Puri-Zone1,41,285.5,31.7,169.0,0.84,high
206,Puri-Zone1,42,247.4,27.8,169.7,0.463,high
206,Puri-Zone1,43,246.9,27.8,159.6,0.827,high
206,Puri-Zone1,44,197.4,26.4,181.7,0.673,high
206,Puri-Zone1,45,159.8,23.8,182.3,0.738,high
206,Puri-Zone1,46,101.3,24.8,181.4,0.775,high
206,Puri-Zone1,47,113.6,24.7,191.0,0.825,high
206,Puri-Zone1,48,105.8,24.6,174.6,0.869,high
206,Puri-Zone1,49,69.5,24.6,191.0,0.817,high
206,Puri-Zone1,50,75.1,24.2,196.6,0.794,high
206,Puri-Zone1,51,109.4,21.1,192.7,0.764,high
206,Puri-Zone1,52,13.9,21.5,190.0,0.711,medium
207,Cuttack-Zone1,0,20.0,23.7,196.3,0.928,medium
207,Cuttack-Zone1,1,53.9,23.0,203.3,0.735,high
207,Cuttack-Zone1,2,39.0,22.9,200.9,0.885,medium
207,Cuttack-Zone1,3,52.1,24.6,189.0,0.875,high
207,Cuttack-Zone1,4,42.3,25.4,151.7,0.826,medium
207,Cuttack-Zone1,5,29.4,25.2,116.0,0.929,medium
207,Cuttack-Zone1,6,33.7,25.9,117.0,0.839,medium
207,Cuttack-Zone1,7,32.3,27.7,117.3,0.831,medium
207,Cuttack-Zone1,8,26.4,27.3,120.7,0.857,medium
207,Cuttack-Zone1,9,18.2,26.7,110.9,0.904,low
207,Cuttack-Zone1,10,12.5,29.6,110.7,0.602,low
207,Cuttack-Zone1,11,14.1,32.2,118.6,1.0,low
207,Cuttack-Zone1,12,53.2,30.8,110.4,0.588,high
207,Cuttack-Zone1,13,45.8,31.3,105.1,0.892,medium
207,Cuttack-Zone1,14,12.8,35.2,118.6,0.842,low
207,Cuttack-Zone1,15,68.1,36.8,115.9,0.626,high
207,Cuttack-Zone1,16,12.1,37.5,111.4,0.951,low
207,Cuttack-Zone1,17,63.9,38.5,104.0,0.779,high
207,Cuttack-Zone1,18,62.2,40.9,113.7,0.704,high
207,Cuttack-Zone1,19,33.3,38.5,111.6,0.89,medium
207,Cuttack-Zone1,20,26.4,39.6,116.0,0.751,medium
207,Cuttack-Zone1,21,31.7,41.9,114.3,0.543,medium
207,Cuttack-Zone1,22,62.7,39.8,117.4,0.92,high
207,Cuttack-Zone1,23,79.2,41.7,106.4,0.666,high
207,Cuttack-Zone1,24,159.5,42.0,102.3,0.812,high
207,Cuttack-Zone1,25,246.6,43.2,96.1,0.843,high
207,Cuttack-Zone1,26,198.7,41.4,97.4,0.823,high
207,Cuttack-Zone1,27,282.6,43.4,82.7,0.745,high
207,Cuttack-Zone1,28,235.4,40.8,94.9,0.822,high
207,Cuttack-Zone1,29,238.0,42.0,95.3,0.728,high
207,Cuttack-Zone1,30,288.1,42.8,83.0,0.77,medium
207,Cuttack-Zone1,31,263.5,38.7,89.7,0.724,high
207,Cuttack-Zone1,32,334.1,40.7,72.4,0.657,high
207,Cuttack-Zone1,33,337.1,38.6,73.7,0.624,high
207,Cuttack-Zone1,34,302.3,38.0,94.7,0.941,high
207,Cuttack-Zone1,35,285.6,36.6,81.6,0.989,high
207,Cuttack-Zone1,36,313.4,35.3,77.0,0.754,medium
207,Cuttack-Zone1,37,325.5,35.0,78.6,0.704,high
207,Cuttack-Zone1,38,264.2,34.8,115.7,0.905,high
207,Cuttack-Zone1,39,271.7,31.9,178.6,0.815,high
207,Cuttack-Zone1,40,247.0,29.6,171.7,0.918,high
207,Cuttack-Zone1,41,190.4,30.8,175.7,0.77,high
207,Cuttack-Zone1,42,184.7,28.1,171.0,0.675,high
207,Cuttack-Zone1,43,185.3,26.9,174.4,0.839,high
207,Cuttack-Zone1,44,119.5,26.5,181.4,0.809,high
207,Cuttack-Zone1,45,144.4,25.5,180.1,0.698,high
207,Cuttack-Zone1,46,76.7,24.8,191.4,0.796,high
207,Cuttack-Zone1,47,22.2,23.5,199.6,0.765,medium
207,Cuttack-Zone1,48,49.5,23.0,193.1,0.89,medium
207,Cuttack-Zone1,49,56.2,22.8,188.0,0.908,high
207,Cuttack-Zone1,50,55.0,22.8,190.0,0.975,high
207,Cuttack-Zone1,51,44.3,24.1,197.1,1.0,medium
207,Cuttack-Zone1,52,0.9,17.3,221.0,0.75,medium
208,Rourkela-Zone1,0,12.7,20.9,190.6,0.966,medium
208,Rourkela-Zone1,1,24.9,24.0,193.9,0.992,medium
208,Rourkela-Zone1,2,6.9,24.0,196.0,0.927,medium
208,Rourkela-Zone1,3,44.1,25.1,186.7,0.906,medium
208,Rourkela-Zone1,4,25.7,23.1,141.1,0.887,medium
208,Rourkela-Zone1,5,45.3,27.0,116.6,0.632,medium
208,Rourkela-Zone1,6,0.0,24.7,122.1,0.991,low
208,Rourkela-Zone1,7,13.6,28.2,101.6,1.0,low
208,Rourkela-Zone1,8,7.1,26.4,113.0,0.885,low
208,Rourkela-Zone1,9,42.5,29.2,118.1,1.0,medium
208,Rourkela-Zone1,10,4.4,32.2,114.0,0.74,low
208,Rourkela-Zone1,11,21.1,29.6,108.3,0.901,medium
208,Rourkela-Zone1,12,12.7,32.3,114.6,0.817,low
208,Rourkela-Zone1,13,30.3,35.3,104.7,0.908,medium
208,Rourkela-Zone1,14,11.6,36.0,119.1,0.977,low
208,Rourkela-Zone1,15,0.0,34.6,119.1,0.944,low
208,Rourkela-Zone1,16,8.5,36.6,116.0,0.763,low
208,Rourkela-Zone1,17,2.9,37.9,125.0,1.0,low
208,Rourkela-Zone1,18,19.5,39.1,114.0,0.995,medium
208,Rourkela-Zone1,19,16.4,41.1,111.6,0.951,medium
208,Rourkela-Zone1,20,59.8,40.2,117.1,1.0,medium
208,Rourkela-Zone1,21,36.3,41.2,110.7,0.92,medium
208,Rourkela-Zone1,22,21.3,42.3,109.7,1.0,medium
208,Rourkela-Zone1,23,88.1,42.9,109.4,0.947,high
208,Rourkela-Zone1,24,118.1,43.9,107.7,0.887,high
208,Rourkela-Zone1,25,149.8,44.2,108.3,0.732,high
208,Rourkela-Zone1,26,149.3,42.9,99.3,1.0,high
208,Rourkela-Zone1,27,175.4,44.7,100.0,1.0,high
208,Rourkela-Zone1,28,191.7,40.9,96.9,0.951,high
208,Rourkela-Zone1,29,211.7,41.6,103.4,0.841,high
208,Rourkela-Zone1,30,223.5,41.2,94.6,0.945,high
208,Rourkela-Zone1,31,270.0,41.9,88.4,0.982,high
208,Rourkela-Zone1,32,262.3,41.3,93.0,0.806,high
208,Rourkela-Zone1,33,289.2,40.8,84.9,0.918,high
208,Rourkela-Zone1,34,271.3,38.8,90.9,0.814,high
208,Rourkela-Zone1,35,261.5,36.1,95.7,1.0,high
208,Rourkela-Zone1,36,265.7,34.2,99.6,0.928,high
208,Rourkela-Zone1,37,245.6,34.5,96.6,0.845,high
208,Rourkela-Zone1,38,252.5,34.9,100.7,0.868,high
208,Rourkela-Zone1,39,202.9,31.1,174.0,0.881,high
208,Rourkela-Zone1,40,262.6,29.5,162.4,0.86,high
208,Rourkela-Zone1,41,179.5,28.6,172.4,0.795,high
208,Rourkela-Zone1,42,143.8,27.3,183.1,1.0,high
208,Rourkela-Zone1,43,129.1,29.7,188.0,0.965,medium
208,Rourkela-Zone1,44,104.7,25.8,177.6,0.744,high
208,Rourkela-Zone1,45,34.6,25.1,195.7,0.949,medium
208,Rourkela-Zone1,46,27.1,26.8,203.0,0.848,medium
208,Rourkela-Zone1,47,19.4,24.2,203.7,0.973,medium
208,Rourkela-Zone1,48,4.4,22.9,196.4,0.798,medium
208,Rourkela-Zone1,49,16.7,23.5,195.4,1.0,medium
208,Rourkela-Zone1,50,18.1,22.1,190.4,0.943,medium
208,Rourkela-Zone1,51,19.9,26.5,201.4,0.898,medium
208,Rourkela-Zone1,52,0.0,16.7,201.0,0.836,medium
209,Rourkela-Zone1,0,12.7,20.9,190.6,0.954,medium
209,Rourkela-Zone1,1,24.9,24.0,193.9,0.87,medium
209,Rourkela-Zone1,2,6.9,24.0,196.0,0.888,medium
209,Rourkela-Zone1,3,44.1,25.1,186.7,0.752,medium
209,Rourkela-Zone1,4,25.7,23.1,141.1,0.96,medium
209,Rourkela-Zone1,5,45.3,27.0,116.6,0.849,medium
209,Rourkela-Zone1,6,0.0,24.7,122.1,0.87,low
209,Rourkela-Zone1,7,13.6,28.2,101.6,0.798,low
209,Rourkela-Zone1,8,7.1,26.4,113.0,0.829,high
209,Rourkela-Zone1,9,42.5,29.2,118.1,0.806,medium
209,Rourkela-Zone1,10,4.4,32.2,114.0,0.78,low
209,Rourkela-Zone1,11,21.1,29.6,108.3,0.865,medium
209,Rourkela-Zone1,12,12.7,32.3,114.6,0.92,low
209,Rourkela-Zone1,13,30.3,35.3,104.7,0.893,medium
209,Rourkela-Zone1,14,11.6,36.0,119.1,0.875,low
209,Rourkela-Zone1,15,0.0,34.6,119.1,0.744,low
209,Rourkela-Zone1,16,8.5,36.6,116.0,0.872,low
209,Rourkela-Zone1,17,2.9,37.9,125.0,0.918,low
209,Rourkela-Zone1,18,19.5,39.1,114.0,0.651,medium
209,Rourkela-Zone1,19,16.4,41.1,111.6,0.607,medium
209,Rourkela-Zone1,20,59.8,40.2,117.1,0.873,high
209,Rourkela-Zone1,21,36.3,41.2,110.7,0.641,medium
209,Rourkela-Zone1,22,21.3,42.3,109.7,0.881,medium
209,Rourkela-Zone1,23,88.1,42.9,109.4,0.862,high
209,Rourkela-Zone1,24,118.1,43.9,107.7,0.77,high
209,Rourkela-Zone1,25,149.8,44.2,108.3,0.809,high
209,Rourkela-Zone1,26,149.3,42.9,99.3,0.782,high
209,Rourkela-Zone1,27,175.4,44.7,100.0,0.794,high
209,Rourkela-Zone1,28,191.7,40.9,96.9,0.853,high
209,Rourkela-Zone1,29,211.7,41.6,103.4,0.9,high
209,Rourkela-Zone1,30,223.5,41.2,94.6,0.958,high
209,Rourkela-Zone1,31,270.0,41.9,88.4,0.876,high
209,Rourkela-Zone1,32,262.3,41.3,93.0,0.837,high
209,Rourkela-Zone1,33,289.2,40.8,84.9,0.921,high
209,Rourkela-Zone1,34,271.3,38.8,90.9,0.816,low
209,Rourkela-Zone1,35,261.5,36.1,95.7,0.85,high
209,Rourkela-Zone1,36,265.7,34.2,99.6,0.892,high
209,Rourkela-Zone1,37,245.6,34.5,96.6,0.764,high
209,Rourkela-Zone1,38,252.5,34.9,100.7,0.899,high
209,Rourkela-Zone1,39,202.9,31.1,174.0,0.982,high
209,Rourkela-Zone1,40,262.6,29.5,162.4,0.828,high
209,Rourkela-Zone1,41,179.5,28.6,172.4,0.793,high
209,Rourkela-Zone1,42,143.8,27.3,183.1,0.878,high
209,Rourkela-Zone1,43,129.1,29.7,188.0,0.808,high
209,Rourkela-Zone1,44,104.7,25.8,177.6,0.723,high
209,Rourkela-Zone1,45,34.6,25.1,195.7,0.894,medium
209,Rourkela-Zone1,46,27.1,26.8,203.0,0.859,medium
209,Rourkela-Zone1,47,19.4,24.2,203.7,0.839,medium
209,Rourkela-Zone1,48,4.4,22.9,196.4,0.784,medium
209,Rourkela-Zone1,49,16.7,23.5,195.4,0.768,medium
209,Rourkela-Zone1,50,18.1,22.1,190.4,0.823,medium
209,Rourkela-Zone1,51,19.9,26.5,201.4,0.734,medium
209,Rourkela-Zone1,52,0.0,16.7,201.0,0.754,medium
210,Cuttack-Zone1,0,20.0,23.7,196.3,0.936,medium
210,Cuttack-Zone1,1,53.9,23.0,203.3,0.766,high
210,Cuttack-Zone1,2,39.0,22.9,200.9,0.815,medium
210,Cuttack-Zone1,3,52.1,24.6,189.0,0.937,high
210,Cuttack-Zone1,4,42.3,25.4,151.7,0.703,medium
210,Cuttack-Zone1,5,29.4,25.2,116.0,0.707,high
210,Cuttack-Zone1,6,33.7,25.9,117.0,0.758,medium
210,Cuttack-Zone1,7,32.3,27.7,117.3,0.491,medium
210,Cuttack-Zone1,8,26.4,27.3,120.7,0.693,medium
210,Cuttack-Zone1,9,18.2,26.7,110.9,0.852,low
210,Cuttack-Zone1,10,12.5,29.6,110.7,0.571,low
210,Cuttack-Zone1,11,14.1,32.2,118.6,0.699,low
210,Cuttack-Zone1,12,53.2,30.8,110.4,0.568,high
210,Cuttack-Zone1,13,45.8,31.3,105.1,0.577,medium
210,Cuttack-Zone1,14,12.8,35.2,118.6,0.646,low
210,Cuttack-Zone1,15,68.1,36.8,115.9,0.773,high
210,Cuttack-Zone1,16,12.1,37.5,111.4,0.633,low
210,Cuttack-Zone1,17,63.9,38.5,104.0,0.936,high
210,Cuttack-Zone1,18,62.2,40.9,113.7,0.789,high
210,Cuttack-Zone1,19,33.3,38.5,111.6,0.749,medium
210,Cuttack-Zone1,20,26.4,39.6,116.0,0.615,medium
210,Cuttack-Zone1,21,31.7,41.9,114.3,0.585,medium
210,Cuttack-Zone1,22,62.7,39.8,117.4,0.721,high
210,Cuttack-Zone1,23,79.2,41.7,106.4,0.917,low
210,Cuttack-Zone1,24,159.5,42.0,102.3,0.747,high
210,Cuttack-Zone1,25,246.6,43.2,96.1,0.818,high
210,Cuttack-Zone1,26,198.7,41.4,97.4,0.749,low
210,Cuttack-Zone1,27,282.6,43.4,82.7,0.784,low
210,Cuttack-Zone1,28,235.4,40.8,94.9,0.73,high
210,Cuttack-Zone1,29,238.0,42.0,95.3,0.691,high
210,Cuttack-Zone1,30,288.1,42.8,83.0,0.874,high
210,Cuttack-Zone1,31,263.5,38.7,89.7,0.874,high
210,Cuttack-Zone1,32,334.1,40.7,72.4,0.688,high
210,Cuttack-Zone1,33,337.1,38.6,73.7,0.812,high
210,Cuttack-Zone1,34,302.3,38.0,94.7,0.759,high
210,Cuttack-Zone1,35,285.6,36.6,81.6,0.573,high
210,Cuttack-Zone1,36,313.4,35.3,77.0,0.699,high
210,Cuttack-Zone1,37,325.5,35.0,78.6,0.74,high
210,Cuttack-Zone1,38,264.2,34.8,115.7,0.852,high
210,Cuttack-Zone1,39,271.7,31.9,178.6,0.627,high
210,Cuttack-Zone1,40,247.0,29.6,171.7,0.836,high
210,Cuttack-Zone1,41,190.4,30.8,175.7,0.596,high
210,Cuttack-Zone1,42,184.7,28.1,171.0,0.727,high
210,Cuttack-Zone1,43,185.3,26.9,174.4,0.786,high
210,Cuttack-Zone1,44,119.5,26.5,181.4,0.906,high
210,Cuttack-Zone1,45,144.4,25.5,180.1,0.724,high
210,Cuttack-Zone1,46,76.7,24.8,191.4,0.767,high
210,Cuttack-Zone1,47,22.2,23.5,199.6,0.775,medium
210,Cuttack-Zone1,48,49.5,23.0,193.1,0.751,medium
210,Cuttack-Zone1,49,56.2,22.8,188.0,0.757,high
210,Cuttack-Zone1,50,55.0,22.8,190.0,0.907,high
210,Cuttack-Zone1,51,44.3,24.1,197.1,0.675,medium
210,Cuttack-Zone1,52,0.9,17.3,221.0,0.654,medium
211,Rourkela-Zone1,0,12.7,20.9,190.6,0.78,medium
211,Rourkela-Zone1,1,24.9,24.0,193.9,0.51,medium
211,Rourkela-Zone1,2,6.9,24.0,196.0,0.628,medium
211,Rourkela-Zone1,3,44.1,25.1,186.7,0.594,medium
211,Rourkela-Zone1,4,25.7,23.1,141.1,0.728,medium
211,Rourkela-Zone1,5,45.3,27.0,116.6,0.52,medium
211,Rourkela-Zone1,6,0.0,24.7,122.1,0.396,medium
211,Rourkela-Zone1,7,13.6,28.2,101.6,0.735,low
211,Rourkela-Zone1,8,7.1,26.4,113.0,0.466,low
211,Rourkela-Zone1,9,42.5,29.2,118.1,0.558,medium
211,Rourkela-Zone1,10,4.4,32.2,114.0,0.457,medium
211,Rourkela-Zone1,11,21.1,29.6,108.3,0.58,medium
211,Rourkela-Zone1,12,12.7,32.3,114.6,0.517,low
211,Rourkela-Zone1,13,30.3,35.3,104.7,0.573,medium
211,Rourkela-Zone1,14,11.6,36.0,119.1,0.508,medium
211,Rourkela-Zone1,15,0.0,34.6,119.1,0.534,low
211,Rourkela-Zone1,16,8.5,36.6,116.0,0.679,low
211,Rourkela-Zone1,17,2.9,37.9,125.0,0.467,low
211,Rourkela-Zone1,18,19.5,39.1,114.0,0.691,medium
211,Rourkela-Zone1,19,16.4,41.1,111.6,0.665,medium
211,Rourkela-Zone1,20,59.8,40.2,117.1,0.608,high
211,Rourkela-Zone1,21,36.3,41.2,110.7,0.437,medium
211,Rourkela-Zone1,22,21.3,42.3,109.7,0.529,medium
211,Rourkela-Zone1,23,88.1,42.9,109.4,0.695,high
211,Rourkela-Zone1,24,118.1,43.9,107.7,0.469,high
211,Rourkela-Zone1,25,149.8,44.2,108.3,0.444,high
211,Rourkela-Zone1,26,149.3,42.9,99.3,0.667,high
211,Rourkela-Zone1,27,175.4,44.7,100.0,0.458,high
211,Rourkela-Zone1,28,191.7,40.9,96.9,0.486,high
211,Rourkela-Zone1,29,211.7,41.6,103.4,0.663,high
211,Rourkela-Zone1,30,223.5,41.2,94.6,0.472,high
211,Rourkela-Zone1,31,270.0,41.9,88.4,0.499,high
211,Rourkela-Zone1,32,262.3,41.3,93.0,0.685,high
211,Rourkela-Zone1,33,289.2,40.8,84.9,0.602,low
211,Rourkela-Zone1,34,271.3,38.8,90.9,0.642,high
211,Rourkela-Zone1,35,261.5,36.1,95.7,0.492,high
211,Rourkela-Zone1,36,265.7,34.2,99.6,0.626,high
211,Rourkela-Zone1,37,245.6,34.5,96.6,0.665,high
211,Rourkela-Zone1,38,252.5,34.9,100.7,0.529,high
211,Rourkela-Zone1,39,202.9,31.1,174.0,0.596,high
211,Rourkela-Zone1,40,262.6,29.5,162.4,0.789,high
211,Rourkela-Zone1,41,179.5,28.6,172.4,0.67,high
211,Rourkela-Zone1,42,143.8,27.3,183.1,0.633,high
211,Rourkela-Zone1,43,129.1,29.7,188.0,0.709,high
211,Rourkela-Zone1,44,104.7,25.8,177.6,0.619,high
211,Rourkela-Zone1,45,34.6,25.1,195.7,0.722,medium
211,Rourkela-Zone1,46,27.1,26.8,203.0,0.409,medium
211,Rourkela-Zone1,47,19.4,24.2,203.7,0.649,medium
211,Rourkela-Zone1,48,4.4,22.9,196.4,0.374,medium
211,Rourkela-Zone1,49,16.7,23.5,195.4,0.49,medium
211,Rourkela-Zone1,50,18.1,22.1,190.4,0.508,medium
211,Rourkela-Zone1,51,19.9,26.5,201.4,0.6,medium
211,Rourkela-Zone1,52,0.0,16.7,201.0,0.731,medium
212,Cuttack-Zone1,0,20.0,23.7,196.3,0.877,medium
212,Cuttack-Zone1,1,53.9,23.0,203.3,0.847,high
212,Cuttack-Zone1,2,39.0,22.9,200.9,0.79,medium
212,Cuttack-Zone1,3,52.1,24.6,189.0,1.0,high
212,Cuttack-Zone1,4,42.3,25.4,151.7,0.833,medium
212,Cuttack-Zone1,5,29.4,25.2,116.0,0.735,medium
212,Cuttack-Zone1,6,33.7,25.9,117.0,1.0,medium
212,Cuttack-Zone1,7,32.3,27.7,117.3,0.855,medium
212,Cuttack-Zone1,8,26.4,27.3,120.7,0.939,medium
212,Cuttack-Zone1,9,18.2,26.7,110.9,0.796,low
212,Cuttack-Zone1,10,12.5,29.6,110.7,0.886,low
212,Cuttack-Zone1,11,14.1,32.2,118.6,0.809,low
212,Cuttack-Zone1,12,53.2,30.8,110.4,0.87,high
212,Cuttack-Zone1,13,45.8,31.3,105.1,0.999,medium
212,Cuttack-Zone1,14,12.8,35.2,118.6,0.899,low
212,Cuttack-Zone1,15,68.1,36.8,115.9,0.994,high
212,Cuttack-Zone1,16,12.1,37.5,111.4,0.998,low
212,Cuttack-Zone1,17,63.9,38.5,104.0,0.837,high
212,Cuttack-Zone1,18,62.2,40.9,113.7,1.0,high
212,Cuttack-Zone1,19,33.3,38.5,111.6,0.906,medium
212,Cuttack-Zone1,20,26.4,39.6,116.0,0.898,medium
212,Cuttack-Zone1,21,31.7,41.9,114.3,0.807,medium
212,Cuttack-Zone1,22,62.7,39.8,117.4,0.973,high
212,Cuttack-Zone1,23,79.2,41.7,106.4,0.913,high
212,Cuttack-Zone1,24,159.5,42.0,102.3,0.801,high
212,Cuttack-Zone1,25,246.6,43.2,96.1,0.924,high
212,Cuttack-Zone1,26,198.7,41.4,97.4,0.756,high
212,Cuttack-Zone1,27,282.6,43.4,82.7,0.751,high
212,Cuttack-Zone1,28,235.4,40.8,94.9,0.866,high
212,Cuttack-Zone1,29,238.0,42.0,95.3,0.829,high
212,Cuttack-Zone1,30,288.1,42.8,83.0,0.836,high
212,Cuttack-Zone1,31,263.5,38.7,89.7,0.993,high
212,Cuttack-Zone1,32,334.1,40.7,72.4,0.884,high
212,Cuttack-Zone1,33,337.1,38.6,73.7,0.829,high
212,Cuttack-Zone1,34,302.3,38.0,94.7,0.761,high
212,Cuttack-Zone1,35,285.6,36.6,81.6,0.905,high
212,Cuttack-Zone1,36,313.4,35.3,77.0,0.927,high
212,Cuttack-Zone1,37,325.5,35.0,78.6,0.934,low
212,Cuttack-Zone1,38,264.2,34.8,115.7,0.885,high
212,Cuttack-Zone1,39,271.7,31.9,178.6,1.0,high
212,Cuttack-Zone1,40,247.0,29.6,171.7,0.845,high
212,Cuttack-Zone1,41,190.4,30.8,175.7,0.84,high
212,Cuttack-Zone1,42,184.7,28.1,171.0,0.869,high
212,Cuttack-Zone1,43,185.3,26.9,174.4,0.922,high
212,Cuttack-Zone1,44,119.5,26.5,181.4,0.699,high
212,Cuttack-Zone1,45,144.4,25.5,180.1,0.797,high
212,Cuttack-Zone1,46,76.7,24.8,191.4,0.958,high
212,Cuttack-Zone1,47,22.2,23.5,199.6,0.758,medium
212,Cuttack-Zone1,48,49.5,23.0,193.1,1.0,medium
212,Cuttack-Zone1,49,56.2,22.8,188.0,0.97,high
212,Cuttack-Zone1,50,55.0,22.8,190.0,0.857,high
212,Cuttack-Zone1,51,44.3,24.1,197.1,0.795,medium
212,Cuttack-Zone1,52,0.9,17.3,221.0,0.988,medium
213,Bhubaneswar-Zone2,0,108.4,21.1,189.9,0.734,high
213,Bhubaneswar-Zone2,1,66.7,23.3,193.3,0.77,high
213,Bhubaneswar-Zone2,2,91.1,21.0,196.0,0.78,high
213,Bhubaneswar-Zone2,3,88.0,23.2,190.6,0.754,high
213,Bhubaneswar-Zone2,4,72.7,23.2,136.9,0.753,high
213,Bhubaneswar-Zone2,5,70.9,23.7,114.6,0.791,high
213,Bhubaneswar-Zone2,6,57.1,25.3,117.9,0.737,high
213,Bhubaneswar-Zone2,7,97.0,27.2,108.0,0.769,high
213,Bhubaneswar-Zone2,8,46.4,29.7,118.6,0.771,medium
213,Bhubaneswar-Zone2,9,41.6,29.3,109.4,0.831,medium
213,Bhubaneswar-Zone2,10,89.7,31.0,125.9,0.643,high
213,Bhubaneswar-Zone2,11,48.2,31.0,113.4,0.675,low
213,Bhubaneswar-Zone2,12,51.8,32.7,113.7,0.664,high
213,Bhubaneswar-Zone2,13,128.9,34.8,95.1,0.724,high
213,Bhubaneswar-Zone2,14,48.1,34.4,114.6,0.662,medium
213,Bhubaneswar-Zone2,15,83.4,36.8,106.0,0.661,high
213,Bhubaneswar-Zone2,16,85.1,37.7,110.0,0.671,high
213,Bhubaneswar-Zone2,17,79.0,37.4,102.9,0.707,high
213,Bhubaneswar-Zone2,18,104.4,39.9,105.0,0.751,high
213,Bhubaneswar-Zone2,19,111.3,41.9,103.0,0.922,high
213,Bhubaneswar-Zone2,20,72.2,41.6,115.3,0.81,high
213,Bhubaneswar-Zone2,21,49.8,41.0,114.1,0.778,low
213,Bhubaneswar-Zone2,22,74.5,40.8,103.9,0.999,high
213,Bhubaneswar-Zone2,23,135.2,42.9,108.3,0.834,high
213,Bhubaneswar-Zone2,24,142.8,45.0,110.1,0.841,high
213,Bhubaneswar-Zone2,25,213.2,44.1,96.4,0.777,high
213,Bhubaneswar-Zone2,26,244.8,41.9,89.4,0.868,high
213,Bhubaneswar-Zone2,27,229.8,42.9,94.4,0.621,high
213,Bhubaneswar-Zone2,28,257.8,43.2,89.7,0.799,high
213,Bhubaneswar-Zone2,29,279.6,42.9,86.7,0.827,high
213,Bhubaneswar-Zone2,30,323.3,39.3,86.4,0.663,high
213,Bhubaneswar-Zone2,31,349.4,41.3,75.7,0.813,high
213,Bhubaneswar-Zone2,32,343.1,39.3,87.0,0.779,high
213,Bhubaneswar-Zone2,33,339.2,37.7,72.0,0.886,high
213,Bhubaneswar-Zone2,34,333.2,38.6,85.4,0.791,high
213,Bhubaneswar-Zone2,35,359.8,35.4,79.1,0.765,high
213,Bhubaneswar-Zone2,36,362.9,35.0,81.6,0.664,high
213,Bhubaneswar-Zone2,37,299.2,34.3,85.6,0.792,high
213,Bhubaneswar-Zone2,38,297.3,31.5,112.0,0.849,high
213,Bhubaneswar-Zone2,39,298.5,33.3,172.7,0.947,high
213,Bhubaneswar-Zone2,40,306.6,31.3,161.4,0.791,high
213,Bhubaneswar-Zone2,41,250.9,30.8,175.1,0.908,high
213,Bhubaneswar-Zone2,42,222.5,32.6,174.1,0.771,high
213,Bhubaneswar-Zone2,43,240.7,28.6,180.7,0.647,high
213,Bhubaneswar-Zone2,44,170.7,25.8,181.1,1.0,high
213,Bhubaneswar-Zone2,45,115.2,27.1,179.3,0.833,high
213,Bhubaneswar-Zone2,46,103.4,24.2,181.1,0.629,high
213,Bhubaneswar-Zone2,47,123.4,26.9,181.4,0.855,high
213,Bhubaneswar-Zone2,48,92.9,23.7,190.6,0.728,high
213,Bhubaneswar-Zone2,49,71.1,23.2,195.3,0.72,high
213,Bhubaneswar-Zone2,50,89.6,23.4,189.3,0.909,high
213,Bhubaneswar-Zone2,51,31.0,23.1,195.4,0.685,medium
213,Bhubaneswar-Zone2,52,3.2,17.6,200.0,0.603,medium
214,Cuttack-Zone1,0,20.0,23.7,196.3,0.753,medium
214,Cuttack-Zone1,1,53.9,23.0,203.3,0.905,high
214,Cuttack-Zone1,2,39.0,22.9,200.9,0.875,medium
214,Cuttack-Zone1,3,52.1,24.6,189.0,0.898,high
214,Cuttack-Zone1,4,42.3,25.4,151.7,0.943,medium
214,Cuttack-Zone1,5,29.4,25.2,116.0,0.864,medium
214,Cuttack-Zone1,6,33.7,25.9,117.0,0.735,medium
214,Cuttack-Zone1,7,32.3,27.7,117.3,0.782,medium
214,Cuttack-Zone1,8,26.4,27.3,120.7,0.947,medium
214,Cuttack-Zone1,9,18.2,26.7,110.9,0.561,low
214,Cuttack-Zone1,10,12.5,29.6,110.7,0.903,low
214,Cuttack-Zone1,11,14.1,32.2,118.6,0.751,low
214,Cuttack-Zone1,12,53.2,30.8,110.4,1.0,high
214,Cuttack-Zone1,13,45.8,31.3,105.1,0.694,medium
214,Cuttack-Zone1,14,12.8,35.2,118.6,0.8,low
214,Cuttack-Zone1,15,68.1,36.8,115.9,0.968,high
214,Cuttack-Zone1,16,12.1,37.5,111.4,0.92,low
214,Cuttack-Zone1,17,63.9,38.5,104.0,0.768,high
214,Cuttack-Zone1,18,62.2,40.9,113.7,0.901,high
214,Cuttack-Zone1,19,33.3,38.5,111.6,0.808,medium
214,Cuttack-Zone1,20,26.4,39.6,116.0,0.804,medium
214,Cuttack-Zone1,21,31.7,41.9,114.3,0.832,medium
214,Cuttack-Zone1,22,62.7,39.8,117.4,0.962,high
214,Cuttack-Zone1,23,79.2,41.7,106.4,0.994,high
214,Cuttack-Zone1,24,159.5,42.0,102.3,0.994,high
214,Cuttack-Zone1,25,246.6,43.2,96.1,0.764,high
214,Cuttack-Zone1,26,198.7,41.4,97.4,0.661,high
214,Cuttack-Zone1,27,282.6,43.4,82.7,0.857,high
214,Cuttack-Zone1,28,235.4,40.8,94.9,0.827,medium
214,Cuttack-Zone1,29,238.0,42.0,95.3,0.981,high
214,Cuttack-Zone1,30,288.1,42.8,83.0,0.733,high
214,Cuttack-Zone1,31,263.5,38.7,89.7,0.951,high
214,Cuttack-Zone1,32,334.1,40.7,72.4,0.895,medium
214,Cuttack-Zone1,33,337.1,38.6,73.7,0.779,high
214,Cuttack-Zone1,34,302.3,38.0,94.7,0.732,high
214,Cuttack-Zone1,35,285.6,36.6,81.6,0.778,high
214,Cuttack-Zone1,36,313.4,35.3,77.0,0.639,high
214,Cuttack-Zone1,37,325.5,35.0,78.6,0.843,high
214,Cuttack-Zone1,38,264.2,34.8,115.7,0.913,high
214,Cuttack-Zone1,39,271.7,31.9,178.6,0.875,high
214,Cuttack-Zone1,40,247.0,29.6,171.7,0.921,high
214,Cuttack-Zone1,41,190.4,30.8,175.7,1.0,high
214,Cuttack-Zone1,42,184.7,28.1,171.0,0.85,high
214,Cuttack-Zone1,43,185.3,26.9,174.4,0.736,high
214,Cuttack-Zone1,44,119.5,26.5,181.4,0.751,high
214,Cuttack-Zone1,45,144.4,25.5,180.1,0.815,high
214,Cuttack-Zone1,46,76.7,24.8,191.4,1.0,high
214,Cuttack-Zone1,47,22.2,23.5,199.6,0.779,high
214,Cuttack-Zone1,48,49.5,23.0,193.1,0.643,medium
214,Cuttack-Zone1,49,56.2,22.8,188.0,0.945,high
214,Cuttack-Zone1,50,55.0,22.8,190.0,0.978,high
214,Cuttack-Zone1,51,44.3,24.1,197.1,0.762,medium
214,Cuttack-Zone1,52,0.9,17.3,221.0,0.631,medium
215,Cuttack-Zone1,0,20.0,23.7,196.3,0.625,medium
215,Cuttack-Zone1,1,53.9,23.0,203.3,0.689,high
215,Cuttack-Zone1,2,39.0,22.9,200.9,0.806,medium
215,Cuttack-Zone1,3,52.1,24.6,189.0,0.94,high
215,Cuttack-Zone1,4,42.3,25.4,151.7,0.813,medium
215,Cuttack-Zone1,5,29.4,25.2,116.0,0.708,medium
215,Cuttack-Zone1,6,33.7,25.9,117.0,0.678,medium
215,Cuttack-Zone1,7,32.3,27.7,117.3,0.625,medium
215,Cuttack-Zone1,8,26.4,27.3,120.7,0.764,low
215,Cuttack-Zone1,9,18.2,26.7,110.9,0.551,low
215,Cuttack-Zone1,10,12.5,29.6,110.7,0.774,low
215,Cuttack-Zone1,11,14.1,32.2,118.6,0.803,low
215,Cuttack-Zone1,12,53.2,30.8,110.4,0.643,high
215,Cuttack-Zone1,13,45.8,31.3,105.1,0.577,medium
215,Cuttack-Zone1,14,12.8,35.2,118.6,0.588,low
215,Cuttack-Zone1,15,68.1,36.8,115.9,0.722,high
215,Cuttack-Zone1,16,12.1,37.5,111.4,0.769,low
215,Cuttack-Zone1,17,63.9,38.5,104.0,0.585,high
215,Cuttack-Zone1,18,62.2,40.9,113.7,0.72,high
215,Cuttack-Zone1,19,33.3,38.5,111.6,0.669,medium
215,Cuttack-Zone1,20,26.4,39.6,116.0,0.84,medium
215,Cuttack-Zone1,21,31.7,41.9,114.3,0.698,medium
215,Cuttack-Zone1,22,62.7,39.8,117.4,0.848,high
215,Cuttack-Zone1,23,79.2,41.7,106.4,0.796,high
215,Cuttack-Zone1,24,159.5,42.0,102.3,0.658,high
215,Cuttack-Zone1,25,246.6,43.2,96.1,0.744,high
215,Cuttack-Zone1,26,198.7,41.4,97.4,0.718,high
215,Cuttack-Zone1,27,282.6,43.4,82.7,0.854,high
215,Cuttack-Zone1,28,235.4,40.8,94.9,0.808,high
215,Cuttack-Zone1,29,238.0,42.0,95.3,0.758,high
215,Cuttack-Zone1,30,288.1,42.8,83.0,0.745,high
215,Cuttack-Zone1,31,263.5,38.7,89.7,0.733,high
215,Cuttack-Zone1,32,334.1,40.7,72.4,0.726,high
215,Cuttack-Zone1,33,337.1,38.6,73.7,0.791,high
215,Cuttack-Zone1,34,302.3,38.0,94.7,1.0,high
215,Cuttack-Zone1,35,285.6,36.6,81.6,0.786,high
215,Cuttack-Zone1,36,313.4,35.3,77.0,0.76,high
215,Cuttack-Zone1,37,325.5,35.0,78.6,0.797,high
215,Cuttack-Zone1,38,264.2,34.8,115.7,0.578,high
215,Cuttack-Zone1,39,271.7,31.9,178.6,0.728,high
215,Cuttack-Zone1,40,247.0,29.6,171.7,0.866,high
215,Cuttack-Zone1,41,190.4,30.8,175.7,0.769,high
215,Cuttack-Zone1,42,184.7,28.1,171.0,0.863,high
215,Cuttack-Zone1,43,185.3,26.9,174.4,0.923,high
215,Cuttack-Zone1,44,119.5,26.5,181.4,0.733,high
215,Cuttack-Zone1,45,144.4,25.5,180.1,0.782,high
215,Cuttack-Zone1,46,76.7,24.8,191.4,0.788,high
215,Cuttack-Zone1,47,22.2,23.5,199.6,0.941,medium
215,Cuttack-Zone1,48,49.5,23.0,193.1,0.63,medium
215,Cuttack-Zone1,49,56.2,22.8,188.0,0.72,high
215,Cuttack-Zone1,50,55.0,22.8,190.0,0.847,high
215,Cuttack-Zone1,51,44.3,24.1,197.1,0.673,medium
215,Cuttack-Zone1,52,0.9,17.3,221.0,0.823,medium
216,Rourkela-Zone1,0,12.7,20.9,190.6,1.0,medium
216,Rourkela-Zone1,1,24.9,24.0,193.9,0.688,high
216,Rourkela-Zone1,2,6.9,24.0,196.0,0.619,medium
216,Rourkela-Zone1,3,44.1,25.1,186.7,0.655,medium
216,Rourkela-Zone1,4,25.7,23.1,141.1,0.817,medium
216,Rourkela-Zone1,5,45.3,27.0,116.6,0.652,medium
216,Rourkela-Zone1,6,0.0,24.7,122.1,0.663,low
216,Rourkela-Zone1,7,13.6,28.2,101.6,0.755,low
216,Rourkela-Zone1,8,7.1,26.4,113.0,0.558,low
216,Rourkela-Zone1,9,42.5,29.2,118.1,0.782,medium
216,Rourkela-Zone1,10,4.4,32.2,114.0,0.717,low
216,Rourkela-Zone1,11,21.1,29.6,108.3,0.748,medium
216,Rourkela-Zone1,12,12.7,32.3,114.6,0.696,low
216,Rourkela-Zone1,13,30.3,35.3,104.7,0.893,medium
216,Rourkela-Zone1,14,11.6,36.0,119.1,0.852,low
216,Rourkela-Zone1,15,0.0,34.6,119.1,0.816,low
216,Rourkela-Zone1,16,8.5,36.6,116.0,0.668,low
216,Rourkela-Zone1,17,2.9,37.9,125.0,0.828,low
216,Rourkela-Zone1,18,19.5,39.1,114.0,0.795,medium
216,Rourkela-Zone1,19,16.4,41.1,111.6,1.0,medium
216,Rourkela-Zone1,20,59.8,40.2,117.1,0.622,high
216,Rourkela-Zone1,21,36.3,41.2,110.7,0.741,medium
216,Rourkela-Zone1,22,21.3,42.3,109.7,0.697,medium
216,Rourkela-Zone1,23,88.1,42.9,109.4,0.798,high
216,Rourkela-Zone1,24,118.1,43.9,107.7,0.613,high
216,Rourkela-Zone1,25,149.8,44.2,108.3,0.836,high
216,Rourkela-Zone1,26,149.3,42.9,99.3,0.612,high
216,Rourkela-Zone1,27,175.4,44.7,100.0,0.8,high
216,Rourkela-Zone1,28,191.7,40.9,96.9,0.727,high
216,Rourkela-Zone1,29,211.7,41.6,103.4,0.678,high
216,Rourkela-Zone1,30,223.5,41.2,94.6,0.653,high
216,Rourkela-Zone1,31,270.0,41.9,88.4,0.696,high
216,Rourkela-Zone1,32,262.3,41.3,93.0,0.73,high
216,Rourkela-Zone1,33,289.2,40.8,84.9,0.761,high
216,Rourkela-Zone1,34,271.3,38.8,90.9,0.773,high
216,Rourkela-Zone1,35,261.5,36.1,95.7,0.742,high
216,Rourkela-Zone1,36,265.7,34.2,99.6,0.724,high
216,Rourkela-Zone1,37,245.6,34.5,96.6,0.924,high
216,Rourkela-Zone1,38,252.5,34.9,100.7,0.829,high
216,Rourkela-Zone1,39,202.9,31.1,174.0,0.625,high
216,Rourkela-Zone1,40,262.6,29.5,162.4,0.707,high
216,Rourkela-Zone1,41,179.5,28.6,172.4,0.751,high
216,Rourkela-Zone1,42,143.8,27.3,183.1,0.681,high
216,Rourkela-Zone1,43,129.1,29.7,188.0,0.731,high
216,Rourkela-Zone1,44,104.7,25.8,177.6,0.632,high
216,Rourkela-Zone1,45,34.6,25.1,195.7,0.769,medium
216,Rourkela-Zone1,46,27.1,26.8,203.0,0.962,medium
216,Rourkela-Zone1,47,19.4,24.2,203.7,0.775,medium
216,Rourkela-Zone1,48,4.4,22.9,196.4,0.774,medium
216,Rourkela-Zone1,49,16.7,23.5,195.4,0.742,medium
216,Rourkela-Zone1,50,18.1,22.1,190.4,0.649,medium
216,Rourkela-Zone1,51,19.9,26.5,201.4,0.935,medium
216,Rourkela-Zone1,52,0.0,16.7,201.0,0.785,medium
217,Rourkela-Zone1,0,12.7,20.9,190.6,0.949,medium
217,Rourkela-Zone1,1,24.9,24.0,193.9,0.857,medium
217,Rourkela-Zone1,2,6.9,24.0,196.0,0.952,medium
217,Rourkela-Zone1,3,44.1,25.1,186.7,1.0,medium
217,Rourkela-Zone1,4,25.7,23.1,141.1,1.0,medium
217,Rourkela-Zone1,5,45.3,27.0,116.6,0.572,low
217,Rourkela-Zone1,6,0.0,24.7,122.1,1.0,low
217,Rourkela-Zone1,7,13.6,28.2,101.6,0.775,low
217,Rourkela-Zone1,8,7.1,26.4,113.0,0.898,low
217,Rourkela-Zone1,9,42.5,29.2,118.1,0.856,medium
217,Rourkela-Zone1,10,4.4,32.2,114.0,0.936,low
217,Rourkela-Zone1,11,21.1,29.6,108.3,0.922,medium
217,Rourkela-Zone1,12,12.7,32.3,114.6,0.941,low
217,Rourkela-Zone1,13,30.3,35.3,104.7,0.846,medium
217,Rourkela-Zone1,14,11.6,36.0,119.1,0.88,low
217,Rourkela-Zone1,15,0.0,34.6,119.1,1.0,low
217,Rourkela-Zone1,16,8.5,36.6,116.0,0.895,low
217,Rourkela-Zone1,17,2.9,37.9,125.0,0.85,high
217,Rourkela-Zone1,18,19.5,39.1,114.0,1.0,medium
217,Rourkela-Zone1,19,16.4,41.1,111.6,0.726,medium
217,Rourkela-Zone1,20,59.8,40.2,117.1,0.956,high
217,Rourkela-Zone1,21,36.3,41.2,110.7,0.958,high
217,Rourkela-Zone1,22,21.3,42.3,109.7,0.876,medium
217,Rourkela-Zone1,23,88.1,42.9,109.4,0.997,high
217,Rourkela-Zone1,24,118.1,43.9,107.7,0.813,high
217,Rourkela-Zone1,25,149.8,44.2,108.3,1.0,high
217,Rourkela-Zone1,26,149.3,42.9,99.3,1.0,high
217,Rourkela-Zone1,27,175.4,44.7,100.0,0.715,high
217,Rourkela-Zone1,28,191.7,40.9,96.9,0.924,high
217,Rourkela-Zone1,29,211.7,41.6,103.4,0.688,high
217,Rourkela-Zone1,30,223.5,41.2,94.6,0.893,high
217,Rourkela-Zone1,31,270.0,41.9,88.4,0.9,high
217,Rourkela-Zone1,32,262.3,41.3,93.0,0.845,high
217,Rourkela-Zone1,33,289.2,40.8,84.9,0.958,high
217,Rourkela-Zone1,34,271.3,38.8,90.9,1.0,high
217,Rourkela-Zone1,35,261.5,36.1,95.7,0.8,high
217,Rourkela-Zone1,36,265.7,34.2,99.6,0.995,high
217,Rourkela-Zone1,37,245.6,34.5,96.6,0.974,high
217,Rourkela-Zone1,38,252.5,34.9,100.7,0.801,high
217,Rourkela-Zone1,39,202.9,31.1,174.0,0.795,high
217,Rourkela-Zone1,40,262.6,29.5,162.4,0.77,high
217,Rourkela-Zone1,41,179.5,28.6,172.4,1.0,high
217,Rourkela-Zone1,42,143.8,27.3,183.1,1.0,high
217,Rourkela-Zone1,43,129.1,29.7,188.0,1.0,high
217,Rourkela-Zone1,44,104.7,25.8,177.6,0.994,high
217,Rourkela-Zone1,45,34.6,25.1,195.7,0.911,medium
217,Rourkela-Zone1,46,27.1,26.8,203.0,0.918,medium
217,Rourkela-Zone1,47,19.4,24.2,203.7,0.711,medium
217,Rourkela-Zone1,48,4.4,22.9,196.4,0.826,medium
217,Rourkela-Zone1,49,16.7,23.5,195.4,0.84,medium
217,Rourkela-Zone1,50,18.1,22.1,190.4,0.785,low
217,Rourkela-Zone1,51,19.9,26.5,201.4,1.0,medium
217,Rourkela-Zone1,52,0.0,16.7,201.0,0.98,medium
218,Bhubaneswar-Zone1,0,49.0,21.8,193.4,0.703,medium
218,Bhubaneswar-Zone1,1,77.8,23.1,182.0,0.44,medium
218,Bhubaneswar-Zone1,2,27.0,23.8,197.1,0.541,medium
218,Bhubaneswar-Zone1,3,32.5,23.1,193.3,0.462,medium
218,Bhubaneswar-Zone1,4,67.9,25.4,131.0,0.591,high
218,Bhubaneswar-Zone1,5,37.2,24.4,116.6,0.429,medium
218,Bhubaneswar-Zone1,6,45.8,26.3,107.7,0.608,low
218,Bhubaneswar-Zone1,7,109.5,27.1,101.0,0.273,high
218,Bhubaneswar-Zone1,8,26.4,27.9,123.0,0.406,medium
218,Bhubaneswar-Zone1,9,61.9,27.4,112.9,0.564,high
218,Bhubaneswar-Zone1,10,59.1,31.8,121.6,0.496,high
218,Bhubaneswar-Zone1,11,32.6,31.7,106.6,0.395,medium
218,Bhubaneswar-Zone1,12,48.3,31.4,115.1,0.488,medium
218,Bhubaneswar-Zone1,13,55.6,33.5,107.3,0.494,high
218,Bhubaneswar-Zone1,14,37.3,32.8,121.4,0.488,medium
218,Bhubaneswar-Zone1,15,24.6,36.4,111.0,0.635,medium
218,Bhubaneswar-Zone1,16,91.3,37.6,114.3,0.382,high
218,Bhubaneswar-Zone1,17,48.1,39.2,118.1,0.449,medium
218,Bhubaneswar-Zone1,18,42.5,39.3,118.9,0.304,medium
218,Bhubaneswar-Zone1,19,77.0,39.9,110.1,0.489,high
218,Bhubaneswar-Zone1,20,47.5,40.4,112.1,0.563,medium
218,Bhubaneswar-Zone1,21,40.6,40.8,113.6,0.587,medium
218,Bhubaneswar-Zone1,22,106.5,43.3,98.6,0.351,high
218,Bhubaneswar-Zone1,23,108.8,39.8,95.1,0.51,high
218,Bhubaneswar-Zone1,24,131.7,42.3,109.6,0.605,high
218,Bhubaneswar-Zone1,25,172.0,44.7,95.6,0.413,high
218,Bhubaneswar-Zone1,26,233.2,43.0,91.6,0.775,high
218,Bhubaneswar-Zone1,27,239.5,39.7,100.0,0.531,high
218,Bhubaneswar-Zone1,28,277.5,41.6,82.4,0.262,high
218,Bhubaneswar-Zone1,29,266.7,44.0,80.0,0.462,high
218,Bhubaneswar-Zone1,30,288.9,41.6,86.7,0.447,high
218,Bhubaneswar-Zone1,31,315.4,37.7,94.3,0.472,high
218,Bhubaneswar-Zone1,32,347.5,38.7,80.1,0.631,high
218,Bhubaneswar-Zone1,33,310.4,40.2,84.4,0.534,high
218,Bhubaneswar-Zone1,34,360.4,35.9,81.1,0.362,high
218,Bhubaneswar-Zone1,35,379.1,39.7,78.3,0.511,high
218,Bhubaneswar-Zone1,36,336.6,37.5,77.7,0.579,high
218,Bhubaneswar-Zone1,37,342.3,34.8,76.1,0.287,high
218,Bhubaneswar-Zone1,38,316.9,32.3,111.4,0.405,high
218,Bhubaneswar-Zone1,39,305.7,31.8,166.1,0.552,high
218,Bhubaneswar-Zone1,40,248.4,30.8,169.3,0.669,high
218,Bhubaneswar-Zone1,41,221.0,28.0,179.9,0.358,high
218,Bhubaneswar-Zone1,42,190.3,28.7,179.9,0.565,high
218,Bhubaneswar-Zone1,43,201.3,28.2,167.6,0.632,high
218,Bhubaneswar-Zone1,44,162.7,26.5,180.9,0.427,high
218,Bhubaneswar-Zone1,45,104.4,24.5,193.9,0.575,high
218,Bhubaneswar-Zone1,46,101.0,27.6,195.9,0.448,high
218,Bhubaneswar-Zone1,47,24.5,25.1,193.1,0.479,medium
218,Bhubaneswar-Zone1,48,43.1,26.0,193.1,0.52,medium
218,Bhubaneswar-Zone1,49,36.6,22.9,204.1,0.618,medium
218,Bhubaneswar-Zone1,50,40.1,21.7,205.1,0.705,medium
218,Bhubaneswar-Zone1,51,59.8,22.2,197.9,0.44,high
218,Bhubaneswar-Zone1,52,22.7,20.0,193.0,0.388,medium
219,Bhubaneswar-Zone1,0,49.0,21.8,193.4,0.516,medium
219,Bhubaneswar-Zone1,1,77.8,23.1,182.0,0.469,high
219,Bhubaneswar-Zone1,2,27.0,23.8,197.1,0.435,medium
219,Bhubaneswar-Zone1,3,32.5,23.1,193.3,0.487,medium
219,Bhubaneswar-Zone1,4,67.9,25.4,131.0,0.354,high
219,Bhubaneswar-Zone1,5,37.2,24.4,116.6,0.436,high
219,Bhubaneswar-Zone1,6,45.8,26.3,107.7,0.544,medium
219,Bhubaneswar-Zone1,7,109.5,27.1,101.0,0.37,high
219,Bhubaneswar-Zone1,8,26.4,27.9,123.0,0.43,medium
219,Bhubaneswar-Zone1,9,61.9,27.4,112.9,0.248,high
219,Bhubaneswar-Zone1,10,59.1,31.8,121.6,0.279,high
219,Bhubaneswar-Zone1,11,32.6,31.7,106.6,0.551,medium
219,Bhubaneswar-Zone1,12,48.3,31.4,115.1,0.366,medium
219,Bhubaneswar-Zone1,13,55.6,33.5,107.3,0.446,high
219,Bhubaneswar-Zone1,14,37.3,32.8,121.4,0.408,medium
219,Bhubaneswar-Zone1,15,24.6,36.4,111.0,0.272,medium
219,Bhubaneswar-Zone1,16,91.3,37.6,114.3,0.47,high
219,Bhubaneswar-Zone1,17,48.1,39.2,118.1,0.443,medium
219,Bhubaneswar-Zone1,18,42.5,39.3,118.9,0.496,medium
219,Bhubaneswar-Zone1,19,77.0,39.9,110.1,0.409,high
219,Bhubaneswar-Zone1,20,47.5,40.4,112.1,0.319,medium
219,Bhubaneswar-Zone1,21,40.6,40.8,113.6,0.378,medium
219,Bhubaneswar-Zone1,22,106.5,43.3,98.6,0.337,high
219,Bhubaneswar-Zone1,23,108.8,39.8,95.1,0.398,high
219,Bhubaneswar-Zone1,24,131.7,42.3,109.6,0.386,medium
219,Bhubaneswar-Zone1,25,172.0,44.7,95.6,0.453,high
219,Bhubaneswar-Zone1,26,233.2,43.0,91.6,0.343,high
219,Bhubaneswar-Zone1,27,239.5,39.7,100.0,0.432,high
219,Bhubaneswar-Zone1,28,277.5,41.6,82.4,0.438,high
219,Bhubaneswar-Zone1,29,266.7,44.0,80.0,0.435,high
219,Bhubaneswar-Zone1,30,288.9,41.6,86.7,0.386,high
219,Bhubaneswar-Zone1,31,315.4,37.7,94.3,0.316,high
219,Bhubaneswar-Zone1,32,347.5,38.7,80.1,0.497,high
219,Bhubaneswar-Zone1,33,310.4,40.2,84.4,0.339,high
219,Bhubaneswar-Zone1,34,360.4,35.9,81.1,0.396,high
219,Bhubaneswar-Zone1,35,379.1,39.7,78.3,0.164,high
219,Bhubaneswar-Zone1,36,336.6,37.5,77.7,0.479,high
219,Bhubaneswar-Zone1,37,342.3,34.8,76.1,0.3,high
219,Bhubaneswar-Zone1,38,316.9,32.3,111.4,0.438,high
219,Bhubaneswar-Zone1,39,305.7,31.8,166.1,0.271,high
219,Bhubaneswar-Zone1,40,248.4,30.8,169.3,0.373,high
219,Bhubaneswar-Zone1,41,221.0,28.0,179.9,0.364,high
219,Bhubaneswar-Zone1,42,190.3,28.7,179.9,0.301,high
219,Bhubaneswar-Zone1,43,201.3,28.2,167.6,0.362,high
219,Bhubaneswar-Zone1,44,162.7,26.5,180.9,0.354,high
219,Bhubaneswar-Zone1,45,104.4,24.5,193.9,0.463,high
219,Bhubaneswar-Zone1,46,101.0,27.6,195.9,0.402,high
219,Bhubaneswar-Zone1,47,24.5,25.1,193.1,0.381,medium
219,Bhubaneswar-Zone1,48,43.1,26.0,193.1,0.282,medium
219,Bhubaneswar-Zone1,49,36.6,22.9,204.1,0.516,medium
219,Bhubaneswar-Zone1,50,40.1,21.7,205.1,0.335,medium
219,Bhubaneswar-Zone1,51,59.8,22.2,197.9,0.45,high
219,Bhubaneswar-Zone1,52,22.7,20.0,193.0,0.297,medium
220,Bhubaneswar-Zone2,0,108.4,21.1,189.9,0.519,high
220,Bhubaneswar-Zone2,1,66.7,23.3,193.3,0.506,high
220,Bhubaneswar-Zone2,2,91.1,21.0,196.0,0.583,high
220,Bhubaneswar-Zone2,3,88.0,23.2,190.6,0.468,high
220,Bhubaneswar-Zone2,4,72.7,23.2,136.9,0.557,high
220,Bhubaneswar-Zone2,5,70.9,23.7,114.6,0.517,high
220,Bhubaneswar-Zone2,6,57.1,25.3,117.9,0.487,high
220,Bhubaneswar-Zone2,7,97.0,27.2,108.0,0.519,high
220,Bhubaneswar-Zone2,8,46.4,29.7,118.6,0.575,medium
220,Bhubaneswar-Zone2,9,41.6,29.3,109.4,0.725,medium
220,Bhubaneswar-Zone2,10,89.7,31.0,125.9,0.531,high
220,Bhubaneswar-Zone2,11,48.2,31.0,113.4,0.511,medium
220,Bhubaneswar-Zone2,12,51.8,32.7,113.7,0.499,high
220,Bhubaneswar-Zone2,13,128.9,34.8,95.1,0.458,high
220,Bhubaneswar-Zone2,14,48.1,34.4,114.6,0.671,medium
220,Bhubaneswar-Zone2,15,83.4,36.8,106.0,0.805,high
220,Bhubaneswar-Zone2,16,85.1,37.7,110.0,0.488,high
220,Bhubaneswar-Zone2,17,79.0,37.4,102.9,0.445,high
220,Bhubaneswar-Zone2,18,104.4,39.9,105.0,0.367,high
220,Bhubaneswar-Zone2,19,111.3,41.9,103.0,0.727,high
220,Bhubaneswar-Zone2,20,72.2,41.6,115.3,0.614,high
220,Bhubaneswar-Zone2,21,49.8,41.0,114.1,0.491,medium
220,Bhubaneswar-Zone2,22,74.5,40.8,103.9,0.349,high
220,Bhubaneswar-Zone2,23,135.2,42.9,108.3,0.561,medium
220,Bhubaneswar-Zone2,24,142.8,45.0,110.1,0.484,high
220,Bhubaneswar-Zone2,25,213.2,44.1,96.4,0.465,high
220,Bhubaneswar-Zone2,26,244.8,41.9,89.4,0.56,high
220,Bhubaneswar-Zone2,27,229.8,42.9,94.4,0.48,high
220,Bhubaneswar-Zone2,28,257.8,43.2,89.7,0.55,high
220,Bhubaneswar-Zone2,29,279.6,42.9,86.7,0.619,high
220,Bhubaneswar-Zone2,30,323.3,39.3,86.4,0.545,high
220,Bhubaneswar-Zone2,31,349.4,41.3,75.7,0.366,high
220,Bhubaneswar-Zone2,32,343.1,39.3,87.0,0.492,high
220,Bhubaneswar-Zone2,33,339.2,37.7,72.0,0.58,high
220,Bhubaneswar-Zone2,34,333.2,38.6,85.4,0.63,high
220,Bhubaneswar-Zone2,35,359.8,35.4,79.1,0.65,high
220,Bhubaneswar-Zone2,36,362.9,35.0,81.6,0.267,high
220,Bhubaneswar-Zone2,37,299.2,34.3,85.6,0.407,high
220,Bhubaneswar-Zone2,38,297.3,31.5,112.0,0.554,high
220,Bhubaneswar-Zone2,39,298.5,33.3,172.7,0.538,high
220,Bhubaneswar-Zone2,40,306.6,31.3,161.4,0.549,high
220,Bhubaneswar-Zone2,41,250.9,30.8,175.1,0.548,high
220,Bhubaneswar-Zone2,42,222.5,32.6,174.1,0.374,high
220,Bhubaneswar-Zone2,43,240.7,28.6,180.7,0.62,high
220,Bhubaneswar-Zone2,44,170.7,25.8,181.1,0.5,high
220,Bhubaneswar-Zone2,45,115.2,27.1,179.3,0.536,high
220,Bhubaneswar-Zone2,46,103.4,24.2,181.1,0.589,high
220,Bhubaneswar-Zone2,47,123.4,26.9,181.4,0.704,high
220,Bhubaneswar-Zone2,48,92.9,23.7,190.6,0.584,high
220,Bhubaneswar-Zone2,49,71.1,23.2,195.3,0.44,high
220,Bhubaneswar-Zone2,50,89.6,23.4,189.3,0.732,medium
220,Bhubaneswar-Zone2,51,31.0,23.1,195.4,0.519,medium
220,Bhubaneswar-Zone2,52,3.2,17.6,200.0,0.479,medium
221,Bhubaneswar-Zone1,0,49.0,21.8,193.4,0.987,low
221,Bhubaneswar-Zone1,1,77.8,23.1,182.0,0.875,high
221,Bhubaneswar-Zone1,2,27.0,23.8,197.1,1.0,medium
221,Bhubaneswar-Zone1,3,32.5,23.1,193.3,0.979,medium
221,Bhubaneswar-Zone1,4,67.9,25.4,131.0,0.789,high
221,Bhubaneswar-Zone1,5,37.2,24.4,116.6,0.799,medium
221,Bhubaneswar-Zone1,6,45.8,26.3,107.7,0.741,medium
221,Bhubaneswar-Zone1,7,109.5,27.1,101.0,0.83,high
221,Bhubaneswar-Zone1,8,26.4,27.9,123.0,1.0,medium
221,Bhubaneswar-Zone1,9,61.9,27.4,112.9,0.861,high
221,Bhubaneswar-Zone1,10,59.1,31.8,121.6,0.883,high
221,Bhubaneswar-Zone1,11,32.6,31.7,106.6,1.0,medium
221,Bhubaneswar-Zone1,12,48.3,31.4,115.1,0.933,medium
221,Bhubaneswar-Zone1,13,55.6,33.5,107.3,0.936,high
221,Bhubaneswar-Zone1,14,37.3,32.8,121.4,1.0,medium
221,Bhubaneswar-Zone1,15,24.6,36.4,111.0,0.977,medium
221,Bhubaneswar-Zone1,16,91.3,37.6,114.3,1.0,high
221,Bhubaneswar-Zone1,17,48.1,39.2,118.1,1.0,medium
221,Bhubaneswar-Zone1,18,42.5,39.3,118.9,0.64,medium
221,Bhubaneswar-Zone1,19,77.0,39.9,110.1,0.883,high
221,Bhubaneswar-Zone1,20,47.5,40.4,112.1,0.951,medium
221,Bhubaneswar-Zone1,21,40.6,40.8,113.6,1.0,medium
221,Bhubaneswar-Zone1,22,106.5,43.3,98.6,0.869,high
221,Bhubaneswar-Zone1,23,108.8,39.8,95.1,0.96,high
221,Bhubaneswar-Zone1,24,131.7,42.3,109.6,1.0,high
221,Bhubaneswar-Zone1,25,172.0,44.7,95.6,0.972,high
221,Bhubaneswar-Zone1,26,233.2,43.0,91.6,0.809,high
221,Bhubaneswar-Zone1,27,239.5,39.7,100.0,0.922,high
221,Bhubaneswar-Zone1,28,277.5,41.6,82.4,0.715,high
221,Bhubaneswar-Zone1,29,266.7,44.0,80.0,0.959,high
221,Bhubaneswar-Zone1,30,288.9,41.6,86.7,0.987,high
221,Bhubaneswar-Zone1,31,315.4,37.7,94.3,0.898,high
221,Bhubaneswar-Zone1,32,347.5,38.7,80.1,0.877,high
221,Bhubaneswar-Zone1,33,310.4,40.2,84.4,0.734,high
221,Bhubaneswar-Zone1,34,360.4,35.9,81.1,0.878,low
221,Bhubaneswar-Zone1,35,379.1,39.7,78.3,0.786,high
221,Bhubaneswar-Zone1,36,336.6,37.5,77.7,0.822,high
221,Bhubaneswar-Zone1,37,342.3,34.8,76.1,1.0,high
221,Bhubaneswar-Zone1,38,316.9,32.3,111.4,1.0,high
221,Bhubaneswar-Zone1,39,305.7,31.8,166.1,0.898,high
221,Bhubaneswar-Zone1,40,248.4,30.8,169.3,0.957,high
221,Bhubaneswar-Zone1,41,221.0,28.0,179.9,0.856,high
221,Bhubaneswar-Zone1,42,190.3,28.7,179.9,0.965,high
221,Bhubaneswar-Zone1,43,201.3,28.2,167.6,1.0,high
221,Bhubaneswar-Zone1,44,162.7,26.5,180.9,1.0,high
221,Bhubaneswar-Zone1,45,104.4,24.5,193.9,0.94,high
221,Bhubaneswar-Zone1,46,101.0,27.6,195.9,0.784,high
221,Bhubaneswar-Zone1,47,24.5,25.1,193.1,1.0,high
221,Bhubaneswar-Zone1,48,43.1,26.0,193.1,0.955,medium
221,Bhubaneswar-Zone1,49,36.6,22.9,204.1,1.0,medium
221,Bhubaneswar-Zone1,50,40.1,21.7,205.1,0.884,medium
221,Bhubaneswar-Zone1,51,59.8,22.2,197.9,0.879,high
221,Bhubaneswar-Zone1,52,22.7,20.0,193.0,1.0,high
222,Cuttack-Zone1,0,20.0,23.7,196.3,0.553,medium
222,Cuttack-Zone1,1,53.9,23.0,203.3,0.555,high
222,Cuttack-Zone1,2,39.0,22.9,200.9,0.652,medium
222,Cuttack-Zone1,3,52.1,24.6,189.0,0.552,high
222,Cuttack-Zone1,4,42.3,25.4,151.7,0.513,medium
222,Cuttack-Zone1,5,29.4,25.2,116.0,0.577,medium
222,Cuttack-Zone1,6,33.7,25.9,117.0,0.27,medium
222,Cuttack-Zone1,7,32.3,27.7,117.3,0.527,medium
222,Cuttack-Zone1,8,26.4,27.3,120.7,0.556,medium
222,Cuttack-Zone1,9,18.2,26.7,110.9,0.432,low
222,Cuttack-Zone1,10,12.5,29.6,110.7,0.356,medium
222,Cuttack-Zone1,11,14.1,32.2,118.6,0.435,high
222,Cuttack-Zone1,12,53.2,30.8,110.4,0.55,high
222,Cuttack-Zone1,13,45.8,31.3,105.1,0.572,medium
222,Cuttack-Zone1,14,12.8,35.2,118.6,0.342,medium
222,Cuttack-Zone1,15,68.1,36.8,115.9,0.393,high
222,Cuttack-Zone1,16,12.1,37.5,111.4,0.661,low
222,Cuttack-Zone1,17,63.9,38.5,104.0,0.436,low
222,Cuttack-Zone1,18,62.2,40.9,113.7,0.527,high
222,Cuttack-Zone1,19,33.3,38.5,111.6,0.486,medium
222,Cuttack-Zone1,20,26.4,39.6,116.0,0.547,medium
222,Cuttack-Zone1,21,31.7,41.9,114.3,0.429,medium
222,Cuttack-Zone1,22,62.7,39.8,117.4,0.241,high
222,Cuttack-Zone1,23,79.2,41.7,106.4,0.442,high
222,Cuttack-Zone1,24,159.5,42.0,102.3,0.506,high
222,Cuttack-Zone1,25,246.6,43.2,96.1,0.601,high
222,Cuttack-Zone1,26,198.7,41.4,97.4,0.582,high
222,Cuttack-Zone1,27,282.6,43.4,82.7,0.466,high
222,Cuttack-Zone1,28,235.4,40.8,94.9,0.529,high
222,Cuttack-Zone1,29,238.0,42.0,95.3,0.49,high
222,Cuttack-Zone1,30,288.1,42.8,83.0,0.656,medium
222,Cuttack-Zone1,31,263.5,38.7,89.7,0.369,high
222,Cuttack-Zone1,32,334.1,40.7,72.4,0.508,medium
222,Cuttack-Zone1,33,337.1,38.6,73.7,0.318,medium
222,Cuttack-Zone1,34,302.3,38.0,94.7,0.524,high
222,Cuttack-Zone1,35,285.6,36.6,81.6,0.485,high
222,Cuttack-Zone1,36,313.4,35.3,77.0,0.403,high
222,Cuttack-Zone1,37,325.5,35.0,78.6,0.454,high
222,Cuttack-Zone1,38,264.2,34.8,115.7,0.331,high
222,Cuttack-Zone1,39,271.7,31.9,178.6,0.433,high
222,Cuttack-Zone1,40,247.0,29.6,171.7,0.42,high
222,Cuttack-Zone1,41,190.4,30.8,175.7,0.202,high
222,Cuttack-Zone1,42,184.7,28.1,171.0,0.566,high
222,Cuttack-Zone1,43,185.3,26.9,174.4,0.469,high
222,Cuttack-Zone1,44,119.5,26.5,181.4,0.435,high
222,Cuttack-Zone1,45,144.4,25.5,180.1,0.448,high
222,Cuttack-Zone1,46,76.7,24.8,191.4,0.433,high
222,Cuttack-Zone1,47,22.2,23.5,199.6,0.347,medium
222,Cuttack-Zone1,48,49.5,23.0,193.1,0.522,medium
222,Cuttack-Zone1,49,56.2,22.8,188.0,0.23,high
222,Cuttack-Zone1,50,55.0,22.8,190.0,0.404,high
222,Cuttack-Zone1,51,44.3,24.1,197.1,0.376,medium
222,Cuttack-Zone1,52,0.9,17.3,221.0,0.406,medium
223,Rourkela-Zone1,0,12.7,20.9,190.6,0.705,medium
223,Rourkela-Zone1,1,24.9,24.0,193.9,0.978,medium
223,Rourkela-Zone1,2,6.9,24.0,196.0,0.894,medium
223,Rourkela-Zone1,3,44.1,25.1,186.7,0.907,medium
223,Rourkela-Zone1,4,25.7,23.1,141.1,0.971,medium
223,Rourkela-Zone1,5,45.3,27.0,116.6,0.964,medium
223,Rourkela-Zone1,6,0.0,24.7,122.1,0.956,low
223,Rourkela-Zone1,7,13.6,28.2,101.6,0.909,low
223,Rourkela-Zone1,8,7.1,26.4,113.0,1.0,low
223,Rourkela-Zone1,9,42.5,29.2,118.1,0.831,medium
223,Rourkela-Zone1,10,4.4,32.2,114.0,0.893,low
223,Rourkela-Zone1,11,21.1,29.6,108.3,0.867,medium
223,Rourkela-Zone1,12,12.7,32.3,114.6,0.872,medium
223,Rourkela-Zone1,13,30.3,35.3,104.7,0.788,medium
223,Rourkela-Zone1,14,11.6,36.0,119.1,0.788,low
223,Rourkela-Zone1,15,0.0,34.6,119.1,0.806,low
223,Rourkela-Zone1,16,8.5,36.6,116.0,1.0,medium
223,Rourkela-Zone1,17,2.9,37.9,125.0,0.895,low
223,Rourkela-Zone1,18,19.5,39.1,114.0,0.927,medium
223,Rourkela-Zone1,19,16.4,41.1,111.6,0.921,medium
223,Rourkela-Zone1,20,59.8,40.2,117.1,0.921,high
223,Rourkela-Zone1,21,36.3,41.2,110.7,0.857,medium
223,Rourkela-Zone1,22,21.3,42.3,109.7,0.778,medium
223,Rourkela-Zone1,23,88.1,42.9,109.4,1.0,high
223,Rourkela-Zone1,24,118.1,43.9,107.7,0.952,high
223,Rourkela-Zone1,25,149.8,44.2,108.3,0.91,high
223,Rourkela-Zone1,26,149.3,42.9,99.3,0.985,high
223,Rourkela-Zone1,27,175.4,44.7,100.0,0.747,high
223,Rourkela-Zone1,28,191.7,40.9,96.9,0.729,low
223,Rourkela-Zone1,29,211.7,41.6,103.4,0.946,high
223,Rourkela-Zone1,30,223.5,41.2,94.6,0.887,high
223,Rourkela-Zone1,31,270.0,41.9,88.4,0.98,high
223,Rourkela-Zone1,32,262.3,41.3,93.0,1.0,high
223,Rourkela-Zone1,33,289.2,40.8,84.9,0.908,high
223,Rourkela-Zone1,34,271.3,38.8,90.9,0.903,high
223,Rourkela-Zone1,35,261.5,36.1,95.7,0.852,high
223,Rourkela-Zone1,36,265.7,34.2,99.6,0.691,high
223,Rourkela-Zone1,37,245.6,34.5,96.6,0.86,high
223,Rourkela-Zone1,38,252.5,34.9,100.7,0.774,high
223,Rourkela-Zone1,39,202.9,31.1,174.0,0.826,high
223,Rourkela-Zone1,40,262.6,29.5,162.4,0.773,high
223,Rourkela-Zone1,41,179.5,28.6,172.4,0.802,high
223,Rourkela-Zone1,42,143.8,27.3,183.1,0.895,high
223,Rourkela-Zone1,43,129.1,29.7,188.0,1.0,high
223,Rourkela-Zone1,44,104.7,25.8,177.6,1.0,high
223,Rourkela-Zone1,45,34.6,25.1,195.7,0.818,medium
223,Rourkela-Zone1,46,27.1,26.8,203.0,0.669,medium
223,Rourkela-Zone1,47,19.4,24.2,203.7,0.838,medium
223,Rourkela-Zone1,48,4.4,22.9,196.4,0.81,medium
223,Rourkela-Zone1,49,16.7,23.5,195.4,0.852,medium
223,Rourkela-Zone1,50,18.1,22.1,190.4,0.957,medium
223,Rourkela-Zone1,51,19.9,26.5,201.4,0.724,medium
223,Rourkela-Zone1,52,0.0,16.7,201.0,0.942,medium
224,Bhubaneswar-Zone1,0,49.0,21.8,193.4,0.832,medium
224,Bhubaneswar-Zone1,1,77.8,23.1,182.0,0.646,high
224,Bhubaneswar-Zone1,2,27.0,23.8,197.1,0.805,medium
224,Bhubaneswar-Zone1,3,32.5,23.1,193.3,0.598,medium
224,Bhubaneswar-Zone1,4,67.9,25.4,131.0,0.534,high
224,Bhubaneswar-Zone1,5,37.2,24.4,116.6,0.449,medium
224,Bhubaneswar-Zone1,6,45.8,26.3,107.7,0.75,medium
224,Bhubaneswar-Zone1,7,109.5,27.1,101.0,0.779,high
224,Bhubaneswar-Zone1,8,26.4,27.9,123.0,0.634,medium
224,Bhubaneswar-Zone1,9,61.9,27.4,112.9,0.809,low
224,Bhubaneswar-Zone1,10,59.1,31.8,121.6,0.813,high
224,Bhubaneswar-Zone1,11,32.6,31.7,106.6,0.528,medium
224,Bhubaneswar-Zone1,12,48.3,31.4,115.1,0.602,medium
224,Bhubaneswar-Zone1,13,55.6,33.5,107.3,0.621,high
224,Bhubaneswar-Zone1,14,37.3,32.8,121.4,0.586,medium
224,Bhubaneswar-Zone1,15,24.6,36.4,111.0,0.768,medium
224,Bhubaneswar-Zone1,16,91.3,37.6,114.3,0.808,high
224,Bhubaneswar-Zone1,17,48.1,39.2,118.1,0.564,medium
224,Bhubaneswar-Zone1,18,42.5,39.3,118.9,0.724,medium
224,Bhubaneswar-Zone1,19,77.0,39.9,110.1,0.584,high
224,Bhubaneswar-Zone1,20,47.5,40.4,112.1,0.625,medium
224,Bhubaneswar-Zone1,21,40.6,40.8,113.6,0.67,medium
224,Bhubaneswar-Zone1,22,106.5,43.3,98.6,0.703,high
224,Bhubaneswar-Zone1,23,108.8,39.8,95.1,0.683,high
224,Bhubaneswar-Zone1,24,131.7,42.3,109.6,0.757,high
224,Bhubaneswar-Zone1,25,172.0,44.7,95.6,0.538,high
224,Bhubaneswar-Zone1,26,233.2,43.0,91.6,0.651,high
224,Bhubaneswar-Zone1,27,239.5,39.7,100.0,0.76,high
224,Bhubaneswar-Zone1,28,277.5,41.6,82.4,0.914,high
224,Bhubaneswar-Zone1,29,266.7,44.0,80.0,0.75,high
224,Bhubaneswar-Zone1,30,288.9,41.6,86.7,0.563,high
224,Bhubaneswar-Zone1,31,315.4,37.7,94.3,0.801,high
224,Bhubaneswar-Zone1,32,347.5,38.7,80.1,0.793,high
224,Bhubaneswar-Zone1,33,310.4,40.2,84.4,0.716,high
224,Bhubaneswar-Zone1,34,360.4,35.9,81.1,0.603,high
224,Bhubaneswar-Zone1,35,379.1,39.7,78.3,0.684,high
224,Bhubaneswar-Zone1,36,336.6,37.5,77.7,0.579,low
224,Bhubaneswar-Zone1,37,342.3,34.8,76.1,0.852,medium
224,Bhubaneswar-Zone1,38,316.9,32.3,111.4,0.472,high
224,Bhubaneswar-Zone1,39,305.7,31.8,166.1,0.708,high
224,Bhubaneswar-Zone1,40,248.4,30.8,169.3,0.758,high
224,Bhubaneswar-Zone1,41,221.0,28.0,179.9,0.634,high
224,Bhubaneswar-Zone1,42,190.3,28.7,179.9,0.707,medium
224,Bhubaneswar-Zone1,43,201.3,28.2,167.6,0.686,high
224,Bhubaneswar-Zone1,44,162.7,26.5,180.9,0.697,high
224,Bhubaneswar-Zone1,45,104.4,24.5,193.9,0.716,high
224,Bhubaneswar-Zone1,46,101.0,27.6,195.9,0.675,high
224,Bhubaneswar-Zone1,47,24.5,25.1,193.1,0.633,medium
224,Bhubaneswar-Zone1,48,43.1,26.0,193.1,0.511,medium
224,Bhubaneswar-Zone1,49,36.6,22.9,204.1,0.8,medium
224,Bhubaneswar-Zone1,50,40.1,21.7,205.1,0.68,medium
224,Bhubaneswar-Zone1,51,59.8,22.2,197.9,0.778,high
224,Bhubaneswar-Zone1,52,22.7,20.0,193.0,0.523,medium
225,Bhubaneswar-Zone1,0,49.0,21.8,193.4,0.649,medium
225,Bhubaneswar-Zone1,1,77.8,23.1,182.0,0.679,high
225,Bhubaneswar-Zone1,2,27.0,23.8,197.1,0.612,medium
225,Bhubaneswar-Zone1,3,32.5,23.1,193.3,0.795,low
225,Bhubaneswar-Zone1,4,67.9,25.4,131.0,0.701,high
225,Bhubaneswar-Zone1,5,37.2,24.4,116.6,0.878,medium
225,Bhubaneswar-Zone1,6,45.8,26.3,107.7,0.672,medium
225,Bhubaneswar-Zone1,7,109.5,27.1,101.0,0.707,high
225,Bhubaneswar-Zone1,8,26.4,27.9,123.0,0.689,medium
225,Bhubaneswar-Zone1,9,61.9,27.4,112.9,0.935,high
225,Bhubaneswar-Zone1,10,59.1,31.8,121.6,0.73,high
225,Bhubaneswar-Zone1,11,32.6,31.7,106.6,0.797,medium
225,Bhubaneswar-Zone1,12,48.3,31.4,115.1,0.731,medium
225,Bhubaneswar-Zone1,13,55.6,33.5,107.3,0.521,high
225,Bhubaneswar-Zone1,14,37.3,32.8,121.4,0.655,medium
225,Bhubaneswar-Zone1,15,24.6,36.4,111.0,0.79,high
225,Bhubaneswar-Zone1,16,91.3,37.6,114.3,0.494,high
225,Bhubaneswar-Zone1,17,48.1,39.2,118.1,0.802,medium
225,Bhubaneswar-Zone1,18,42.5,39.3,118.9,0.591,medium
225,Bhubaneswar-Zone1,19,77.0,39.9,110.1,0.758,high
225,Bhubaneswar-Zone1,20,47.5,40.4,112.1,0.788,medium
225,Bhubaneswar-Zone1,21,40.6,40.8,113.6,0.762,medium
225,Bhubaneswar-Zone1,22,106.5,43.3,98.6,0.893,high
225,Bhubaneswar-Zone1,23,108.8,39.8,95.1,0.828,high
225,Bhubaneswar-Zone1,24,131.7,42.3,109.6,0.846,high
225,Bhubaneswar-Zone1,25,172.0,44.7,95.6,0.6,high
225,Bhubaneswar-Zone1,26,233.2,43.0,91.6,0.615,low
225,Bhubaneswar-Zone1,27,239.5,39.7,100.0,0.767,medium
225,Bhubaneswar-Zone1,28,277.5,41.6,82.4,0.47,high
225,Bhubaneswar-Zone1,29,266.7,44.0,80.0,0.681,high
225,Bhubaneswar-Zone1,30,288.9,41.6,86.7,0.619,high
225,Bhubaneswar-Zone1,31,315.4,37.7,94.3,0.609,high
225,Bhubaneswar-Zone1,32,347.5,38.7,80.1,0.7,high
225,Bhubaneswar-Zone1,33,310.4,40.2,84.4,0.921,high
225,Bhubaneswar-Zone1,34,360.4,35.9,81.1,0.835,high
225,Bhubaneswar-Zone1,35,379.1,39.7,78.3,0.664,high
225,Bhubaneswar-Zone1,36,336.6,37.5,77.7,0.581,high
225,Bhubaneswar-Zone1,37,342.3,34.8,76.1,0.679,high
225,Bhubaneswar-Zone1,38,316.9,32.3,111.4,0.634,high
225,Bhubaneswar-Zone1,39,305.7,31.8,166.1,0.789,high
225,Bhubaneswar-Zone1,40,248.4,30.8,169.3,0.91,high
225,Bhubaneswar-Zone1,41,221.0,28.0,179.9,0.699,high
225,Bhubaneswar-Zone1,42,190.3,28.7,179.9,0.624,high
225,Bhubaneswar-Zone1,43,201.3,28.2,167.6,0.672,high
225,Bhubaneswar-Zone1,44,162.7,26.5,180.9,0.777,high
225,Bhubaneswar-Zone1,45,104.4,24.5,193.9,0.748,high
225,Bhubaneswar-Zone1,46,101.0,27.6,195.9,0.784,high
225,Bhubaneswar-Zone1,47,24.5,25.1,193.1,0.629,medium
225,Bhubaneswar-Zone1,48,43.1,26.0,193.1,0.574,medium
225,Bhubaneswar-Zone1,49,36.6,22.9,204.1,0.845,medium
225,Bhubaneswar-Zone1,50,40.1,21.7,205.1,0.8,medium
225,Bhubaneswar-Zone1,51,59.8,22.2,197.9,0.724,high
225,Bhubaneswar-Zone1,52,22.7,20.0,193.0,0.702,medium
226,Bhubaneswar-Zone2,0,108.4,21.1,189.9,0.976,high
226,Bhubaneswar-Zone2,1,66.7,23.3,193.3,0.776,high
226,Bhubaneswar-Zone2,2,91.1,21.0,196.0,0.925,high
226,Bhubaneswar-Zone2,3,88.0,23.2,190.6,0.964,high
226,Bhubaneswar-Zone2,4,72.7,23.2,136.9,0.882,high
226,Bhubaneswar-Zone2,5,70.9,23.7,114.6,0.791,medium
226,Bhubaneswar-Zone2,6,57.1,25.3,117.9,0.929,high
226,Bhubaneswar-Zone2,7,97.0,27.2,108.0,0.79,high
226,Bhubaneswar-Zone2,8,46.4,29.7,118.6,1.0,medium
226,Bhubaneswar-Zone2,9,41.6,29.3,109.4,0.888,medium
226,Bhubaneswar-Zone2,10,89.7,31.0,125.9,0.974,high
226,Bhubaneswar-Zone2,11,48.2,31.0,113.4,0.795,medium
226,Bhubaneswar-Zone2,12,51.8,32.7,113.7,1.0,low
226,Bhubaneswar-Zone2,13,128.9,34.8,95.1,0.941,high
226,Bhubaneswar-Zone2,14,48.1,34.4,114.6,0.764,medium
226,Bhubaneswar-Zone2,15,83.4,36.8,106.0,0.891,high
226,Bhubaneswar-Zone2,16,85.1,37.7,110.0,0.635,high
226,Bhubaneswar-Zone2,17,79.0,37.4,102.9,0.812,high
226,Bhubaneswar-Zone2,18,104.4,39.9,105.0,1.0,high
226,Bhubaneswar-Zone2,19,111.3,41.9,103.0,0.885,high
226,Bhubaneswar-Zone2,20,72.2,41.6,115.3,1.0,high
226,Bhubaneswar-Zone2,21,49.8,41.0,114.1,0.8,medium
226,Bhubaneswar-Zone2,22,74.5,40.8,103.9,0.786,high
226,Bhubaneswar-Zone2,23,135.2,42.9,108.3,0.868,low
226,Bhubaneswar-Zone2,24,142.8,45.0,110.1,1.0,high
226,Bhubaneswar-Zone2,25,213.2,44.1,96.4,0.786,high
226,Bhubaneswar-Zone2,26,244.8,41.9,89.4,0.835,high
226,Bhubaneswar-Zone2,27,229.8,42.9,94.4,0.814,high
226,Bhubaneswar-Zone2,28,257.8,43.2,89.7,0.887,high
226,Bhubaneswar-Zone2,29,279.6,42.9,86.7,1.0,high
226,Bhubaneswar-Zone2,30,323.3,39.3,86.4,1.0,high
226,Bhubaneswar-Zone2,31,349.4,41.3,75.7,0.77,high
226,Bhubaneswar-Zone2,32,343.1,39.3,87.0,0.902,high
226,Bhubaneswar-Zone2,33,339.2,37.7,72.0,0.857,high
226,Bhubaneswar-Zone2,34,333.2,38.6,85.4,0.835,high
226,Bhubaneswar-Zone2,35,359.8,35.4,79.1,1.0,high
226,Bhubaneswar-Zone2,36,362.9,35.0,81.6,1.0,high
226,Bhubaneswar-Zone2,37,299.2,34.3,85.6,0.885,high
226,Bhubaneswar-Zone2,38,297.3,31.5,112.0,0.863,high
226,Bhubaneswar-Zone2,39,298.5,33.3,172.7,0.934,high
226,Bhubaneswar-Zone2,40,306.6,31.3,161.4,0.888,high
226,Bhubaneswar-Zone2,41,250.9,30.8,175.1,1.0,high
226,Bhubaneswar-Zone2,42,222.5,32.6,174.1,0.91,high
226,Bhubaneswar-Zone2,43,240.7,28.6,180.7,1.0,high
226,Bhubaneswar-Zone2,44,170.7,25.8,181.1,0.886,high
226,Bhubaneswar-Zone2,45,115.2,27.1,179.3,0.868,high
226,Bhubaneswar-Zone2,46,103.4,24.2,181.1,0.793,high
226,Bhubaneswar-Zone2,47,123.4,26.9,181.4,0.86,high
226,Bhubaneswar-Zone2,48,92.9,23.7,190.6,0.783,high
226,Bhubaneswar-Zone2,49,71.1,23.2,195.3,0.784,high
226,Bhubaneswar-Zone2,50,89.6,23.4,189.3,0.892,high
226,Bhubaneswar-Zone2,51,31.0,23.1,195.4,0.961,medium
226,Bhubaneswar-Zone2,52,3.2,17.6,200.0,0.882,medium
227,Bhubaneswar-Zone2,0,108.4,21.1,189.9,0.952,high
227,Bhubaneswar-Zone2,1,66.7,23.3,193.3,0.948,high
227,Bhubaneswar-Zone2,2,91.1,21.0,196.0,0.882,high
227,Bhubaneswar-Zone2,3,88.0,23.2,190.6,0.823,high
227,Bhubaneswar-Zone2,4,72.7,23.2,136.9,0.973,high
227,Bhubaneswar-Zone2,5,70.9,23.7,114.6,0.879,high
227,Bhubaneswar-Zone2,6,57.1,25.3,117.9,0.89,high
227,Bhubaneswar-Zone2,7,97.0,27.2,108.0,1.0,high
227,Bhubaneswar-Zone2,8,46.4,29.7,118.6,0.732,medium
227,Bhubaneswar-Zone2,9,41.6,29.3,109.4,1.0,medium
227,Bhubaneswar-Zone2,10,89.7,31.0,125.9,1.0,high
227,Bhubaneswar-Zone2,11,48.2,31.0,113.4,0.86,medium
227,Bhubaneswar-Zone2,12,51.8,32.7,113.7,0.88,high
227,Bhubaneswar-Zone2,13,128.9,34.8,95.1,0.908,high
227,Bhubaneswar-Zone2,14,48.1,34.4,114.6,0.683,medium
227,Bhubaneswar-Zone2,15,83.4,36.8,106.0,0.982,high
227,Bhubaneswar-Zone2,16,85.1,37.7,110.0,0.803,high
227,Bhubaneswar-Zone2,17,79.0,37.4,102.9,0.842,high
227,Bhubaneswar-Zone2,18,104.4,39.9,105.0,1.0,high
227,Bhubaneswar-Zone2,19,111.3,41.9,103.0,0.889,high
227,Bhubaneswar-Zone2,20,72.2,41.6,115.3,0.959,high
227,Bhubaneswar-Zone2,21,49.8,41.0,114.1,1.0,medium
227,Bhubaneswar-Zone2,22,74.5,40.8,103.9,0.792,high
227,Bhubaneswar-Zone2,23,135.2,42.9,108.3,0.776,high
227,Bhubaneswar-Zone2,24,142.8,45.0,110.1,1.0,high
227,Bhubaneswar-Zone2,25,213.2,44.1,96.4,0.902,high
227,Bhubaneswar-Zone2,26,244.8,41.9,89.4,0.95,high
227,Bhubaneswar-Zone2,27,229.8,42.9,94.4,0.96,high
227,Bhubaneswar-Zone2,28,257.8,43.2,89.7,0.904,high
227,Bhubaneswar-Zone2,29,279.6,42.9,86.7,0.847,high
227,Bhubaneswar-Zone2,30,323.3,39.3,86.4,0.999,high
227,Bhubaneswar-Zone2,31,349.4,41.3,75.7,0.827,high
227,Bhubaneswar-Zone2,32,343.1,39.3,87.0,0.961,high
227,Bhubaneswar-Zone2,33,339.2,37.7,72.0,1.0,high
227,Bhubaneswar-Zone2,34,333.2,38.6,85.4,0.824,high
227,Bhubaneswar-Zone2,35,359.8,35.4,79.1,1.0,medium
227,Bhubaneswar-Zone2,36,362.9,35.0,81.6,0.782,high
227,Bhubaneswar-Zone2,37,299.2,34.3,85.6,0.93,high
227,Bhubaneswar-Zone2,38,297.3,31.5,112.0,0.83,high
227,Bhubaneswar-Zone2,39,298.5,33.3,172.7,0.92,high
227,Bhubaneswar-Zone2,40,306.6,31.3,161.4,0.898,high
227,Bhubaneswar-Zone2,41,250.9,30.8,175.1,0.95,high
227,Bhubaneswar-Zone2,42,222.5,32.6,174.1,0.902,medium
227,Bhubaneswar-Zone2,43,240.7,28.6,180.7,0.829,high
227,Bhubaneswar-Zone2,44,170.7,25.8,181.1,0.957,high
227,Bhubaneswar-Zone2,45,115.2,27.1,179.3,1.0,high
227,Bhubaneswar-Zone2,46,103.4,24.2,181.1,0.884,high
227,Bhubaneswar-Zone2,47,123.4,26.9,181.4,0.922,high
227,Bhubaneswar-Zone2,48,92.9,23.7,190.6,0.723,high
227,Bhubaneswar-Zone2,49,71.1,23.2,195.3,0.894,high
227,Bhubaneswar-Zone2,50,89.6,23.4,189.3,0.862,high
227,Bhubaneswar-Zone2,51,31.0,23.1,195.4,0.927,medium
227,Bhubaneswar-Zone2,52,3.2,17.6,200.0,0.906,medium
228,Cuttack-Zone1,0,20.0,23.7,196.3,0.777,medium
228,Cuttack-Zone1,1,53.9,23.0,203.3,0.961,high
228,Cuttack-Zone1,2,39.0,22.9,200.9,0.933,medium
228,Cuttack-Zone1,3,52.1,24.6,189.0,0.842,high
228,Cuttack-Zone1,4,42.3,25.4,151.7,0.739,medium
228,Cuttack-Zone1,5,29.4,25.2,116.0,1.0,medium
228,Cuttack-Zone1,6,33.7,25.9,117.0,0.875,medium
228,Cuttack-Zone1,7,32.3,27.7,117.3,0.966,medium
228,Cuttack-Zone1,8,26.4,27.3,120.7,0.918,medium
228,Cuttack-Zone1,9,18.2,26.7,110.9,0.806,low
228,Cuttack-Zone1,10,12.5,29.6,110.7,0.937,low
228,Cuttack-Zone1,11,14.1,32.2,118.6,0.887,medium
228,Cuttack-Zone1,12,53.2,30.8,110.4,0.826,high
228,Cuttack-Zone1,13,45.8,31.3,105.1,0.763,medium
228,Cuttack-Zone1,14,12.8,35.2,118.6,0.838,low
228,Cuttack-Zone1,15,68.1,36.8,115.9,0.877,high
228,Cuttack-Zone1,16,12.1,37.5,111.4,0.954,low
228,Cuttack-Zone1,17,63.9,38.5,104.0,0.782,high
228,Cuttack-Zone1,18,62.2,40.9,113.7,1.0,high
228,Cuttack-Zone1,19,33.3,38.5,111.6,0.941,medium
228,Cuttack-Zone1,20,26.4,39.6,116.0,0.939,medium
228,Cuttack-Zone1,21,31.7,41.9,114.3,0.871,medium
228,Cuttack-Zone1,22,62.7,39.8,117.4,0.93,high
228,Cuttack-Zone1,23,79.2,41.7,106.4,1.0,high
228,Cuttack-Zone1,24,159.5,42.0,102.3,0.903,high
228,Cuttack-Zone1,25,246.6,43.2,96.1,0.855,high
228,Cuttack-Zone1,26,198.7,41.4,97.4,0.863,high
228,Cuttack-Zone1,27,282.6,43.4,82.7,0.849,high
228,Cuttack-Zone1,28,235.4,40.8,94.9,0.966,high
228,Cuttack-Zone1,29,238.0,42.0,95.3,0.821,high
228,Cuttack-Zone1,30,288.1,42.8,83.0,0.798,medium
228,Cuttack-Zone1,31,263.5,38.7,89.7,0.786,medium
228,Cuttack-Zone1,32,334.1,40.7,72.4,0.992,high
228,Cuttack-Zone1,33,337.1,38.6,73.7,0.984,high
228,Cuttack-Zone1,34,302.3,38.0,94.7,1.0,high
228,Cuttack-Zone1,35,285.6,36.6,81.6,0.924,high
228,Cuttack-Zone1,36,313.4,35.3,77.0,0.869,high
228,Cuttack-Zone1,37,325.5,35.0,78.6,0.638,high
228,Cuttack-Zone1,38,264.2,34.8,115.7,0.988,high
228,Cuttack-Zone1,39,271.7,31.9,178.6,0.798,high
228,Cuttack-Zone1,40,247.0,29.6,171.7,0.911,high
228,Cuttack-Zone1,41,190.4,30.8,175.7,0.882,high
228,Cuttack-Zone1,42,184.7,28.1,171.0,0.859,high
228,Cuttack-Zone1,43,185.3,26.9,174.4,0.838,high
228,Cuttack-Zone1,44,119.5,26.5,181.4,0.845,high
228,Cuttack-Zone1,45,144.4,25.5,180.1,1.0,high
228,Cuttack-Zone1,46,76.7,24.8,191.4,0.856,high
228,Cuttack-Zone1,47,22.2,23.5,199.6,1.0,medium
228,Cuttack-Zone1,48,49.5,23.0,193.1,0.859,medium
228,Cuttack-Zone1,49,56.2,22.8,188.0,0.892,high
228,Cuttack-Zone1,50,55.0,22.8,190.0,0.876,low
228,Cuttack-Zone1,51,44.3,24.1,197.1,1.0,medium
228,Cuttack-Zone1,52,0.9,17.3,221.0,0.892,medium
229,Rourkela-Zone1,0,12.7,20.9,190.6,0.591,medium
229,Rourkela-Zone1,1,24.9,24.0,193.9,0.537,medium
229,Rourkela-Zone1,2,6.9,24.0,196.0,0.446,medium
229,Rourkela-Zone1,3,44.1,25.1,186.7,0.496,medium
229,Rourkela-Zone1,4,25.7,23.1,141.1,0.698,medium
229,Rourkela-Zone1,5,45.3,27.0,116.6,0.421,medium
229,Rourkela-Zone1,6,0.0,24.7,122.1,0.427,low
229,Rourkela-Zone1,7,13.6,28.2,101.6,0.454,low
229,Rourkela-Zone1,8,7.1,26.4,113.0,0.666,high
229,Rourkela-Zone1,9,42.5,29.2,118.1,0.67,medium
229,Rourkela-Zone1,10,4.4,32.2,114.0,0.623,low
229,Rourkela-Zone1,11,21.1,29.6,108.3,0.501,medium
229,Rourkela-Zone1,12,12.7,32.3,114.6,0.408,low
229,Rourkela-Zone1,13,30.3,35.3,104.7,0.559,medium
229,Rourkela-Zone1,14,11.6,36.0,119.1,0.557,low
229,Rourkela-Zone1,15,0.0,34.6,119.1,0.54,low
229,Rourkela-Zone1,16,8.5,36.6,116.0,0.534,low
229,Rourkela-Zone1,17,2.9,37.9,125.0,0.712,low
229,Rourkela-Zone1,18,19.5,39.1,114.0,0.516,medium
229,Rourkela-Zone1,19,16.4,41.1,111.6,0.622,medium
229,Rourkela-Zone1,20,59.8,40.2,117.1,0.498,high
229,Rourkela-Zone1,21,36.3,41.2,110.7,0.613,medium
229,Rourkela-Zone1,22,21.3,42.3,109.7,0.497,medium
229,Rourkela-Zone1,23,88.1,42.9,109.4,0.445,high
229,Rourkela-Zone1,24,118.1,43.9,107.7,0.356,high
229,Rourkela-Zone1,25,149.8,44.2,108.3,0.547,high
229,Rourkela-Zone1,26,149.3,42.9,99.3,0.566,high
229,Rourkela-Zone1,27,175.4,44.7,100.0,0.558,high
229,Rourkela-Zone1,28,191.7,40.9,96.9,0.581,high
229,Rourkela-Zone1,29,211.7,41.6,103.4,0.547,high
229,Rourkela-Zone1,30,223.5,41.2,94.6,0.556,high
229,Rourkela-Zone1,31,270.0,41.9,88.4,0.532,high
229,Rourkela-Zone1,32,262.3,41.3,93.0,0.474,high
229,Rourkela-Zone1,33,289.2,40.8,84.9,0.544,high
229,Rourkela-Zone1,34,271.3,38.8,90.9,0.669,high
229,Rourkela-Zone1,35,261.5,36.1,95.7,0.571,high
229,Rourkela-Zone1,36,265.7,34.2,99.6,0.699,high
229,Rourkela-Zone1,37,245.6,34.5,96.6,0.621,high
229,Rourkela-Zone1,38,252.5,34.9,100.7,0.569,high
229,Rourkela-Zone1,39,202.9,31.1,174.0,0.511,high
229,Rourkela-Zone1,40,262.6,29.5,162.4,0.445,high
229,Rourkela-Zone1,41,179.5,28.6,172.4,0.551,medium
229,Rourkela-Zone1,42,143.8,27.3,183.1,0.75,high
229,Rourkela-Zone1,43,129.1,29.7,188.0,0.755,high
229,Rourkela-Zone1,44,104.7,25.8,177.6,0.668,high
229,Rourkela-Zone1,45,34.6,25.1,195.7,0.54,medium
229,Rourkela-Zone1,46,27.1,26.8,203.0,0.692,medium
229,Rourkela-Zone1,47,19.4,24.2,203.7,0.491,medium
229,Rourkela-Zone1,48,4.4,22.9,196.4,0.496,medium
229,Rourkela-Zone1,49,16.7,23.5,195.4,0.656,medium
229,Rourkela-Zone1,50,18.1,22.1,190.4,0.75,medium
229,Rourkela-Zone1,51,19.9,26.5,201.4,0.523,medium
229,Rourkela-Zone1,52,0.0,16.7,201.0,0.605,medium
230,Bhubaneswar-Zone2,0,108.4,21.1,189.9,0.713,high
230,Bhubaneswar-Zone2,1,66.7,23.3,193.3,0.944,high
230,Bhubaneswar-Zone2,2,91.1,21.0,196.0,0.84,high
230,Bhubaneswar-Zone2,3,88.0,23.2,190.6,0.968,high
230,Bhubaneswar-Zone2,4,72.7,23.2,136.9,0.98,high
230,Bhubaneswar-Zone2,5,70.9,23.7,114.6,0.904,high
230,Bhubaneswar-Zone2,6,57.1,25.3,117.9,0.935,high
230,Bhubaneswar-Zone2,7,97.0,27.2,108.0,0.971,high
230,Bhubaneswar-Zone2,8,46.4,29.7,118.6,0.902,medium
230,Bhubaneswar-Zone2,9,41.6,29.3,109.4,0.927,medium
230,Bhubaneswar-Zone2,10,89.7,31.0,125.9,1.0,high
230,Bhubaneswar-Zone2,11,48.2,31.0,113.4,0.939,medium
230,Bhubaneswar-Zone2,12,51.8,32.7,113.7,0.839,high
230,Bhubaneswar-Zone2,13,128.9,34.8,95.1,0.909,high
230,Bhubaneswar-Zone2,14,48.1,34.4,114.6,0.974,medium
230,Bhubaneswar-Zone2,15,83.4,36.8,106.0,0.993,high
230,Bhubaneswar-Zone2,16,85.1,37.7,110.0,0.82,high
230,Bhubaneswar-Zone2,17,79.0,37.4,102.9,0.97,high
230,Bhubaneswar-Zone2,18,104.4,39.9,105.0,0.787,high
230,Bhubaneswar-Zone2,19,111.3,41.9,103.0,1.0,high
230,Bhubaneswar-Zone2,20,72.2,41.6,115.3,1.0,high
230,Bhubaneswar-Zone2,21,49.8,41.0,114.1,0.879,medium
230,Bhubaneswar-Zone2,22,74.5,40.8,103.9,0.79,high
230,Bhubaneswar-Zone2,23,135.2,42.9,108.3,0.756,high
230,Bhubaneswar-Zone2,24,142.8,45.0,110.1,0.98,high
230,Bhubaneswar-Zone2,25,213.2,44.1,96.4,0.78,high
230,Bhubaneswar-Zone2,26,244.8,41.9,89.4,0.957,high
230,Bhubaneswar-Zone2,27,229.8,42.9,94.4,0.978,high
230,Bhubaneswar-Zone2,28,257.8,43.2,89.7,0.839,high
230,Bhubaneswar-Zone2,29,279.6,42.9,86.7,0.937,high
230,Bhubaneswar-Zone2,30,323.3,39.3,86.4,1.0,high
230,Bhubaneswar-Zone2,31,349.4,41.3,75.7,0.895,high
230,Bhubaneswar-Zone2,32,343.1,39.3,87.0,0.764,high
230,Bhubaneswar-Zone2,33,339.2,37.7,72.0,0.852,high
230,Bhubaneswar-Zone2,34,333.2,38.6,85.4,1.0,high
230,Bhubaneswar-Zone2,35,359.8,35.4,79.1,0.986,high
230,Bhubaneswar-Zone2,36,362.9,35.0,81.6,0.8,high
230,Bhubaneswar-Zone2,37,299.2,34.3,85.6,1.0,high
230,Bhubaneswar-Zone2,38,297.3,31.5,112.0,1.0,high
230,Bhubaneswar-Zone2,39,298.5,33.3,172.7,0.868,high
230,Bhubaneswar-Zone2,40,306.6,31.3,161.4,1.0,high
230,Bhubaneswar-Zone2,41,250.9,30.8,175.1,1.0,high
230,Bhubaneswar-Zone2,42,222.5,32.6,174.1,0.689,high
230,Bhubaneswar-Zone2,43,240.7,28.6,180.7,0.941,high
230,Bhubaneswar-Zone2,44,170.7,25.8,181.1,0.958,high
230,Bhubaneswar-Zone2,45,115.2,27.1,179.3,0.803,high
230,Bhubaneswar-Zone2,46,103.4,24.2,181.1,0.925,high
230,Bhubaneswar-Zone2,47,123.4,26.9,181.4,0.909,medium
230,Bhubaneswar-Zone2,48,92.9,23.7,190.6,0.95,high
230,Bhubaneswar-Zone2,49,71.1,23.2,195.3,0.925,high
230,Bhubaneswar-Zone2,50,89.6,23.4,189.3,1.0,high
230,Bhubaneswar-Zone2,51,31.0,23.1,195.4,0.913,medium
230,Bhubaneswar-Zone2,52,3.2,17.6,200.0,0.991,medium
231,Bhubaneswar-Zone1,0,49.0,21.8,193.4,0.893,medium
231,Bhubaneswar-Zone1,1,77.8,23.1,182.0,0.466,high
231,Bhubaneswar-Zone1,2,27.0,23.8,197.1,0.836,medium
231,Bhubaneswar-Zone1,3,32.5,23.1,193.3,0.789,medium
231,Bhubaneswar-Zone1,4,67.9,25.4,131.0,0.746,high
231,Bhubaneswar-Zone1,5,37.2,24.4,116.6,0.77,medium
231,Bhubaneswar-Zone1,6,45.8,26.3,107.7,0.783,medium
231,Bhubaneswar-Zone1,7,109.5,27.1,101.0,0.842,high
231,Bhubaneswar-Zone1,8,26.4,27.9,123.0,0.721,medium
231,Bhubaneswar-Zone1,9,61.9,27.4,112.9,0.729,high
231,Bhubaneswar-Zone1,10,59.1,31.8,121.6,0.929,high
231,Bhubaneswar-Zone1,11,32.6,31.7,106.6,0.887,medium
231,Bhubaneswar-Zone1,12,48.3,31.4,115.1,0.739,medium
231,Bhubaneswar-Zone1,13,55.6,33.5,107.3,0.618,high
231,Bhubaneswar-Zone1,14,37.3,32.8,121.4,0.822,medium
231,Bhubaneswar-Zone1,15,24.6,36.4,111.0,0.744,medium
231,Bhubaneswar-Zone1,16,91.3,37.6,114.3,0.935,high
231,Bhubaneswar-Zone1,17,48.1,39.2,118.1,0.838,medium
231,Bhubaneswar-Zone1,18,42.5,39.3,118.9,0.929,medium
231,Bhubaneswar-Zone1,19,77.0,39.9,110.1,0.858,high
231,Bhubaneswar-Zone1,20,47.5,40.4,112.1,0.89,medium
231,Bhubaneswar-Zone1,21,40.6,40.8,113.6,0.816,medium
231,Bhubaneswar-Zone1,22,106.5,43.3,98.6,0.865,high
231,Bhubaneswar-Zone1,23,108.8,39.8,95.1,0.7,high
231,Bhubaneswar-Zone1,24,131.7,42.3,109.6,0.857,high
231,Bhubaneswar-Zone1,25,172.0,44.7,95.6,0.802,high
231,Bhubaneswar-Zone1,26,233.2,43.0,91.6,0.695,high
231,Bhubaneswar-Zone1,27,239.5,39.7,100.0,0.639,high
231,Bhubaneswar-Zone1,28,277.5,41.6,82.4,0.782,high
231,Bhubaneswar-Zone1,29,266.7,44.0,80.0,0.872,high
231,Bhubaneswar-Zone1,30,288.9,41.6,86.7,0.532,high
231,Bhubaneswar-Zone1,31,315.4,37.7,94.3,0.772,high
231,Bhubaneswar-Zone1,32,347.5,38.7,80.1,0.868,high
231,Bhubaneswar-Zone1,33,310.4,40.2,84.4,1.0,high
231,Bhubaneswar-Zone1,34,360.4,35.9,81.1,0.647,high
231,Bhubaneswar-Zone1,35,379.1,39.7,78.3,0.71,high
231,Bhubaneswar-Zone1,36,336.6,37.5,77.7,0.833,high
231,Bhubaneswar-Zone1,37,342.3,34.8,76.1,0.57,medium
231,Bhubaneswar-Zone1,38,316.9,32.3,111.4,0.645,high
231,Bhubaneswar-Zone1,39,305.7,31.8,166.1,0.765,high
231,Bhubaneswar-Zone1,40,248.4,30.8,169.3,0.789,high
231,Bhubaneswar-Zone1,41,221.0,28.0,179.9,0.678,high
231,Bhubaneswar-Zone1,42,190.3,28.7,179.9,0.693,high
231,Bhubaneswar-Zone1,43,201.3,28.2,167.6,0.835,high
231,Bhubaneswar-Zone1,44,162.7,26.5,180.9,0.838,high
231,Bhubaneswar-Zone1,45,104.4,24.5,193.9,0.761,high
231,Bhubaneswar-Zone1,46,101.0,27.6,195.9,0.627,high
231,Bhubaneswar-Zone1,47,24.5,25.1,193.1,0.805,medium
231,Bhubaneswar-Zone1,48,43.1,26.0,193.1,0.665,medium
231,Bhubaneswar-Zone1,49,36.6,22.9,204.1,0.81,medium
231,Bhubaneswar-Zone1,50,40.1,21.7,205.1,0.813,medium
231,Bhubaneswar-Zone1,51,59.8,22.2,197.9,0.78,high
231,Bhubaneswar-Zone1,52,22.7,20.0,193.0,0.851,medium
232,Rourkela-Zone1,0,12.7,20.9,190.6,0.61,medium
232,Rourkela-Zone1,1,24.9,24.0,193.9,0.657,medium
232,Rourkela-Zone1,2,6.9,24.0,196.0,0.63,medium
232,Rourkela-Zone1,3,44.1,25.1,186.7,0.712,medium
232,Rourkela-Zone1,4,25.7,23.1,141.1,0.749,medium
232,Rourkela-Zone1,5,45.3,27.0,116.6,0.633,high
232,Rourkela-Zone1,6,0.0,24.7,122.1,0.662,low
232,Rourkela-Zone1,7,13.6,28.2,101.6,0.866,low
232,Rourkela-Zone1,8,7.1,26.4,113.0,0.839,low
232,Rourkela-Zone1,9,42.5,29.2,118.1,0.66,medium
232,Rourkela-Zone1,10,4.4,32.2,114.0,0.946,low
232,Rourkela-Zone1,11,21.1,29.6,108.3,0.59,medium
232,Rourkela-Zone1,12,12.7,32.3,114.6,0.692,low
232,Rourkela-Zone1,13,30.3,35.3,104.7,0.858,medium
232,Rourkela-Zone1,14,11.6,36.0,119.1,0.652,low
232,Rourkela-Zone1,15,0.0,34.6,119.1,0.713,low
232,Rourkela-Zone1,16,8.5,36.6,116.0,0.633,low
232,Rourkela-Zone1,17,2.9,37.9,125.0,0.928,low
232,Rourkela-Zone1,18,19.5,39.1,114.0,0.79,medium
232,Rourkela-Zone1,19,16.4,41.1,111.6,0.6,medium
232,Rourkela-Zone1,20,59.8,40.2,117.1,0.717,high
232,Rourkela-Zone1,21,36.3,41.2,110.7,0.702,low
232,Rourkela-Zone1,22,21.3,42.3,109.7,0.518,medium
232,Rourkela-Zone1,23,88.1,42.9,109.4,0.704,high
232,Rourkela-Zone1,24,118.1,43.9,107.7,0.753,high
232,Rourkela-Zone1,25,149.8,44.2,108.3,0.897,high
232,Rourkela-Zone1,26,149.3,42.9,99.3,0.656,high
232,Rourkela-Zone1,27,175.4,44.7,100.0,0.727,high
232,Rourkela-Zone1,28,191.7,40.9,96.9,0.709,high
232,Rourkela-Zone1,29,211.7,41.6,103.4,0.757,high
232,Rourkela-Zone1,30,223.5,41.2,94.6,0.69,high
232,Rourkela-Zone1,31,270.0,41.9,88.4,0.78,high
232,Rourkela-Zone1,32,262.3,41.3,93.0,0.627,high
232,Rourkela-Zone1,33,289.2,40.8,84.9,0.718,high
232,Rourkela-Zone1,34,271.3,38.8,90.9,0.751,high
232,Rourkela-Zone1,35,261.5,36.1,95.7,0.822,high
232,Rourkela-Zone1,36,265.7,34.2,99.6,0.781,high
232,Rourkela-Zone1,37,245.6,34.5,96.6,0.716,high
232,Rourkela-Zone1,38,252.5,34.9,100.7,0.639,high
232,Rourkela-Zone1,39,202.9,31.1,174.0,0.912,high
232,Rourkela-Zone1,40,262.6,29.5,162.4,0.651,high
232,Rourkela-Zone1,41,179.5,28.6,172.4,0.601,high
232,Rourkela-Zone1,42,143.8,27.3,183.1,0.66,high
232,Rourkela-Zone1,43,129.1,29.7,188.0,0.584,high
232,Rourkela-Zone1,44,104.7,25.8,177.6,0.75,high
232,Rourkela-Zone1,45,34.6,25.1,195.7,0.715,medium
232,Rourkela-Zone1,46,27.1,26.8,203.0,0.695,medium
232,Rourkela-Zone1,47,19.4,24.2,203.7,0.706,medium
232,Rourkela-Zone1,48,4.4,22.9,196.4,0.851,medium
232,Rourkela-Zone1,49,16.7,23.5,195.4,0.698,medium
232,Rourkela-Zone1,50,18.1,22.1,190.4,0.718,medium
232,Rourkela-Zone1,51,19.9,26.5,201.4,0.842,medium
232,Rourkela-Zone1,52,0.0,16.7,201.0,0.606,medium
233,Rourkela-Zone1,0,12.7,20.9,190.6,0.752,medium
233,Rourkela-Zone1,1,24.9,24.0,193.9,0.783,medium
233,Rourkela-Zone1,2,6.9,24.0,196.0,0.809,medium
233,Rourkela-Zone1,3,44.1,25.1,186.7,0.913,medium
233,Rourkela-Zone1,4,25.7,23.1,141.1,0.77,medium
233,Rourkela-Zone1,5,45.3,27.0,116.6,0.891,medium
233,Rourkela-Zone1,6,0.0,24.7,122.1,0.721,low
233,Rourkela-Zone1,7,13.6,28.2,101.6,0.854,low
233,Rourkela-Zone1,8,7.1,26.4,113.0,0.651,low
233,Rourkela-Zone1,9,42.5,29.2,118.1,0.83,medium
233,Rourkela-Zone1,10,4.4,32.2,114.0,0.709,low
233,Rourkela-Zone1,11,21.1,29.6,108.3,0.93,medium
233,Rourkela-Zone1,12,12.7,32.3,114.6,0.746,low
233,Rourkela-Zone1,13,30.3,35.3,104.7,0.872,medium
233,Rourkela-Zone1,14,11.6,36.0,119.1,0.78,low
233,Rourkela-Zone1,15,0.0,34.6,119.1,0.967,low
233,Rourkela-Zone1,16,8.5,36.6,116.0,0.687,low
233,Rourkela-Zone1,17,2.9,37.9,125.0,0.804,low
233,Rourkela-Zone1,18,19.5,39.1,114.0,0.93,medium
233,Rourkela-Zone1,19,16.4,41.1,111.6,0.6,medium
233,Rourkela-Zone1,20,59.8,40.2,117.1,0.797,high
233,Rourkela-Zone1,21,36.3,41.2,110.7,0.982,medium
233,Rourkela-Zone1,22,21.3,42.3,109.7,0.818,medium
233,Rourkela-Zone1,23,88.1,42.9,109.4,0.856,high
233,Rourkela-Zone1,24,118.1,43.9,107.7,0.896,high
233,Rourkela-Zone1,25,149.8,44.2,108.3,0.698,high
233,Rourkela-Zone1,26,149.3,42.9,99.3,0.766,high
233,Rourkela-Zone1,27,175.4,44.7,100.0,0.702,medium
233,Rourkela-Zone1,28,191.7,40.9,96.9,0.844,high
233,Rourkela-Zone1,29,211.7,41.6,103.4,0.861,high
233,Rourkela-Zone1,30,223.5,41.2,94.6,0.756,high
233,Rourkela-Zone1,31,270.0,41.9,88.4,0.809,high
233,Rourkela-Zone1,32,262.3,41.3,93.0,0.984,high
233,Rourkela-Zone1,33,289.2,40.8,84.9,0.674,high
233,Rourkela-Zone1,34,271.3,38.8,90.9,0.586,high
233,Rourkela-Zone1,35,261.5,36.1,95.7,0.673,high
233,Rourkela-Zone1,36,265.7,34.2,99.6,0.743,high
233,Rourkela-Zone1,37,245.6,34.5,96.6,0.786,high
233,Rourkela-Zone1,38,252.5,34.9,100.7,0.848,high
233,Rourkela-Zone1,39,202.9,31.1,174.0,0.691,high
233,Rourkela-Zone1,40,262.6,29.5,162.4,0.716,high
233,Rourkela-Zone1,41,179.5,28.6,172.4,0.81,high
233,Rourkela-Zone1,42,143.8,27.3,183.1,0.844,high
233,Rourkela-Zone1,43,129.1,29.7,188.0,0.882,high
233,Rourkela-Zone1,44,104.7,25.8,177.6,0.939,high
233,Rourkela-Zone1,45,34.6,25.1,195.7,0.964,medium
233,Rourkela-Zone1,46,27.1,26.8,203.0,0.907,medium
233,Rourkela-Zone1,47,19.4,24.2,203.7,0.839,medium
233,Rourkela-Zone1,48,4.4,22.9,196.4,0.648,medium
233,Rourkela-Zone1,49,16.7,23.5,195.4,0.853,medium
233,Rourkela-Zone1,50,18.1,22.1,190.4,0.715,low
233,Rourkela-Zone1,51,19.9,26.5,201.4,0.846,medium
233,Rourkela-Zone1,52,0.0,16.7,201.0,0.796,medium
234,Bhubaneswar-Zone1,0,49.0,21.8,193.4,0.613,high
234,Bhubaneswar-Zone1,1,77.8,23.1,182.0,0.616,high
234,Bhubaneswar-Zone1,2,27.0,23.8,197.1,0.611,medium
234,Bhubaneswar-Zone1,3,32.5,23.1,193.3,0.57,medium
234,Bhubaneswar-Zone1,4,67.9,25.4,131.0,0.499,low
234,Bhubaneswar-Zone1,5,37.2,24.4,116.6,0.621,medium
234,Bhubaneswar-Zone1,6,45.8,26.3,107.7,0.638,medium
234,Bhubaneswar-Zone1,7,109.5,27.1,101.0,0.533,high
234,Bhubaneswar-Zone1,8,26.4,27.9,123.0,0.481,medium
234,Bhubaneswar-Zone1,9,61.9,27.4,112.9,0.78,high
234,Bhubaneswar-Zone1,10,59.1,31.8,121.6,0.613,high
234,Bhubaneswar-Zone1,11,32.6,31.7,106.6,0.628,medium
234,Bhubaneswar-Zone1,12,48.3,31.4,115.1,0.553,medium
234,Bhubaneswar-Zone1,13,55.6,33.5,107.3,0.712,high
234,Bhubaneswar-Zone1,14,37.3,32.8,121.4,0.622,medium
234,Bhubaneswar-Zone1,15,24.6,36.4,111.0,0.543,medium
234,Bhubaneswar-Zone1,16,91.3,37.6,114.3,0.616,high
234,Bhubaneswar-Zone1,17,48.1,39.2,118.1,0.571,low
234,Bhubaneswar-Zone1,18,42.5,39.3,118.9,0.654,medium
234,Bhubaneswar-Zone1,19,77.0,39.9,110.1,0.646,high
234,Bhubaneswar-Zone1,20,47.5,40.4,112.1,0.634,medium
234,Bhubaneswar-Zone1,21,40.6,40.8,113.6,0.542,medium
234,Bhubaneswar-Zone1,22,106.5,43.3,98.6,0.481,high
234,Bhubaneswar-Zone1,23,108.8,39.8,95.1,0.523,high
234,Bhubaneswar-Zone1,24,131.7,42.3,109.6,0.562,high
234,Bhubaneswar-Zone1,25,172.0,44.7,95.6,0.613,high
234,Bhubaneswar-Zone1,26,233.2,43.0,91.6,0.556,high
234,Bhubaneswar-Zone1,27,239.5,39.7,100.0,0.565,high
234,Bhubaneswar-Zone1,28,277.5,41.6,82.4,0.821,high
234,Bhubaneswar-Zone1,29,266.7,44.0,80.0,0.444,high
234,Bhubaneswar-Zone1,30,288.9,41.6,86.7,0.611,high
234,Bhubaneswar-Zone1,31,315.4,37.7,94.3,0.497,high
234,Bhubaneswar-Zone1,32,347.5,38.7,80.1,0.494,high
234,Bhubaneswar-Zone1,33,310.4,40.2,84.4,0.679,high
234,Bhubaneswar-Zone1,34,360.4,35.9,81.1,0.411,high
234,Bhubaneswar-Zone1,35,379.1,39.7,78.3,0.451,high
234,Bhubaneswar-Zone1,36,336.6,37.5,77.7,0.509,low
234,Bhubaneswar-Zone1,37,342.3,34.8,76.1,0.604,medium
234,Bhubaneswar-Zone1,38,316.9,32.3,111.4,0.415,high
234,Bhubaneswar-Zone1,39,305.7,31.8,166.1,0.638,high
234,Bhubaneswar-Zone1,40,248.4,30.8,169.3,0.564,high
234,Bhubaneswar-Zone1,41,221.0,28.0,179.9,0.497,high
234,Bhubaneswar-Zone1,42,190.3,28.7,179.9,0.745,high
234,Bhubaneswar-Zone1,43,201.3,28.2,167.6,0.529,high
234,Bhubaneswar-Zone1,44,162.7,26.5,180.9,0.426,high
234,Bhubaneswar-Zone1,45,104.4,24.5,193.9,0.457,high
234,Bhubaneswar-Zone1,46,101.0,27.6,195.9,0.611,high
234,Bhubaneswar-Zone1,47,24.5,25.1,193.1,0.501,medium
234,Bhubaneswar-Zone1,48,43.1,26.0,193.1,0.617,medium
234,Bhubaneswar-Zone1,49,36.6,22.9,204.1,0.562,medium
234,Bhubaneswar-Zone1,50,40.1,21.7,205.1,0.441,medium
234,Bhubaneswar-Zone1,51,59.8,22.2,197.9,0.62,high
234,Bhubaneswar-Zone1,52,22.7,20.0,193.0,0.526,medium
235,Bhubaneswar-Zone2,0,108.4,21.1,189.9,0.808,high
235,Bhubaneswar-Zone2,1,66.7,23.3,193.3,0.763,high
235,Bhubaneswar-Zone2,2,91.1,21.0,196.0,0.708,high
235,Bhubaneswar-Zone2,3,88.0,23.2,190.6,0.75,high
235,Bhubaneswar-Zone2,4,72.7,23.2,136.9,0.727,high
235,Bhubaneswar-Zone2,5,70.9,23.7,114.6,0.729,high
235,Bhubaneswar-Zone2,6,57.1,25.3,117.9,0.705,high
235,Bhubaneswar-Zone2,7,97.0,27.2,108.0,0.701,high
235,Bhubaneswar-Zone2,8,46.4,29.7,118.6,0.613,medium
235,Bhubaneswar-Zone2,9,41.6,29.3,109.4,0.864,medium
235,Bhubaneswar-Zone2,10,89.7,31.0,125.9,0.704,high
235,Bhubaneswar-Zone2,11,48.2,31.0,113.4,0.88,medium
235,Bhubaneswar-Zone2,12,51.8,32.7,113.7,0.786,high
235,Bhubaneswar-Zone2,13,128.9,34.8,95.1,0.712,high
235,Bhubaneswar-Zone2,14,48.1,34.4,114.6,0.737,medium
235,Bhubaneswar-Zone2,15,83.4,36.8,106.0,0.788,high
235,Bhubaneswar-Zone2,16,85.1,37.7,110.0,0.816,high
235,Bhubaneswar-Zone2,17,79.0,37.4,102.9,0.725,high
235,Bhubaneswar-Zone2,18,104.4,39.9,105.0,0.807,high
235,Bhubaneswar-Zone2,19,111.3,41.9,103.0,0.784,high
235,Bhubaneswar-Zone2,20,72.2,41.6,115.3,0.788,high
235,Bhubaneswar-Zone2,21,49.8,41.0,114.1,0.807,medium
235,Bhubaneswar-Zone2,22,74.5,40.8,103.9,0.671,high
235,Bhubaneswar-Zone2,23,135.2,42.9,108.3,0.851,high
235,Bhubaneswar-Zone2,24,142.8,45.0,110.1,0.759,high
235,Bhubaneswar-Zone2,25,213.2,44.1,96.4,0.85,high
235,Bhubaneswar-Zone2,26,244.8,41.9,89.4,0.718,high
235,Bhubaneswar-Zone2,27,229.8,42.9,94.4,0.783,high
235,Bhubaneswar-Zone2,28,257.8,43.2,89.7,0.805,high
235,Bhubaneswar-Zone2,29,279.6,42.9,86.7,0.417,high
235,Bhubaneswar-Zone2,30,323.3,39.3,86.4,0.768,high
235,Bhubaneswar-Zone2,31,349.4,41.3,75.7,0.777,high
235,Bhubaneswar-Zone2,32,343.1,39.3,87.0,0.731,high
235,Bhubaneswar-Zone2,33,339.2,37.7,72.0,0.764,high
235,Bhubaneswar-Zone2,34,333.2,38.6,85.4,0.746,high
235,Bhubaneswar-Zone2,35,359.8,35.4,79.1,0.542,high
235,Bhubaneswar-Zone2,36,362.9,35.0,81.6,0.781,high
235,Bhubaneswar-Zone2,37,299.2,34.3,85.6,0.8,high
235,Bhubaneswar-Zone2,38,297.3,31.5,112.0,0.893,high
235,Bhubaneswar-Zone2,39,298.5,33.3,172.7,0.633,high
235,Bhubaneswar-Zone2,40,306.6,31.3,161.4,0.648,high
235,Bhubaneswar-Zone2,41,250.9,30.8,175.1,0.899,high
235,Bhubaneswar-Zone2,42,222.5,32.6,174.1,0.838,medium
235,Bhubaneswar-Zone2,43,240.7,28.6,180.7,0.829,high
235,Bhubaneswar-Zone2,44,170.7,25.8,181.1,0.889,high
235,Bhubaneswar-Zone2,45,115.2,27.1,179.3,0.692,high
235,Bhubaneswar-Zone2,46,103.4,24.2,181.1,0.582,low
235,Bhubaneswar-Zone2,47,123.4,26.9,181.4,0.743,high
235,Bhubaneswar-Zone2,48,92.9,23.7,190.6,0.641,high
235,Bhubaneswar-Zone2,49,71.1,23.2,195.3,0.557,high
235,Bhubaneswar-Zone2,50,89.6,23.4,189.3,0.849,high
235,Bhubaneswar-Zone2,51,31.0,23.1,195.4,0.678,medium
235,Bhubaneswar-Zone2,52,3.2,17.6,200.0,0.805,high
236,Bhubaneswar-Zone1,0,49.0,21.8,193.4,0.665,medium
236,Bhubaneswar-Zone1,1,77.8,23.1,182.0,0.707,high
236,Bhubaneswar-Zone1,2,27.0,23.8,197.1,0.559,medium
236,Bhubaneswar-Zone1,3,32.5,23.1,193.3,0.543,medium
236,Bhubaneswar-Zone1,4,67.9,25.4,131.0,0.572,high
236,Bhubaneswar-Zone1,5,37.2,24.4,116.6,0.621,medium
236,Bhubaneswar-Zone1,6,45.8,26.3,107.7,0.63,medium
236,Bhubaneswar-Zone1,7,109.5,27.1,101.0,0.618,high
236,Bhubaneswar-Zone1,8,26.4,27.9,123.0,0.738,high
236,Bhubaneswar-Zone1,9,61.9,27.4,112.9,0.557,high
236,Bhubaneswar-Zone1,10,59.1,31.8,121.6,0.659,high
236,Bhubaneswar-Zone1,11,32.6,31.7,106.6,0.532,medium
236,Bhubaneswar-Zone1,12,48.3,31.4,115.1,0.684,medium
236,Bhubaneswar-Zone1,13,55.6,33.5,107.3,0.675,high
236,Bhubaneswar-Zone1,14,37.3,32.8,121.4,0.707,medium
236,Bhubaneswar-Zone1,15,24.6,36.4,111.0,0.594,medium
236,Bhubaneswar-Zone1,16,91.3,37.6,114.3,0.732,high
236,Bhubaneswar-Zone1,17,48.1,39.2,118.1,0.565,medium
236,Bhubaneswar-Zone1,18,42.5,39.3,118.9,0.725,medium
236,Bhubaneswar-Zone1,19,77.0,39.9,110.1,0.54,high
236,Bhubaneswar-Zone1,20,47.5,40.4,112.1,0.729,medium
236,Bhubaneswar-Zone1,21,40.6,40.8,113.6,0.609,medium
236,Bhubaneswar-Zone1,22,106.5,43.3,98.6,0.551,high
236,Bhubaneswar-Zone1,23,108.8,39.8,95.1,0.675,high
236,Bhubaneswar-Zone1,24,131.7,42.3,109.6,0.743,high
236,Bhubaneswar-Zone1,25,172.0,44.7,95.6,0.667,high
236,Bhubaneswar-Zone1,26,233.2,43.0,91.6,0.616,high
236,Bhubaneswar-Zone1,27,239.5,39.7,100.0,0.582,high
236,Bhubaneswar-Zone1,28,277.5,41.6,82.4,0.563,high
236,Bhubaneswar-Zone1,29,266.7,44.0,80.0,0.548,high
236,Bhubaneswar-Zone1,30,288.9,41.6,86.7,0.463,high
236,Bhubaneswar-Zone1,31,315.4,37.7,94.3,0.563,high
236,Bhubaneswar-Zone1,32,347.5,38.7,80.1,0.569,high
236,Bhubaneswar-Zone1,33,310.4,40.2,84.4,0.684,high
236,Bhubaneswar-Zone1,34,360.4,35.9,81.1,0.561,high
236,Bhubaneswar-Zone1,35,379.1,39.7,78.3,0.701,high
236,Bhubaneswar-Zone1,36,336.6,37.5,77.7,0.693,high
236,Bhubaneswar-Zone1,37,342.3,34.8,76.1,0.504,high
236,Bhubaneswar-Zone1,38,316.9,32.3,111.4,0.805,high
236,Bhubaneswar-Zone1,39,305.7,31.8,166.1,0.489,high
236,Bhubaneswar-Zone1,40,248.4,30.8,169.3,0.845,high
236,Bhubaneswar-Zone1,41,221.0,28.0,179.9,0.641,high
236,Bhubaneswar-Zone1,42,190.3,28.7,179.9,0.781,high
236,Bhubaneswar-Zone1,43,201.3,28.2,167.6,0.49,high
236,Bhubaneswar-Zone1,44,162.7,26.5,180.9,0.552,high
236,Bhubaneswar-Zone1,45,104.4,24.5,193.9,0.643,high
236,Bhubaneswar-Zone1,46,101.0,27.6,195.9,0.689,high
236,Bhubaneswar-Zone1,47,24.5,25.1,193.1,0.658,medium
236,Bhubaneswar-Zone1,48,43.1,26.0,193.1,0.625,medium
236,Bhubaneswar-Zone1,49,36.6,22.9,204.1,0.745,low
236,Bhubaneswar-Zone1,50,40.1,21.7,205.1,0.658,medium
236,Bhubaneswar-Zone1,51,59.8,22.2,197.9,0.539,high
236,Bhubaneswar-Zone1,52,22.7,20.0,193.0,0.67,medium
237,Rourkela-Zone1,0,12.7,20.9,190.6,0.373,low
237,Rourkela-Zone1,1,24.9,24.0,193.9,0.413,medium
237,Rourkela-Zone1,2,6.9,24.0,196.0,0.35,medium
237,Rourkela-Zone1,3,44.1,25.1,186.7,0.242,medium
237,Rourkela-Zone1,4,25.7,23.1,141.1,0.509,medium
237,Rourkela-Zone1,5,45.3,27.0,116.6,0.433,medium
237,Rourkela-Zone1,6,0.0,24.7,122.1,0.503,low
237,Rourkela-Zone1,7,13.6,28.2,101.6,0.28,medium
237,Rourkela-Zone1,8,7.1,26.4,113.0,0.306,medium
237,Rourkela-Zone1,9,42.5,29.2,118.1,0.537,medium
237,Rourkela-Zone1,10,4.4,32.2,114.0,0.41,low
237,Rourkela-Zone1,11,21.1,29.6,108.3,0.49,medium
237,Rourkela-Zone1,12,12.7,32.3,114.6,0.365,medium
237,Rourkela-Zone1,13,30.3,35.3,104.7,0.371,medium
237,Rourkela-Zone1,14,11.6,36.0,119.1,0.374,medium
237,Rourkela-Zone1,15,0.0,34.6,119.1,0.431,low
237,Rourkela-Zone1,16,8.5,36.6,116.0,0.653,low
237,Rourkela-Zone1,17,2.9,37.9,125.0,0.442,low
237,Rourkela-Zone1,18,19.5,39.1,114.0,0.508,medium
237,Rourkela-Zone1,19,16.4,41.1,111.6,0.476,medium
237,Rourkela-Zone1,20,59.8,40.2,117.1,0.453,high
237,Rourkela-Zone1,21,36.3,41.2,110.7,0.546,medium
237,Rourkela-Zone1,22,21.3,42.3,109.7,0.385,medium
237,Rourkela-Zone1,23,88.1,42.9,109.4,0.598,high
237,Rourkela-Zone1,24,118.1,43.9,107.7,0.378,high
237,Rourkela-Zone1,25,149.8,44.2,108.3,0.497,high
237,Rourkela-Zone1,26,149.3,42.9,99.3,0.277,high
237,Rourkela-Zone1,27,175.4,44.7,100.0,0.407,high
237,Rourkela-Zone1,28,191.7,40.9,96.9,0.187,high
237,Rourkela-Zone1,29,211.7,41.6,103.4,0.282,high
237,Rourkela-Zone1,30,223.5,41.2,94.6,0.442,high
237,Rourkela-Zone1,31,270.0,41.9,88.4,0.383,high
237,Rourkela-Zone1,32,262.3,41.3,93.0,0.436,high
237,Rourkela-Zone1,33,289.2,40.8,84.9,0.376,high
237,Rourkela-Zone1,34,271.3,38.8,90.9,0.418,high
237,Rourkela-Zone1,35,261.5,36.1,95.7,0.461,high
237,Rourkela-Zone1,36,265.7,34.2,99.6,0.304,high
237,Rourkela-Zone1,37,245.6,34.5,96.6,0.328,low
237,Rourkela-Zone1,38,252.5,34.9,100.7,0.338,high
237,Rourkela-Zone1,39,202.9,31.1,174.0,0.462,high
237,Rourkela-Zone1,40,262.6,29.5,162.4,0.472,high
237,Rourkela-Zone1,41,179.5,28.6,172.4,0.245,high
237,Rourkela-Zone1,42,143.8,27.3,183.1,0.495,high
237,Rourkela-Zone1,43,129.1,29.7,188.0,0.284,high
237,Rourkela-Zone1,44,104.7,25.8,177.6,0.595,high
237,Rourkela-Zone1,45,34.6,25.1,195.7,0.373,medium
237,Rourkela-Zone1,46,27.1,26.8,203.0,0.189,medium
237,Rourkela-Zone1,47,19.4,24.2,203.7,0.404,medium
237,Rourkela-Zone1,48,4.4,22.9,196.4,0.554,medium
237,Rourkela-Zone1,49,16.7,23.5,195.4,0.445,medium
237,Rourkela-Zone1,50,18.1,22.1,190.4,0.446,medium
237,Rourkela-Zone1,51,19.9,26.5,201.4,0.484,medium
237,Rourkela-Zone1,52,0.0,16.7,201.0,0.349,medium
238,Puri-Zone1,0,125.9,22.3,186.0,0.537,high
238,Puri-Zone1,1,116.2,22.7,185.0,0.614,high
238,Puri-Zone1,2,77.3,23.1,189.1,0.768,high
238,Puri-Zone1,3,144.2,24.7,182.0,0.675,high
238,Puri-Zone1,4,104.0,23.6,137.7,0.682,high
238,Puri-Zone1,5,75.6,24.8,105.9,0.728,high
238,Puri-Zone1,6,77.2,25.1,109.7,0.699,high
238,Puri-Zone1,7,81.9,25.9,100.3,0.67,high
238,Puri-Zone1,8,105.0,27.3,110.9,0.588,low
238,Puri-Zone1,9,117.3,26.6,105.0,0.396,high
238,Puri-Zone1,10,105.1,29.5,106.1,0.562,high
238,Puri-Zone1,11,92.2,31.1,109.7,0.506,high
238,Puri-Zone1,12,104.3,33.4,109.0,0.65,high
238,Puri-Zone1,13,69.9,32.5,108.0,0.454,high
238,Puri-Zone1,14,132.9,34.1,110.4,0.734,high
238,Puri-Zone1,15,100.4,36.5,110.0,0.572,high
238,Puri-Zone1,16,72.5,36.9,111.0,0.725,high
238,Puri-Zone1,17,94.5,37.0,95.1,0.79,high
238,Puri-Zone1,18,118.3,37.5,115.7,0.577,high
238,Puri-Zone1,19,114.9,40.1,103.0,0.654,high
238,Puri-Zone1,20,113.4,42.0,109.1,0.794,high
238,Puri-Zone1,21,66.8,41.2,111.9,0.643,high
238,Puri-Zone1,22,168.6,42.4,94.4,0.624,high
238,Puri-Zone1,23,169.2,41.7,96.7,0.578,high
238,Puri-Zone1,24,223.9,41.5,88.4,0.632,high
238,Puri-Zone1,25,238.0,42.9,88.3,0.646,high
238,Puri-Zone1,26,282.3,43.3,92.1,0.532,high
238,Puri-Zone1,27,270.7,41.6,90.7,0.598,high
238,Puri-Zone1,28,286.8,41.9,83.1,0.617,high
238,Puri-Zone1,29,340.7,40.4,88.9,0.708,high
238,Puri-Zone1,30,335.2,42.2,81.0,0.522,high
238,Puri-Zone1,31,385.5,40.3,84.7,0.434,high
238,Puri-Zone1,32,385.3,40.4,81.3,0.666,high
238,Puri-Zone1,33,344.1,40.2,81.4,0.462,high
238,Puri-Zone1,34,373.5,39.4,77.7,0.555,high
238,Puri-Zone1,35,389.2,37.7,64.0,0.591,high
238,Puri-Zone1,36,358.5,35.0,76.6,0.471,high
238,Puri-Zone1,37,354.0,35.9,92.4,0.493,high
238,Puri-Zone1,38,315.8,36.3,103.7,0.441,high
238,Puri-Zone1,39,351.5,35.2,150.6,0.505,high
238,Puri-Zone1,40,291.4,33.1,171.6,0.718,high
238,Puri-Zone1,41,285.5,31.7,169.0,0.457,high
238,Puri-Zone1,42,247.4,27.8,169.7,0.649,medium
238,Puri-Zone1,43,246.9,27.8,159.6,0.57,high
238,Puri-Zone1,44,197.4,26.4,181.7,0.783,high
238,Puri-Zone1,45,159.8,23.8,182.3,0.631,high
238,Puri-Zone1,46,101.3,24.8,181.4,0.661,high
238,Puri-Zone1,47,113.6,24.7,191.0,0.442,high
238,Puri-Zone1,48,105.8,24.6,174.6,0.521,high
238,Puri-Zone1,49,69.5,24.6,191.0,0.637,high
238,Puri-Zone1,50,75.1,24.2,196.6,0.501,high
238,Puri-Zone1,51,109.4,21.1,192.7,0.712,high
238,Puri-Zone1,52,13.9,21.5,190.0,0.666,medium
239,Puri-Zone1,0,125.9,22.3,186.0,0.951,high
239,Puri-Zone1,1,116.2,22.7,185.0,1.0,high
239,Puri-Zone1,2,77.3,23.1,189.1,0.898,high
239,Puri-Zone1,3,144.2,24.7,182.0,0.948,high
239,Puri-Zone1,4,104.0,23.6,137.7,0.886,high
239,Puri-Zone1,5,75.6,24.8,105.9,0.864,high
239,Puri-Zone1,6,77.2,25.1,109.7,1.0,high
239,Puri-Zone1,7,81.9,25.9,100.3,0.966,high
239,Puri-Zone1,8,105.0,27.3,110.9,1.0,high
239,Puri-Zone1,9,117.3,26.6,105.0,0.935,high
239,Puri-Zone1,10,105.1,29.5,106.1,1.0,high
239,Puri-Zone1,11,92.2,31.1,109.7,0.861,high
239,Puri-Zone1,12,104.3,33.4,109.0,0.941,high
239,Puri-Zone1,13,69.9,32.5,108.0,0.992,high
239,Puri-Zone1,14,132.9,34.1,110.4,0.838,high
239,Puri-Zone1,15,100.4,36.5,110.0,1.0,high
239,Puri-Zone1,16,72.5,36.9,111.0,0.97,high
239,Puri-Zone1,17,94.5,37.0,95.1,0.843,high
239,Puri-Zone1,18,118.3,37.5,115.7,0.993,high
239,Puri-Zone1,19,114.9,40.1,103.0,0.881,high
239,Puri-Zone1,20,113.4,42.0,109.1,0.777,high
239,Puri-Zone1,21,66.8,41.2,111.9,1.0,medium
239,Puri-Zone1,22,168.6,42.4,94.4,1.0,high
239,Puri-Zone1,23,169.2,41.7,96.7,0.856,high
239,Puri-Zone1,24,223.9,41.5,88.4,0.872,low
239,Puri-Zone1,25,238.0,42.9,88.3,1.0,high
239,Puri-Zone1,26,282.3,43.3,92.1,0.917,high
239,Puri-Zone1,27,270.7,41.6,90.7,1.0,high
239,Puri-Zone1,28,286.8,41.9,83.1,0.986,high
239,Puri-Zone1,29,340.7,40.4,88.9,1.0,high
239,Puri-Zone1,30,335.2,42.2,81.0,0.997,high
239,Puri-Zone1,31,385.5,40.3,84.7,1.0,high
239,Puri-Zone1,32,385.3,40.4,81.3,1.0,high
239,Puri-Zone1,33,344.1,40.2,81.4,1.0,high
239,Puri-Zone1,34,373.5,39.4,77.7,0.878,high
239,Puri-Zone1,35,389.2,37.7,64.0,1.0,high
239,Puri-Zone1,36,358.5,35.0,76.6,1.0,high
239,Puri-Zone1,37,354.0,35.9,92.4,1.0,high
239,Puri-Zone1,38,315.8,36.3,103.7,0.924,high
239,Puri-Zone1,39,351.5,35.2,150.6,1.0,high
239,Puri-Zone1,40,291.4,33.1,171.6,1.0,high
239,Puri-Zone1,41,285.5,31.7,169.0,0.933,high
239,Puri-Zone1,42,247.4,27.8,169.7,1.0,high
239,Puri-Zone1,43,246.9,27.8,159.6,0.971,high
239,Puri-Zone1,44,197.4,26.4,181.7,1.0,high
239,Puri-Zone1,45,159.8,23.8,182.3,0.941,high
239,Puri-Zone1,46,101.3,24.8,181.4,1.0,high
239,Puri-Zone1,47,113.6,24.7,191.0,0.978,high
239,Puri-Zone1,48,105.8,24.6,174.6,0.979,high
239,Puri-Zone1,49,69.5,24.6,191.0,0.735,high
239,Puri-Zone1,50,75.1,24.2,196.6,0.89,low
239,Puri-Zone1,51,109.4,21.1,192.7,0.976,high
239,Puri-Zone1,52,13.9,21.5,190.0,0.963,medium
240,Cuttack-Zone1,0,20.0,23.7,196.3,0.809,medium
240,Cuttack-Zone1,1,53.9,23.0,203.3,0.758,high
240,Cuttack-Zone1,2,39.0,22.9,200.9,0.705,medium
240,Cuttack-Zone1,3,52.1,24.6,189.0,0.734,high
240,Cuttack-Zone1,4,42.3,25.4,151.7,0.634,medium
240,Cuttack-Zone1,5,29.4,25.2,116.0,0.827,medium
240,Cuttack-Zone1,6,33.7,25.9,117.0,0.648,medium
240,Cuttack-Zone1,7,32.3,27.7,117.3,0.702,medium
240,Cuttack-Zone1,8,26.4,27.3,120.7,0.884,medium
240,Cuttack-Zone1,9,18.2,26.7,110.9,0.723,low
240,Cuttack-Zone1,10,12.5,29.6,110.7,0.697,low
240,Cuttack-Zone1,11,14.1,32.2,118.6,0.732,low
240,Cuttack-Zone1,12,53.2,30.8,110.4,0.841,high
240,Cuttack-Zone1,13,45.8,31.3,105.1,0.692,medium
240,Cuttack-Zone1,14,12.8,35.2,118.6,0.692,low
240,Cuttack-Zone1,15,68.1,36.8,115.9,0.625,high
240,Cuttack-Zone1,16,12.1,37.5,111.4,0.851,low
240,Cuttack-Zone1,17,63.9,38.5,104.0,0.783,high
240,Cuttack-Zone1,18,62.2,40.9,113.7,0.788,high
240,Cuttack-Zone1,19,33.3,38.5,111.6,0.688,medium
240,Cuttack-Zone1,20,26.4,39.6,116.0,0.843,medium
240,Cuttack-Zone1,21,31.7,41.9,114.3,0.752,medium
240,Cuttack-Zone1,22,62.7,39.8,117.4,0.735,high
240,Cuttack-Zone1,23,79.2,41.7,106.4,0.592,high
240,Cuttack-Zone1,24,159.5,42.0,102.3,0.65,high
240,Cuttack-Zone1,25,246.6,43.2,96.1,0.761,high
240,Cuttack-Zone1,26,198.7,41.4,97.4,0.884,high
240,Cuttack-Zone1,27,282.6,43.4,82.7,0.758,high
240,Cuttack-Zone1,28,235.4,40.8,94.9,0.848,high
240,Cuttack-Zone1,29,238.0,42.0,95.3,0.655,high
240,Cuttack-Zone1,30,288.1,42.8,83.0,0.742,high
240,Cuttack-Zone1,31,263.5,38.7,89.7,0.711,high
240,Cuttack-Zone1,32,334.1,40.7,72.4,0.619,high
240,Cuttack-Zone1,33,337.1,38.6,73.7,0.691,high
240,Cuttack-Zone1,34,302.3,38.0,94.7,0.826,high
240,Cuttack-Zone1,35,285.6,36.6,81.6,0.62,high
240,Cuttack-Zone1,36,313.4,35.3,77.0,0.662,high
240,Cuttack-Zone1,37,325.5,35.0,78.6,0.765,high
240,Cuttack-Zone1,38,264.2,34.8,115.7,0.713,high
240,Cuttack-Zone1,39,271.7,31.9,178.6,0.859,high
240,Cuttack-Zone1,40,247.0,29.6,171.7,0.939,high
240,Cuttack-Zone1,41,190.4,30.8,175.7,0.766,high
240,Cuttack-Zone1,42,184.7,28.1,171.0,0.706,high
240,Cuttack-Zone1,43,185.3,26.9,174.4,0.674,high
240,Cuttack-Zone1,44,119.5,26.5,181.4,0.675,high
240,Cuttack-Zone1,45,144.4,25.5,180.1,0.758,high
240,Cuttack-Zone1,46,76.7,24.8,191.4,0.777,high
240,Cuttack-Zone1,47,22.2,23.5,199.6,0.599,medium
240,Cuttack-Zone1,48,49.5,23.0,193.1,0.584,medium
240,Cuttack-Zone1,49,56.2,22.8,188.0,0.677,high
240,Cuttack-Zone1,50,55.0,22.8,190.0,0.608,high
240,Cuttack-Zone1,51,44.3,24.1,197.1,0.572,medium
240,Cuttack-Zone1,52,0.9,17.3,221.0,0.874,medium
241,Bhubaneswar-Zone1,0,49.0,21.8,193.4,0.8,medium
241,Bhubaneswar-Zone1,1,77.8,23.1,182.0,0.683,high
241,Bhubaneswar-Zone1,2,27.0,23.8,197.1,0.684,medium
241,Bhubaneswar-Zone1,3,32.5,23.1,193.3,0.714,medium
241,Bhubaneswar-Zone1,4,67.9,25.4,131.0,0.518,high
241,Bhubaneswar-Zone1,5,37.2,24.4,116.6,0.632,low
241,Bhubaneswar-Zone1,6,45.8,26.3,107.7,0.716,high
241,Bhubaneswar-Zone1,7,109.5,27.1,101.0,0.539,high
241,Bhubaneswar-Zone1,8,26.4,27.9,123.0,0.581,medium
241,Bhubaneswar-Zone1,9,61.9,27.4,112.9,0.819,high
241,Bhubaneswar-Zone1,10,59.1,31.8,121.6,0.743,high
241,Bhubaneswar-Zone1,11,32.6,31.7,106.6,0.631,medium
241,Bhubaneswar-Zone1,12,48.3,31.4,115.1,0.509,medium
241,Bhubaneswar-Zone1,13,55.6,33.5,107.3,0.534,high
241,Bhubaneswar-Zone1,14,37.3,32.8,121.4,0.675,medium
241,Bhubaneswar-Zone1,15,24.6,36.4,111.0,0.825,low
241,Bhubaneswar-Zone1,16,91.3,37.6,114.3,0.769,high
241,Bhubaneswar-Zone1,17,48.1,39.2,118.1,0.669,medium
241,Bhubaneswar-Zone1,18,42.5,39.3,118.9,0.583,medium
241,Bhubaneswar-Zone1,19,77.0,39.9,110.1,0.507,low
241,Bhubaneswar-Zone1,20,47.5,40.4,112.1,0.805,medium
241,Bhubaneswar-Zone1,21,40.6,40.8,113.6,0.52,medium
241,Bhubaneswar-Zone1,22,106.5,43.3,98.6,0.53,high
241,Bhubaneswar-Zone1,23,108.8,39.8,95.1,0.757,high
241,Bhubaneswar-Zone1,24,131.7,42.3,109.6,0.692,high
241,Bhubaneswar-Zone1,25,172.0,44.7,95.6,0.759,high
241,Bhubaneswar-Zone1,26,233.2,43.0,91.6,0.714,high
241,Bhubaneswar-Zone1,27,239.5,39.7,100.0,0.779,high
241,Bhubaneswar-Zone1,28,277.5,41.6,82.4,0.814,high
241,Bhubaneswar-Zone1,29,266.7,44.0,80.0,0.751,high
241,Bhubaneswar-Zone1,30,288.9,41.6,86.7,0.624,high
241,Bhubaneswar-Zone1,31,315.4,37.7,94.3,0.694,high
241,Bhubaneswar-Zone1,32,347.5,38.7,80.1,0.607,high
241,Bhubaneswar-Zone1,33,310.4,40.2,84.4,0.612,high
241,Bhubaneswar-Zone1,34,360.4,35.9,81.1,0.565,high
241,Bhubaneswar-Zone1,35,379.1,39.7,78.3,0.704,high
241,Bhubaneswar-Zone1,36,336.6,37.5,77.7,0.922,high
241,Bhubaneswar-Zone1,37,342.3,34.8,76.1,0.734,medium
241,Bhubaneswar-Zone1,38,316.9,32.3,111.4,0.529,high
241,Bhubaneswar-Zone1,39,305.7,31.8,166.1,0.761,high
241,Bhubaneswar-Zone1,40,248.4,30.8,169.3,0.593,high
241,Bhubaneswar-Zone1,41,221.0,28.0,179.9,0.653,high
241,Bhubaneswar-Zone1,42,190.3,28.7,179.9,0.726,high
241,Bhubaneswar-Zone1,43,201.3,28.2,167.6,0.695,high
241,Bhubaneswar-Zone1,44,162.7,26.5,180.9,0.7,high
241,Bhubaneswar-Zone1,45,104.4,24.5,193.9,0.583,high
241,Bhubaneswar-Zone1,46,101.0,27.6,195.9,0.679,high
241,Bhubaneswar-Zone1,47,24.5,25.1,193.1,0.789,medium
241,Bhubaneswar-Zone1,48,43.1,26.0,193.1,0.756,medium
241,Bhubaneswar-Zone1,49,36.6,22.9,204.1,0.663,medium
241,Bhubaneswar-Zone1,50,40.1,21.7,205.1,0.693,medium
241,Bhubaneswar-Zone1,51,59.8,22.2,197.9,0.712,high
241,Bhubaneswar-Zone1,52,22.7,20.0,193.0,0.817,medium
242,Bhubaneswar-Zone1,0,49.0,21.8,193.4,0.615,medium
242,Bhubaneswar-Zone1,1,77.8,23.1,182.0,0.722,high
242,Bhubaneswar-Zone1,2,27.0,23.8,197.1,0.663,medium
242,Bhubaneswar-Zone1,3,32.5,23.1,193.3,0.757,medium
242,Bhubaneswar-Zone1,4,67.9,25.4,131.0,0.768,high
242,Bhubaneswar-Zone1,5,37.2,24.4,116.6,0.669,medium
242,Bhubaneswar-Zone1,6,45.8,26.3,107.7,0.6,medium
242,Bhubaneswar-Zone1,7,109.5,27.1,101.0,0.754,high
242,Bhubaneswar-Zone1,8,26.4,27.9,123.0,0.659,low
242,Bhubaneswar-Zone1,9,61.9,27.4,112.9,0.534,high
242,Bhubaneswar-Zone1,10,59.1,31.8,121.6,0.759,high
242,Bhubaneswar-Zone1,11,32.6,31.7,106.6,0.607,medium
242,Bhubaneswar-Zone1,12,48.3,31.4,115.1,0.561,medium
242,Bhubaneswar-Zone1,13,55.6,33.5,107.3,0.633,high
242,Bhubaneswar-Zone1,14,37.3,32.8,121.4,0.564,medium
242,Bhubaneswar-Zone1,15,24.6,36.4,111.0,0.824,medium
242,Bhubaneswar-Zone1,16,91.3,37.6,114.3,0.654,high
242,Bhubaneswar-Zone1,17,48.1,39.2,118.1,0.761,medium
242,Bhubaneswar-Zone1,18,42.5,39.3,118.9,0.549,medium
242,Bhubaneswar-Zone1,19,77.0,39.9,110.1,0.558,high
242,Bhubaneswar-Zone1,20,47.5,40.4,112.1,0.843,medium
242,Bhubaneswar-Zone1,21,40.6,40.8,113.6,0.692,low
242,Bhubaneswar-Zone1,22,106.5,43.3,98.6,0.471,high
242,Bhubaneswar-Zone1,23,108.8,39.8,95.1,0.671,high
242,Bhubaneswar-Zone1,24,131.7,42.3,109.6,0.654,high
242,Bhubaneswar-Zone1,25,172.0,44.7,95.6,0.613,high
242,Bhubaneswar-Zone1,26,233.2,43.0,91.6,0.827,high
242,Bhubaneswar-Zone1,27,239.5,39.7,100.0,0.758,high
242,Bhubaneswar-Zone1,28,277.5,41.6,82.4,0.608,high
242,Bhubaneswar-Zone1,29,266.7,44.0,80.0,0.559,high
242,Bhubaneswar-Zone1,30,288.9,41.6,86.7,0.713,high
242,Bhubaneswar-Zone1,31,315.4,37.7,94.3,0.655,high
242,Bhubaneswar-Zone1,32,347.5,38.7,80.1,0.758,high
242,Bhubaneswar-Zone1,33,310.4,40.2,84.4,0.757,high
242,Bhubaneswar-Zone1,34,360.4,35.9,81.1,0.495,high
242,Bhubaneswar-Zone1,35,379.1,39.7,78.3,0.675,high
242,Bhubaneswar-Zone1,36,336.6,37.5,77.7,0.722,high
242,Bhubaneswar-Zone1,37,342.3,34.8,76.1,0.531,low
242,Bhubaneswar-Zone1,38,316.9,32.3,111.4,0.589,high
242,Bhubaneswar-Zone1,39,305.7,31.8,166.1,0.515,high
242,Bhubaneswar-Zone1,40,248.4,30.8,169.3,0.687,high
242,Bhubaneswar-Zone1,41,221.0,28.0,179.9,0.73,high
242,Bhubaneswar-Zone1,42,190.3,28.7,179.9,0.774,high
242,Bhubaneswar-Zone1,43,201.3,28.2,167.6,0.636,medium
242,Bhubaneswar-Zone1,44,162.7,26.5,180.9,0.43,high
242,Bhubaneswar-Zone1,45,104.4,24.5,193.9,0.7,high
242,Bhubaneswar-Zone1,46,101.0,27.6,195.9,0.606,high
242,Bhubaneswar-Zone1,47,24.5,25.1,193.1,0.476,medium
242,Bhubaneswar-Zone1,48,43.1,26.0,193.1,0.812,medium
242,Bhubaneswar-Zone1,49,36.6,22.9,204.1,0.763,medium
242,Bhubaneswar-Zone1,50,40.1,21.7,205.1,0.522,medium
242,Bhubaneswar-Zone1,51,59.8,22.2,197.9,0.622,high
242,Bhubaneswar-Zone1,52,22.7,20.0,193.0,0.706,medium
243,Cuttack-Zone1,0,20.0,23.7,196.3,0.964,medium
243,Cuttack-Zone1,1,53.9,23.0,203.3,0.933,high
243,Cuttack-Zone1,2,39.0,22.9,200.9,0.889,medium
243,Cuttack-Zone1,3,52.1,24.6,189.0,0.679,high
243,Cuttack-Zone1,4,42.3,25.4,151.7,0.907,medium
243,Cuttack-Zone1,5,29.4,25.2,116.0,0.967,medium
243,Cuttack-Zone1,6,33.7,25.9,117.0,0.678,medium
243,Cuttack-Zone1,7,32.3,27.7,117.3,0.864,medium
243,Cuttack-Zone1,8,26.4,27.3,120.7,0.911,medium
243,Cuttack-Zone1,9,18.2,26.7,110.9,0.913,low
243,Cuttack-Zone1,10,12.5,29.6,110.7,0.815,low
243,Cuttack-Zone1,11,14.1,32.2,118.6,0.841,low
243,Cuttack-Zone1,12,53.2,30.8,110.4,0.901,high
243,Cuttack-Zone1,13,45.8,31.3,105.1,0.962,medium
243,Cuttack-Zone1,14,12.8,35.2,118.6,0.761,low
243,Cuttack-Zone1,15,68.1,36.8,115.9,0.888,high
243,Cuttack-Zone1,16,12.1,37.5,111.4,1.0,low
243,Cuttack-Zone1,17,63.9,38.5,104.0,0.881,high
243,Cuttack-Zone1,18,62.2,40.9,113.7,0.929,high
243,Cuttack-Zone1,19,33.3,38.5,111.6,1.0,medium
243,Cuttack-Zone1,20,26.4,39.6,116.0,0.9,medium
243,Cuttack-Zone1,21,31.7,41.9,114.3,1.0,medium
243,Cuttack-Zone1,22,62.7,39.8,117.4,0.847,high
243,Cuttack-Zone1,23,79.2,41.7,106.4,0.971,high
243,Cuttack-Zone1,24,159.5,42.0,102.3,0.814,high
243,Cuttack-Zone1,25,246.6,43.2,96.1,0.823,high
243,Cuttack-Zone1,26,198.7,41.4,97.4,0.942,high
243,Cuttack-Zone1,27,282.6,43.4,82.7,0.783,high
243,Cuttack-Zone1,28,235.4,40.8,94.9,0.883,high
243,Cuttack-Zone1,29,238.0,42.0,95.3,0.779,medium
243,Cuttack-Zone1,30,288.1,42.8,83.0,0.93,high
243,Cuttack-Zone1,31,263.5,38.7,89.7,0.93,high
243,Cuttack-Zone1,32,334.1,40.7,72.4,0.917,high
243,Cuttack-Zone1,33,337.1,38.6,73.7,0.759,high
243,Cuttack-Zone1,34,302.3,38.0,94.7,0.713,high
243,Cuttack-Zone1,35,285.6,36.6,81.6,0.738,medium
243,Cuttack-Zone1,36,313.4,35.3,77.0,0.853,high
243,Cuttack-Zone1,37,325.5,35.0,78.6,0.806,high
243,Cuttack-Zone1,38,264.2,34.8,115.7,0.904,high
243,Cuttack-Zone1,39,271.7,31.9,178.6,0.927,high
243,Cuttack-Zone1,40,247.0,29.6,171.7,0.679,high
243,Cuttack-Zone1,41,190.4,30.8,175.7,0.953,high
243,Cuttack-Zone1,42,184.7,28.1,171.0,0.92,high
243,Cuttack-Zone1,43,185.3,26.9,174.4,0.824,high
243,Cuttack-Zone1,44,119.5,26.5,181.4,0.989,high
243,Cuttack-Zone1,45,144.4,25.5,180.1,0.787,high
243,Cuttack-Zone1,46,76.7,24.8,191.4,0.858,high
243,Cuttack-Zone1,47,22.2,23.5,199.6,0.889,medium
243,Cuttack-Zone1,48,49.5,23.0,193.1,0.859,medium
243,Cuttack-Zone1,49,56.2,22.8,188.0,0.847,high
243,Cuttack-Zone1,50,55.0,22.8,190.0,0.844,high
243,Cuttack-Zone1,51,44.3,24.1,197.1,0.888,medium
243,Cuttack-Zone1,52,0.9,17.3,221.0,0.946,medium
244,Cuttack-Zone1,0,20.0,23.7,196.3,0.931,medium
244,Cuttack-Zone1,1,53.9,23.0,203.3,0.854,high
244,Cuttack-Zone1,2,39.0,22.9,200.9,0.853,medium
244,Cuttack-Zone1,3,52.1,24.6,189.0,0.841,high
244,Cuttack-Zone1,4,42.3,25.4,151.7,0.753,medium
244,Cuttack-Zone1,5,29.4,25.2,116.0,0.741,low
244,Cuttack-Zone1,6,33.7,25.9,117.0,0.688,medium
244,Cuttack-Zone1,7,32.3,27.7,117.3,0.644,medium
244,Cuttack-Zone1,8,26.4,27.3,120.7,0.849,medium
244,Cuttack-Zone1,9,18.2,26.7,110.9,0.808,low
244,Cuttack-Zone1,10,12.5,29.6,110.7,1.0,low
244,Cuttack-Zone1,11,14.1,32.2,118.6,0.877,low
244,Cuttack-Zone1,12,53.2,30.8,110.4,0.76,medium
244,Cuttack-Zone1,13,45.8,31.3,105.1,0.774,medium
244,Cuttack-Zone1,14,12.8,35.2,118.6,0.768,low
244,Cuttack-Zone1,15,68.1,36.8,115.9,0.888,high
244,Cuttack-Zone1,16,12.1,37.5,111.4,0.74,low
244,Cuttack-Zone1,17,63.9,38.5,104.0,0.844,high
244,Cuttack-Zone1,18,62.2,40.9,113.7,0.78,high
244,Cuttack-Zone1,19,33.3,38.5,111.6,0.853,medium
244,Cuttack-Zone1,20,26.4,39.6,116.0,0.822,medium
244,Cuttack-Zone1,21,31.7,41.9,114.3,0.721,high
244,Cuttack-Zone1,22,62.7,39.8,117.4,0.659,high
244,Cuttack-Zone1,23,79.2,41.7,106.4,0.705,high
244,Cuttack-Zone1,24,159.5,42.0,102.3,0.75,high
244,Cuttack-Zone1,25,246.6,43.2,96.1,0.676,high
244,Cuttack-Zone1,26,198.7,41.4,97.4,0.905,high
244,Cuttack-Zone1,27,282.6,43.4,82.7,0.761,high
244,Cuttack-Zone1,28,235.4,40.8,94.9,0.88,high
244,Cuttack-Zone1,29,238.0,42.0,95.3,0.781,high
244,Cuttack-Zone1,30,288.1,42.8,83.0,1.0,high
244,Cuttack-Zone1,31,263.5,38.7,89.7,0.995,high
244,Cuttack-Zone1,32,334.1,40.7,72.4,0.847,high
244,Cuttack-Zone1,33,337.1,38.6,73.7,0.848,high
244,Cuttack-Zone1,34,302.3,38.0,94.7,0.837,high
244,Cuttack-Zone1,35,285.6,36.6,81.6,0.785,high
244,Cuttack-Zone1,36,313.4,35.3,77.0,0.896,high
244,Cuttack-Zone1,37,325.5,35.0,78.6,0.813,high
244,Cuttack-Zone1,38,264.2,34.8,115.7,0.711,high
244,Cuttack-Zone1,39,271.7,31.9,178.6,0.793,high
244,Cuttack-Zone1,40,247.0,29.6,171.7,0.714,high
244,Cuttack-Zone1,41,190.4,30.8,175.7,0.708,high
244,Cuttack-Zone1,42,184.7,28.1,171.0,0.742,high
244,Cuttack-Zone1,43,185.3,26.9,174.4,0.978,high
244,Cuttack-Zone1,44,119.5,26.5,181.4,0.859,high
244,Cuttack-Zone1,45,144.4,25.5,180.1,0.793,high
244,Cuttack-Zone1,46,76.7,24.8,191.4,0.784,high
244,Cuttack-Zone1,47,22.2,23.5,199.6,0.824,medium
244,Cuttack-Zone1,48,49.5,23.0,193.1,0.761,medium
244,Cuttack-Zone1,49,56.2,22.8,188.0,0.865,high
244,Cuttack-Zone1,50,55.0,22.8,190.0,0.831,high
244,Cuttack-Zone1,51,44.3,24.1,197.1,0.854,medium
244,Cuttack-Zone1,52,0.9,17.3,221.0,0.787,medium
245,Cuttack-Zone1,0,20.0,23.7,196.3,0.876,medium
245,Cuttack-Zone1,1,53.9,23.0,203.3,0.564,high
245,Cuttack-Zone1,2,39.0,22.9,200.9,0.718,medium
245,Cuttack-Zone1,3,52.1,24.6,189.0,0.618,high
245,Cuttack-Zone1,4,42.3,25.4,151.7,0.681,medium
245,Cuttack-Zone1,5,29.4,25.2,116.0,0.694,medium
245,Cuttack-Zone1,6,33.7,25.9,117.0,0.846,medium
245,Cuttack-Zone1,7,32.3,27.7,117.3,0.696,medium
245,Cuttack-Zone1,8,26.4,27.3,120.7,0.642,medium
245,Cuttack-Zone1,9,18.2,26.7,110.9,0.385,medium
245,Cuttack-Zone1,10,12.5,29.6,110.7,0.607,low
245,Cuttack-Zone1,11,14.1,32.2,118.6,0.908,low
245,Cuttack-Zone1,12,53.2,30.8,110.4,0.727,high
245,Cuttack-Zone1,13,45.8,31.3,105.1,0.743,medium
245,Cuttack-Zone1,14,12.8,35.2,118.6,0.491,low
245,Cuttack-Zone1,15,68.1,36.8,115.9,0.614,high
245,Cuttack-Zone1,16,12.1,37.5,111.4,0.718,low
245,Cuttack-Zone1,17,63.9,38.5,104.0,0.531,high
245,Cuttack-Zone1,18,62.2,40.9,113.7,0.677,high
245,Cuttack-Zone1,19,33.3,38.5,111.6,0.799,medium
245,Cuttack-Zone1,20,26.4,39.6,116.0,0.58,medium
245,Cuttack-Zone1,21,31.7,41.9,114.3,0.599,medium
245,Cuttack-Zone1,22,62.7,39.8,117.4,0.773,high
245,Cuttack-Zone1,23,79.2,41.7,106.4,0.615,high
245,Cuttack-Zone1,24,159.5,42.0,102.3,0.59,high
245,Cuttack-Zone1,25,246.6,43.2,96.1,0.812,high
245,Cuttack-Zone1,26,198.7,41.4,97.4,0.664,high
245,Cuttack-Zone1,27,282.6,43.4,82.7,0.579,high
245,Cuttack-Zone1,28,235.4,40.8,94.9,0.78,high
245,Cuttack-Zone1,29,238.0,42.0,95.3,0.563,high
245,Cuttack-Zone1,30,288.1,42.8,83.0,0.671,high
245,Cuttack-Zone1,31,263.5,38.7,89.7,0.69,high
245,Cuttack-Zone1,32,334.1,40.7,72.4,0.608,high
245,Cuttack-Zone1,33,337.1,38.6,73.7,0.737,high
245,Cuttack-Zone1,34,302.3,38.0,94.7,0.587,high
245,Cuttack-Zone1,35,285.6,36.6,81.6,0.744,high
245,Cuttack-Zone1,36,313.4,35.3,77.0,0.651,high
245,Cuttack-Zone1,37,325.5,35.0,78.6,0.573,high
245,Cuttack-Zone1,38,264.2,34.8,115.7,0.674,high
245,Cuttack-Zone1,39,271.7,31.9,178.6,0.701,high
245,Cuttack-Zone1,40,247.0,29.6,171.7,0.49,high
245,Cuttack-Zone1,41,190.4,30.8,175.7,0.8,high
245,Cuttack-Zone1,42,184.7,28.1,171.0,0.66,high
245,Cuttack-Zone1,43,185.3,26.9,174.4,0.627,high
245,Cuttack-Zone1,44,119.5,26.5,181.4,0.694,low
245,Cuttack-Zone1,45,144.4,25.5,180.1,0.69,high
245,Cuttack-Zone1,46,76.7,24.8,191.4,0.527,medium
245,Cuttack-Zone1,47,22.2,23.5,199.6,0.472,medium
245,Cuttack-Zone1,48,49.5,23.0,193.1,0.625,medium
245,Cuttack-Zone1,49,56.2,22.8,188.0,0.504,high
245,Cuttack-Zone1,50,55.0,22.8,190.0,0.737,high
245,Cuttack-Zone1,51,44.3,24.1,197.1,0.753,medium
245,Cuttack-Zone1,52,0.9,17.3,221.0,0.673,medium
246,Rourkela-Zone1,0,12.7,20.9,190.6,0.934,medium
246,Rourkela-Zone1,1,24.9,24.0,193.9,0.815,medium
246,Rourkela-Zone1,2,6.9,24.0,196.0,0.976,medium
246,Rourkela-Zone1,3,44.1,25.1,186.7,0.764,medium
246,Rourkela-Zone1,4,25.7,23.1,141.1,0.833,medium
246,Rourkela-Zone1,5,45.3,27.0,116.6,0.922,medium
246,Rourkela-Zone1,6,0.0,24.7,122.1,0.954,low
246,Rourkela-Zone1,7,13.6,28.2,101.6,0.845,low
246,Rourkela-Zone1,8,7.1,26.4,113.0,0.915,low
246,Rourkela-Zone1,9,42.5,29.2,118.1,0.825,medium
246,Rourkela-Zone1,10,4.4,32.2,114.0,0.876,low
246,Rourkela-Zone1,11,21.1,29.6,108.3,0.896,medium
246,Rourkela-Zone1,12,12.7,32.3,114.6,0.851,low
246,Rourkela-Zone1,13,30.3,35.3,104.7,0.947,medium
246,Rourkela-Zone1,14,11.6,36.0,119.1,0.847,low
246,Rourkela-Zone1,15,0.0,34.6,119.1,0.916,low
246,Rourkela-Zone1,16,8.5,36.6,116.0,0.862,low
246,Rourkela-Zone1,17,2.9,37.9,125.0,0.979,low
246,Rourkela-Zone1,18,19.5,39.1,114.0,0.886,low
246,Rourkela-Zone1,19,16.4,41.1,111.6,0.846,medium
246,Rourkela-Zone1,20,59.8,40.2,117.1,1.0,high
246,Rourkela-Zone1,21,36.3,41.2,110.7,0.952,medium
246,Rourkela-Zone1,22,21.3,42.3,109.7,0.881,medium
246,Rourkela-Zone1,23,88.1,42.9,109.4,0.766,high
246,Rourkela-Zone1,24,118.1,43.9,107.7,0.916,high
246,Rourkela-Zone1,25,149.8,44.2,108.3,0.841,high
246,Rourkela-Zone1,26,149.3,42.9,99.3,0.826,high
246,Rourkela-Zone1,27,175.4,44.7,100.0,0.781,high
246,Rourkela-Zone1,28,191.7,40.9,96.9,0.95,high
246,Rourkela-Zone1,29,211.7,41.6,103.4,0.822,high
246,Rourkela-Zone1,30,223.5,41.2,94.6,0.904,high
246,Rourkela-Zone1,31,270.0,41.9,88.4,0.903,high
246,Rourkela-Zone1,32,262.3,41.3,93.0,1.0,high
246,Rourkela-Zone1,33,289.2,40.8,84.9,0.843,high
246,Rourkela-Zone1,34,271.3,38.8,90.9,1.0,high
246,Rourkela-Zone1,35,261.5,36.1,95.7,0.958,high
246,Rourkela-Zone1,36,265.7,34.2,99.6,0.853,high
246,Rourkela-Zone1,37,245.6,34.5,96.6,0.785,high
246,Rourkela-Zone1,38,252.5,34.9,100.7,0.96,high
246,Rourkela-Zone1,39,202.9,31.1,174.0,0.889,high
246,Rourkela-Zone1,40,262.6,29.5,162.4,1.0,high
246,Rourkela-Zone1,41,179.5,28.6,172.4,0.739,high
246,Rourkela-Zone1,42,143.8,27.3,183.1,0.809,high
246,Rourkela-Zone1,43,129.1,29.7,188.0,0.769,high
246,Rourkela-Zone1,44,104.7,25.8,177.6,1.0,medium
246,Rourkela-Zone1,45,34.6,25.1,195.7,1.0,medium
246,Rourkela-Zone1,46,27.1,26.8,203.0,0.796,medium
246,Rourkela-Zone1,47,19.4,24.2,203.7,1.0,medium
246,Rourkela-Zone1,48,4.4,22.9,196.4,0.864,medium
246,Rourkela-Zone1,49,16.7,23.5,195.4,0.832,medium
246,Rourkela-Zone1,50,18.1,22.1,190.4,1.0,medium
246,Rourkela-Zone1,51,19.9,26.5,201.4,0.869,medium
246,Rourkela-Zone1,52,0.0,16.7,201.0,0.899,medium
247,Bhubaneswar-Zone1,0,49.0,21.8,193.4,1.0,medium
247,Bhubaneswar-Zone1,1,77.8,23.1,182.0,0.788,high
247,Bhubaneswar-Zone1,2,27.0,23.8,197.1,0.757,medium
247,Bhubaneswar-Zone1,3,32.5,23.1,193.3,0.914,medium
247,Bhubaneswar-Zone1,4,67.9,25.4,131.0,0.699,high
247,Bhubaneswar-Zone1,5,37.2,24.4,116.6,1.0,medium
247,Bhubaneswar-Zone1,6,45.8,26.3,107.7,0.936,medium
247,Bhubaneswar-Zone1,7,109.5,27.1,101.0,1.0,high
247,Bhubaneswar-Zone1,8,26.4,27.9,123.0,0.822,medium
247,Bhubaneswar-Zone1,9,61.9,27.4,112.9,0.954,high
247,Bhubaneswar-Zone1,10,59.1,31.8,121.6,0.804,high
247,Bhubaneswar-Zone1,11,32.6,31.7,106.6,0.999,high
247,Bhubaneswar-Zone1,12,48.3,31.4,115.1,0.92,medium
247,Bhubaneswar-Zone1,13,55.6,33.5,107.3,0.807,high
247,Bhubaneswar-Zone1,14,37.3,32.8,121.4,0.857,medium
247,Bhubaneswar-Zone1,15,24.6,36.4,111.0,1.0,medium
247,Bhubaneswar-Zone1,16,91.3,37.6,114.3,0.886,medium
247,Bhubaneswar-Zone1,17,48.1,39.2,118.1,0.643,medium
247,Bhubaneswar-Zone1,18,42.5,39.3,118.9,0.863,high
247,Bhubaneswar-Zone1,19,77.0,39.9,110.1,1.0,high
247,Bhubaneswar-Zone1,20,47.5,40.4,112.1,0.792,medium
247,Bhubaneswar-Zone1,21,40.6,40.8,113.6,0.945,medium
247,Bhubaneswar-Zone1,22,106.5,43.3,98.6,0.875,high
247,Bhubaneswar-Zone1,23,108.8,39.8,95.1,0.994,high
247,Bhubaneswar-Zone1,24,131.7,42.3,109.6,1.0,high
247,Bhubaneswar-Zone1,25,172.0,44.7,95.6,1.0,high
247,Bhubaneswar-Zone1,26,233.2,43.0,91.6,0.951,high
247,Bhubaneswar-Zone1,27,239.5,39.7,100.0,0.964,high
247,Bhubaneswar-Zone1,28,277.5,41.6,82.4,0.832,high
247,Bhubaneswar-Zone1,29,266.7,44.0,80.0,0.822,high
247,Bhubaneswar-Zone1,30,288.9,41.6,86.7,0.875,high
247,Bhubaneswar-Zone1,31,315.4,37.7,94.3,0.821,high
247,Bhubaneswar-Zone1,32,347.5,38.7,80.1,1.0,high
247,Bhubaneswar-Zone1,33,310.4,40.2,84.4,0.818,high
247,Bhubaneswar-Zone1,34,360.4,35.9,81.1,0.651,high
247,Bhubaneswar-Zone1,35,379.1,39.7,78.3,0.748,high
247,Bhubaneswar-Zone1,36,336.6,37.5,77.7,0.728,high
247,Bhubaneswar-Zone1,37,342.3,34.8,76.1,0.876,high
247,Bhubaneswar-Zone1,38,316.9,32.3,111.4,0.805,high
247,Bhubaneswar-Zone1,39,305.7,31.8,166.1,0.865,high
247,Bhubaneswar-Zone1,40,248.4,30.8,169.3,0.894,high
247,Bhubaneswar-Zone1,41,221.0,28.0,179.9,0.983,high
247,Bhubaneswar-Zone1,42,190.3,28.7,179.9,0.952,high
247,Bhubaneswar-Zone1,43,201.3,28.2,167.6,0.823,high
247,Bhubaneswar-Zone1,44,162.7,26.5,180.9,0.803,high
247,Bhubaneswar-Zone1,45,104.4,24.5,193.9,0.753,high
247,Bhubaneswar-Zone1,46,101.0,27.6,195.9,1.0,high
247,Bhubaneswar-Zone1,47,24.5,25.1,193.1,0.93,medium
247,Bhubaneswar-Zone1,48,43.1,26.0,193.1,0.812,medium
247,Bhubaneswar-Zone1,49,36.6,22.9,204.1,0.947,medium
247,Bhubaneswar-Zone1,50,40.1,21.7,205.1,0.883,medium
247,Bhubaneswar-Zone1,51,59.8,22.2,197.9,0.893,high
247,Bhubaneswar-Zone1,52,22.7,20.0,193.0,0.883,medium
248,Rourkela-Zone1,0,12.7,20.9,190.6,0.281,medium
248,Rourkela-Zone1,1,24.9,24.0,193.9,0.369,high
248,Rourkela-Zone1,2,6.9,24.0,196.0,0.269,medium
248,Rourkela-Zone1,3,44.1,25.1,186.7,0.364,medium
248,Rourkela-Zone1,4,25.7,23.1,141.1,0.638,medium
248,Rourkela-Zone1,5,45.3,27.0,116.6,0.263,medium
248,Rourkela-Zone1,6,0.0,24.7,122.1,0.408,low
248,Rourkela-Zone1,7,13.6,28.2,101.6,0.471,low
248,Rourkela-Zone1,8,7.1,26.4,113.0,0.511,low
248,Rourkela-Zone1,9,42.5,29.2,118.1,0.354,medium
248,Rourkela-Zone1,10,4.4,32.2,114.0,0.746,low
248,Rourkela-Zone1,11,21.1,29.6,108.3,0.42,medium
248,Rourkela-Zone1,12,12.7,32.3,114.6,0.236,medium
248,Rourkela-Zone1,13,30.3,35.3,104.7,0.503,medium
248,Rourkela-Zone1,14,11.6,36.0,119.1,0.356,medium
248,Rourkela-Zone1,15,0.0,34.6,119.1,0.276,medium
248,Rourkela-Zone1,16,8.5,36.6,116.0,0.449,low
248,Rourkela-Zone1,17,2.9,37.9,125.0,0.245,medium
248,Rourkela-Zone1,18,19.5,39.1,114.0,0.515,medium
248,Rourkela-Zone1,19,16.4,41.1,111.6,0.386,medium
248,Rourkela-Zone1,20,59.8,40.2,117.1,0.526,low
248,Rourkela-Zone1,21,36.3,41.2,110.7,0.367,medium
248,Rourkela-Zone1,22,21.3,42.3,109.7,0.517,medium
248,Rourkela-Zone1,23,88.1,42.9,109.4,0.395,high
248,Rourkela-Zone1,24,118.1,43.9,107.7,0.32,high
248,Rourkela-Zone1,25,149.8,44.2,108.3,0.248,high
248,Rourkela-Zone1,26,149.3,42.9,99.3,0.415,high
248,Rourkela-Zone1,27,175.4,44.7,100.0,0.417,medium
248,Rourkela-Zone1,28,191.7,40.9,96.9,0.413,high
248,Rourkela-Zone1,29,211.7,41.6,103.4,0.657,high
248,Rourkela-Zone1,30,223.5,41.2,94.6,0.29,high
248,Rourkela-Zone1,31,270.0,41.9,88.4,0.496,high
248,Rourkela-Zone1,32,262.3,41.3,93.0,0.344,high
248,Rourkela-Zone1,33,289.2,40.8,84.9,0.434,high
248,Rourkela-Zone1,34,271.3,38.8,90.9,0.389,high
248,Rourkela-Zone1,35,261.5,36.1,95.7,0.383,high
248,Rourkela-Zone1,36,265.7,34.2,99.6,0.375,medium
248,Rourkela-Zone1,37,245.6,34.5,96.6,0.617,high
248,Rourkela-Zone1,38,252.5,34.9,100.7,0.47,high
248,Rourkela-Zone1,39,202.9,31.1,174.0,0.433,high
248,Rourkela-Zone1,40,262.6,29.5,162.4,0.559,high
248,Rourkela-Zone1,41,179.5,28.6,172.4,0.558,medium
248,Rourkela-Zone1,42,143.8,27.3,183.1,0.277,high
248,Rourkela-Zone1,43,129.1,29.7,188.0,0.539,high
248,Rourkela-Zone1,44,104.7,25.8,177.6,0.321,high
248,Rourkela-Zone1,45,34.6,25.1,195.7,0.385,medium
248,Rourkela-Zone1,46,27.1,26.8,203.0,0.344,medium
248,Rourkela-Zone1,47,19.4,24.2,203.7,0.386,medium
248,Rourkela-Zone1,48,4.4,22.9,196.4,0.397,medium
248,Rourkela-Zone1,49,16.7,23.5,195.4,0.582,medium
248,Rourkela-Zone1,50,18.1,22.1,190.4,0.402,high
248,Rourkela-Zone1,51,19.9,26.5,201.4,0.634,medium
248,Rourkela-Zone1,52,0.0,16.7,201.0,0.428,medium
249,Cuttack-Zone1,0,20.0,23.7,196.3,0.858,medium
249,Cuttack-Zone1,1,53.9,23.0,203.3,0.921,high
249,Cuttack-Zone1,2,39.0,22.9,200.9,0.952,medium
249,Cuttack-Zone1,3,52.1,24.6,189.0,0.678,high
249,Cuttack-Zone1,4,42.3,25.4,151.7,1.0,medium
249,Cuttack-Zone1,5,29.4,25.2,116.0,0.884,medium
249,Cuttack-Zone1,6,33.7,25.9,117.0,0.914,medium
249,Cuttack-Zone1,7,32.3,27.7,117.3,1.0,medium
249,Cuttack-Zone1,8,26.4,27.3,120.7,0.778,medium
249,Cuttack-Zone1,9,18.2,26.7,110.9,0.846,low
249,Cuttack-Zone1,10,12.5,29.6,110.7,0.75,low
249,Cuttack-Zone1,11,14.1,32.2,118.6,0.764,low
249,Cuttack-Zone1,12,53.2,30.8,110.4,0.952,high
249,Cuttack-Zone1,13,45.8,31.3,105.1,0.996,medium
249,Cuttack-Zone1,14,12.8,35.2,118.6,0.711,low
249,Cuttack-Zone1,15,68.1,36.8,115.9,0.893,high
249,Cuttack-Zone1,16,12.1,37.5,111.4,0.71,high
249,Cuttack-Zone1,17,63.9,38.5,104.0,0.847,high
249,Cuttack-Zone1,18,62.2,40.9,113.7,0.991,high
249,Cuttack-Zone1,19,33.3,38.5,111.6,0.763,medium
249,Cuttack-Zone1,20,26.4,39.6,116.0,0.958,medium
249,Cuttack-Zone1,21,31.7,41.9,114.3,0.776,medium
249,Cuttack-Zone1,22,62.7,39.8,117.4,0.855,high
249,Cuttack-Zone1,23,79.2,41.7,106.4,0.869,high
249,Cuttack-Zone1,24,159.5,42.0,102.3,0.653,high
249,Cuttack-Zone1,25,246.6,43.2,96.1,1.0,high
249,Cuttack-Zone1,26,198.7,41.4,97.4,0.917,high
249,Cuttack-Zone1,27,282.6,43.4,82.7,0.778,high
249,Cuttack-Zone1,28,235.4,40.8,94.9,0.851,high
249,Cuttack-Zone1,29,238.0,42.0,95.3,0.856,high
249,Cuttack-Zone1,30,288.1,42.8,83.0,0.698,high
249,Cuttack-Zone1,31,263.5,38.7,89.7,0.886,high
249,Cuttack-Zone1,32,334.1,40.7,72.4,0.946,high
249,Cuttack-Zone1,33,337.1,38.6,73.7,0.923,high
249,Cuttack-Zone1,34,302.3,38.0,94.7,0.878,high
249,Cuttack-Zone1,35,285.6,36.6,81.6,1.0,high
249,Cuttack-Zone1,36,313.4,35.3,77.0,1.0,high
249,Cuttack-Zone1,37,325.5,35.0,78.6,1.0,high
249,Cuttack-Zone1,38,264.2,34.8,115.7,0.816,high
249,Cuttack-Zone1,39,271.7,31.9,178.6,0.878,high
249,Cuttack-Zone1,40,247.0,29.6,171.7,0.815,high
249,Cuttack-Zone1,41,190.4,30.8,175.7,0.921,high
249,Cuttack-Zone1,42,184.7,28.1,171.0,0.919,high
249,Cuttack-Zone1,43,185.3,26.9,174.4,0.848,high
249,Cuttack-Zone1,44,119.5,26.5,181.4,0.709,high
249,Cuttack-Zone1,45,144.4,25.5,180.1,0.89,high
249,Cuttack-Zone1,46,76.7,24.8,191.4,0.778,high
249,Cuttack-Zone1,47,22.2,23.5,199.6,0.918,medium
249,Cuttack-Zone1,48,49.5,23.0,193.1,1.0,medium
249,Cuttack-Zone1,49,56.2,22.8,188.0,0.631,high
249,Cuttack-Zone1,50,55.0,22.8,190.0,0.981,high
249,Cuttack-Zone1,51,44.3,24.1,197.1,0.881,medium
249,Cuttack-Zone1,52,0.9,17.3,221.0,0.756,medium
250,Bhubaneswar-Zone1,0,49.0,21.8,193.4,0.834,medium
250,Bhubaneswar-Zone1,1,77.8,23.1,182.0,0.558,high
250,Bhubaneswar-Zone1,2,27.0,23.8,197.1,0.683,medium
250,Bhubaneswar-Zone1,3,32.5,23.1,193.3,0.688,medium
250,Bhubaneswar-Zone1,4,67.9,25.4,131.0,0.749,high
250,Bhubaneswar-Zone1,5,37.2,24.4,116.6,0.521,medium
250,Bhubaneswar-Zone1,6,45.8,26.3,107.7,0.607,medium
250,Bhubaneswar-Zone1,7,109.5,27.1,101.0,0.581,high
250,Bhubaneswar-Zone1,8,26.4,27.9,123.0,0.586,low
250,Bhubaneswar-Zone1,9,61.9,27.4,112.9,0.557,high
250,Bhubaneswar-Zone1,10,59.1,31.8,121.6,0.725,high
250,Bhubaneswar-Zone1,11,32.6,31.7,106.6,0.605,medium
250,Bhubaneswar-Zone1,12,48.3,31.4,115.1,0.505,medium
250,Bhubaneswar-Zone1,13,55.6,33.5,107.3,0.824,high
250,Bhubaneswar-Zone1,14,37.3,32.8,121.4,0.536,medium
250,Bhubaneswar-Zone1,15,24.6,36.4,111.0,0.64,medium
250,Bhubaneswar-Zone1,16,91.3,37.6,114.3,0.667,high
250,Bhubaneswar-Zone1,17,48.1,39.2,118.1,0.615,medium
250,Bhubaneswar-Zone1,18,42.5,39.3,118.9,0.58,medium
250,Bhubaneswar-Zone1,19,77.0,39.9,110.1,0.719,medium
250,Bhubaneswar-Zone1,20,47.5,40.4,112.1,0.563,medium
250,Bhubaneswar-Zone1,21,40.6,40.8,113.6,0.638,medium
250,Bhubaneswar-Zone1,22,106.5,43.3,98.6,0.574,high
250,Bhubaneswar-Zone1,23,108.8,39.8,95.1,0.487,high
250,Bhubaneswar-Zone1,24,131.7,42.3,109.6,0.713,low
250,Bhubaneswar-Zone1,25,172.0,44.7,95.6,0.981,high
250,Bhubaneswar-Zone1,26,233.2,43.0,91.6,0.595,high
250,Bhubaneswar-Zone1,27,239.5,39.7,100.0,0.482,high
250,Bhubaneswar-Zone1,28,277.5,41.6,82.4,0.697,high
250,Bhubaneswar-Zone1,29,266.7,44.0,80.0,0.628,high
250,Bhubaneswar-Zone1,30,288.9,41.6,86.7,0.598,high
250,Bhubaneswar-Zone1,31,315.4,37.7,94.3,0.62,high
250,Bhubaneswar-Zone1,32,347.5,38.7,80.1,0.797,high
250,Bhubaneswar-Zone1,33,310.4,40.2,84.4,0.539,high
250,Bhubaneswar-Zone1,34,360.4,35.9,81.1,0.621,high
250,Bhubaneswar-Zone1,35,379.1,39.7,78.3,0.629,high
250,Bhubaneswar-Zone1,36,336.6,37.5,77.7,0.634,medium
250,Bhubaneswar-Zone1,37,342.3,34.8,76.1,0.677,high
250,Bhubaneswar-Zone1,38,316.9,32.3,111.4,0.807,high
250,Bhubaneswar-Zone1,39,305.7,31.8,166.1,0.784,high
250,Bhubaneswar-Zone1,40,248.4,30.8,169.3,0.477,high
250,Bhubaneswar-Zone1,41,221.0,28.0,179.9,0.525,high
250,Bhubaneswar-Zone1,42,190.3,28.7,179.9,0.581,high
250,Bhubaneswar-Zone1,43,201.3,28.2,167.6,0.741,high
250,Bhubaneswar-Zone1,44,162.7,26.5,180.9,0.623,high
250,Bhubaneswar-Zone1,45,104.4,24.5,193.9,0.658,high
250,Bhubaneswar-Zone1,46,101.0,27.6,195.9,0.651,high
250,Bhubaneswar-Zone1,47,24.5,25.1,193.1,0.572,medium
250,Bhubaneswar-Zone1,48,43.1,26.0,193.1,0.829,medium
250,Bhubaneswar-Zone1,49,36.6,22.9,204.1,0.9,medium
250,Bhubaneswar-Zone1,50,40.1,21.7,205.1,0.727,medium
250,Bhubaneswar-Zone1,51,59.8,22.2,197.9,0.708,high
250,Bhubaneswar-Zone1,52,22.7,20.0,193.0,0.663,medium
251,Rourkela-Zone1,0,12.7,20.9,190.6,0.56,medium
251,Rourkela-Zone1,1,24.9,24.0,193.9,0.545,medium
251,Rourkela-Zone1,2,6.9,24.0,196.0,0.492,medium
251,Rourkela-Zone1,3,44.1,25.1,186.7,0.243,medium
251,Rourkela-Zone1,4,25.7,23.1,141.1,0.396,medium
251,Rourkela-Zone1,5,45.3,27.0,116.6,0.348,low
251,Rourkela-Zone1,6,0.0,24.7,122.1,0.524,low
251,Rourkela-Zone1,7,13.6,28.2,101.6,0.393,medium
251,Rourkela-Zone1,8,7.1,26.4,113.0,0.452,low
251,Rourkela-Zone1,9,42.5,29.2,118.1,0.472,medium
251,Rourkela-Zone1,10,4.4,32.2,114.0,0.352,medium
251,Rourkela-Zone1,11,21.1,29.6,108.3,0.462,medium
251,Rourkela-Zone1,12,12.7,32.3,114.6,0.6,low
251,Rourkela-Zone1,13,30.3,35.3,104.7,0.42,medium
251,Rourkela-Zone1,14,11.6,36.0,119.1,0.485,low
251,Rourkela-Zone1,15,0.0,34.6,119.1,0.517,low
251,Rourkela-Zone1,16,8.5,36.6,116.0,0.24,low
251,Rourkela-Zone1,17,2.9,37.9,125.0,0.47,low
251,Rourkela-Zone1,18,19.5,39.1,114.0,0.355,medium
251,Rourkela-Zone1,19,16.4,41.1,111.6,0.406,medium
251,Rourkela-Zone1,20,59.8,40.2,117.1,0.41,high
251,Rourkela-Zone1,21,36.3,41.2,110.7,0.398,medium
251,Rourkela-Zone1,22,21.3,42.3,109.7,0.505,medium
251,Rourkela-Zone1,23,88.1,42.9,109.4,0.363,high
251,Rourkela-Zone1,24,118.1,43.9,107.7,0.489,high
251,Rourkela-Zone1,25,149.8,44.2,108.3,0.655,high
251,Rourkela-Zone1,26,149.3,42.9,99.3,0.493,high
251,Rourkela-Zone1,27,175.4,44.7,100.0,0.372,high
251,Rourkela-Zone1,28,191.7,40.9,96.9,0.52,high
251,Rourkela-Zone1,29,211.7,41.6,103.4,0.514,high
251,Rourkela-Zone1,30,223.5,41.2,94.6,0.561,high
251,Rourkela-Zone1,31,270.0,41.9,88.4,0.443,high
251,Rourkela-Zone1,32,262.3,41.3,93.0,0.518,high
251,Rourkela-Zone1,33,289.2,40.8,84.9,0.42,high
251,Rourkela-Zone1,34,271.3,38.8,90.9,0.413,high
251,Rourkela-Zone1,35,261.5,36.1,95.7,0.547,high
251,Rourkela-Zone1,36,265.7,34.2,99.6,0.288,high
251,Rourkela-Zone1,37,245.6,34.5,96.6,0.65,high
251,Rourkela-Zone1,38,252.5,34.9,100.7,0.591,high
251,Rourkela-Zone1,39,202.9,31.1,174.0,0.428,high
251,Rourkela-Zone1,40,262.6,29.5,162.4,0.539,high
251,Rourkela-Zone1,41,179.5,28.6,172.4,0.523,high
251,Rourkela-Zone1,42,143.8,27.3,183.1,0.585,high
251,Rourkela-Zone1,43,129.1,29.7,188.0,0.541,high
251,Rourkela-Zone1,44,104.7,25.8,177.6,0.444,high
251,Rourkela-Zone1,45,34.6,25.1,195.7,0.463,medium
251,Rourkela-Zone1,46,27.1,26.8,203.0,0.542,medium
251,Rourkela-Zone1,47,19.4,24.2,203.7,0.444,medium
251,Rourkela-Zone1,48,4.4,22.9,196.4,0.539,medium
251,Rourkela-Zone1,49,16.7,23.5,195.4,0.283,medium
251,Rourkela-Zone1,50,18.1,22.1,190.4,0.483,medium
251,Rourkela-Zone1,51,19.9,26.5,201.4,0.391,medium
251,Rourkela-Zone1,52,0.0,16.7,201.0,0.323,medium
252,Rourkela-Zone1,0,12.7,20.9,190.6,0.92,medium
252,Rourkela-Zone1,1,24.9,24.0,193.9,0.918,medium
252,Rourkela-Zone1,2,6.9,24.0,196.0,0.832,medium
252,Rourkela-Zone1,3,44.1,25.1,186.7,0.667,medium
252,Rourkela-Zone1,4,25.7,23.1,141.1,0.802,medium
252,Rourkela-Zone1,5,45.3,27.0,116.6,0.885,medium
252,Rourkela-Zone1,6,0.0,24.7,122.1,0.706,low
252,Rourkela-Zone1,7,13.6,28.2,101.6,0.572,low
252,Rourkela-Zone1,8,7.1,26.4,113.0,0.768,low
252,Rourkela-Zone1,9,42.5,29.2,118.1,0.671,medium
252,Rourkela-Zone1,10,4.4,32.2,114.0,0.873,low
252,Rourkela-Zone1,11,21.1,29.6,108.3,0.93,medium
252,Rourkela-Zone1,12,12.7,32.3,114.6,0.726,low
252,Rourkela-Zone1,13,30.3,35.3,104.7,0.761,medium
252,Rourkela-Zone1,14,11.6,36.0,119.1,0.855,low
252,Rourkela-Zone1,15,0.0,34.6,119.1,0.986,low
252,Rourkela-Zone1,16,8.5,36.6,116.0,0.701,low
252,Rourkela-Zone1,17,2.9,37.9,125.0,0.698,low
252,Rourkela-Zone1,18,19.5,39.1,114.0,0.808,medium
252,Rourkela-Zone1,19,16.4,41.1,111.6,0.718,medium
252,Rourkela-Zone1,20,59.8,40.2,117.1,0.519,medium
252,Rourkela-Zone1,21,36.3,41.2,110.7,1.0,low
252,Rourkela-Zone1,22,21.3,42.3,109.7,0.957,medium
252,Rourkela-Zone1,23,88.1,42.9,109.4,0.63,low
252,Rourkela-Zone1,24,118.1,43.9,107.7,0.902,high
252,Rourkela-Zone1,25,149.8,44.2,108.3,0.688,high
252,Rourkela-Zone1,26,149.3,42.9,99.3,0.829,high
252,Rourkela-Zone1,27,175.4,44.7,100.0,0.617,high
252,Rourkela-Zone1,28,191.7,40.9,96.9,0.661,high
252,Rourkela-Zone1,29,211.7,41.6,103.4,0.789,high
252,Rourkela-Zone1,30,223.5,41.2,94.6,0.787,high
252,Rourkela-Zone1,31,270.0,41.9,88.4,0.83,high
252,Rourkela-Zone1,32,262.3,41.3,93.0,0.785,medium
252,Rourkela-Zone1,33,289.2,40.8,84.9,0.699,high
252,Rourkela-Zone1,34,271.3,38.8,90.9,0.806,high
252,Rourkela-Zone1,35,261.5,36.1,95.7,0.854,high
252,Rourkela-Zone1,36,265.7,34.2,99.6,0.833,high
252,Rourkela-Zone1,37,245.6,34.5,96.6,0.66,high
252,Rourkela-Zone1,38,252.5,34.9,100.7,0.676,high
252,Rourkela-Zone1,39,202.9,31.1,174.0,0.758,high
252,Rourkela-Zone1,40,262.6,29.5,162.4,0.805,high
252,Rourkela-Zone1,41,179.5,28.6,172.4,0.812,high
252,Rourkela-Zone1,42,143.8,27.3,183.1,0.82,high
252,Rourkela-Zone1,43,129.1,29.7,188.0,0.838,high
252,Rourkela-Zone1,44,104.7,25.8,177.6,0.835,high
252,Rourkela-Zone1,45,34.6,25.1,195.7,0.781,medium
252,Rourkela-Zone1,46,27.1,26.8,203.0,0.932,medium
252,Rourkela-Zone1,47,19.4,24.2,203.7,0.651,medium
252,Rourkela-Zone1,48,4.4,22.9,196.4,0.596,medium
252,Rourkela-Zone1,49,16.7,23.5,195.4,0.8,medium
252,Rourkela-Zone1,50,18.1,22.1,190.4,0.824,medium
252,Rourkela-Zone1,51,19.9,26.5,201.4,0.8,medium
252,Rourkela-Zone1,52,0.0,16.7,201.0,0.736,medium
253,Cuttack-Zone1,0,20.0,23.7,196.3,0.867,medium
253,Cuttack-Zone1,1,53.9,23.0,203.3,0.731,high
253,Cuttack-Zone1,2,39.0,22.9,200.9,0.678,medium
253,Cuttack-Zone1,3,52.1,24.6,189.0,1.0,high
253,Cuttack-Zone1,4,42.3,25.4,151.7,0.878,medium
253,Cuttack-Zone1,5,29.4,25.2,116.0,0.656,medium
253,Cuttack-Zone1,6,33.7,25.9,117.0,1.0,medium
253,Cuttack-Zone1,7,32.3,27.7,117.3,0.924,low
253,Cuttack-Zone1,8,26.4,27.3,120.7,0.716,medium
253,Cuttack-Zone1,9,18.2,26.7,110.9,0.796,low
253,Cuttack-Zone1,10,12.5,29.6,110.7,0.834,low
253,Cuttack-Zone1,11,14.1,32.2,118.6,0.883,low
253,Cuttack-Zone1,12,53.2,30.8,110.4,0.766,high
253,Cuttack-Zone1,13,45.8,31.3,105.1,0.657,medium
253,Cuttack-Zone1,14,12.8,35.2,118.6,0.798,low
253,Cuttack-Zone1,15,68.1,36.8,115.9,0.832,high
253,Cuttack-Zone1,16,12.1,37.5,111.4,0.591,low
253,Cuttack-Zone1,17,63.9,38.5,104.0,0.618,high
253,Cuttack-Zone1,18,62.2,40.9,113.7,0.885,high
253,Cuttack-Zone1,19,33.3,38.5,111.6,0.745,medium
253,Cuttack-Zone1,20,26.4,39.6,116.0,0.854,medium
253,Cuttack-Zone1,21,31.7,41.9,114.3,0.69,medium
253,Cuttack-Zone1,22,62.7,39.8,117.4,0.828,high
253,Cuttack-Zone1,23,79.2,41.7,106.4,0.681,high
253,Cuttack-Zone1,24,159.5,42.0,102.3,0.749,high
253,Cuttack-Zone1,25,246.6,43.2,96.1,0.741,high
253,Cuttack-Zone1,26,198.7,41.4,97.4,0.949,high
253,Cuttack-Zone1,27,282.6,43.4,82.7,0.773,high
253,Cuttack-Zone1,28,235.4,40.8,94.9,0.789,high
253,Cuttack-Zone1,29,238.0,42.0,95.3,0.835,high
253,Cuttack-Zone1,30,288.1,42.8,83.0,0.809,high
253,Cuttack-Zone1,31,263.5,38.7,89.7,0.794,high
253,Cuttack-Zone1,32,334.1,40.7,72.4,0.795,high
253,Cuttack-Zone1,33,337.1,38.6,73.7,0.85,high
253,Cuttack-Zone1,34,302.3,38.0,94.7,0.839,high
253,Cuttack-Zone1,35,285.6,36.6,81.6,0.65,high
253,Cuttack-Zone1,36,313.4,35.3,77.0,0.8,high
253,Cuttack-Zone1,37,325.5,35.0,78.6,0.91,high
253,Cuttack-Zone1,38,264.2,34.8,115.7,0.787,high
253,Cuttack-Zone1,39,271.7,31.9,178.6,0.731,high
253,Cuttack-Zone1,40,247.0,29.6,171.7,0.837,high
253,Cuttack-Zone1,41,190.4,30.8,175.7,0.819,high
253,Cuttack-Zone1,42,184.7,28.1,171.0,0.798,high
253,Cuttack-Zone1,43,185.3,26.9,174.4,1.0,high
253,Cuttack-Zone1,44,119.5,26.5,181.4,0.749,high
253,Cuttack-Zone1,45,144.4,25.5,180.1,0.822,high
253,Cuttack-Zone1,46,76.7,24.8,191.4,0.792,high
253,Cuttack-Zone1,47,22.2,23.5,199.6,0.702,medium
253,Cuttack-Zone1,48,49.5,23.0,193.1,0.802,medium
253,Cuttack-Zone1,49,56.2,22.8,188.0,1.0,high
253,Cuttack-Zone1,50,55.0,22.8,190.0,0.831,high
253,Cuttack-Zone1,51,44.3,24.1,197.1,0.767,low
253,Cuttack-Zone1,52,0.9,17.3,221.0,0.752,medium
254,Bhubaneswar-Zone1,0,49.0,21.8,193.4,0.906,medium
254,Bhubaneswar-Zone1,1,77.8,23.1,182.0,1.0,high
254,Bhubaneswar-Zone1,2,27.0,23.8,197.1,1.0,medium
254,Bhubaneswar-Zone1,3,32.5,23.1,193.3,0.945,medium
254,Bhubaneswar-Zone1,4,67.9,25.4,131.0,0.967,high
254,Bhubaneswar-Zone1,5,37.2,24.4,116.6,0.993,medium
254,Bhubaneswar-Zone1,6,45.8,26.3,107.7,0.989,medium
254,Bhubaneswar-Zone1,7,109.5,27.1,101.0,1.0,high
254,Bhubaneswar-Zone1,8,26.4,27.9,123.0,1.0,medium
254,Bhubaneswar-Zone1,9,61.9,27.4,112.9,0.959,high
254,Bhubaneswar-Zone1,10,59.1,31.8,121.6,1.0,high
254,Bhubaneswar-Zone1,11,32.6,31.7,106.6,1.0,medium
254,Bhubaneswar-Zone1,12,48.3,31.4,115.1,0.949,medium
254,Bhubaneswar-Zone1,13,55.6,33.5,107.3,0.9,high
254,Bhubaneswar-Zone1,14,37.3,32.8,121.4,0.998,medium
254,Bhubaneswar-Zone1,15,24.6,36.4,111.0,0.81,medium
254,Bhubaneswar-Zone1,16,91.3,37.6,114.3,0.938,high
254,Bhubaneswar-Zone1,17,48.1,39.2,118.1,0.96,medium
254,Bhubaneswar-Zone1,18,42.5,39.3,118.9,1.0,medium
254,Bhubaneswar-Zone1,19,77.0,39.9,110.1,1.0,high
254,Bhubaneswar-Zone1,20,47.5,40.4,112.1,0.998,medium
254,Bhubaneswar-Zone1,21,40.6,40.8,113.6,1.0,medium
254,Bhubaneswar-Zone1,22,106.5,43.3,98.6,0.982,high
254,Bhubaneswar-Zone1,23,108.8,39.8,95.1,1.0,high
254,Bhubaneswar-Zone1,24,131.7,42.3,109.6,0.964,high
254,Bhubaneswar-Zone1,25,172.0,44.7,95.6,0.789,high
254,Bhubaneswar-Zone1,26,233.2,43.0,91.6,0.966,high
254,Bhubaneswar-Zone1,27,239.5,39.7,100.0,1.0,high
254,Bhubaneswar-Zone1,28,277.5,41.6,82.4,1.0,high
254,Bhubaneswar-Zone1,29,266.7,44.0,80.0,0.817,high
254,Bhubaneswar-Zone1,30,288.9,41.6,86.7,0.822,high
254,Bhubaneswar-Zone1,31,315.4,37.7,94.3,0.966,high
254,Bhubaneswar-Zone1,32,347.5,38.7,80.1,0.923,high
254,Bhubaneswar-Zone1,33,310.4,40.2,84.4,1.0,high
254,Bhubaneswar-Zone1,34,360.4,35.9,81.1,0.87,high
254,Bhubaneswar-Zone1,35,379.1,39.7,78.3,1.0,high
254,Bhubaneswar-Zone1,36,336.6,37.5,77.7,0.96,high
254,Bhubaneswar-Zone1,37,342.3,34.8,76.1,0.809,high
254,Bhubaneswar-Zone1,38,316.9,32.3,111.4,0.913,high
254,Bhubaneswar-Zone1,39,305.7,31.8,166.1,0.811,high
254,Bhubaneswar-Zone1,40,248.4,30.8,169.3,0.819,high
254,Bhubaneswar-Zone1,41,221.0,28.0,179.9,1.0,high
254,Bhubaneswar-Zone1,42,190.3,28.7,179.9,0.946,high
254,Bhubaneswar-Zone1,43,201.3,28.2,167.6,1.0,high
254,Bhubaneswar-Zone1,44,162.7,26.5,180.9,1.0,high
254,Bhubaneswar-Zone1,45,104.4,24.5,193.9,0.823,high
254,Bhubaneswar-Zone1,46,101.0,27.6,195.9,1.0,high
254,Bhubaneswar-Zone1,47,24.5,25.1,193.1,0.938,medium
254,Bhubaneswar-Zone1,48,43.1,26.0,193.1,0.887,medium
254,Bhubaneswar-Zone1,49,36.6,22.9,204.1,0.876,medium
254,Bhubaneswar-Zone1,50,40.1,21.7,205.1,0.753,medium
254,Bhubaneswar-Zone1,51,59.8,22.2,197.9,0.909,high
254,Bhubaneswar-Zone1,52,22.7,20.0,193.0,1.0,medium
255,Cuttack-Zone1,0,20.0,23.7,196.3,1.0,medium
255,Cuttack-Zone1,1,53.9,23.0,203.3,0.868,high
255,Cuttack-Zone1,2,39.0,22.9,200.9,1.0,medium
255,Cuttack-Zone1,3,52.1,24.6,189.0,0.982,high
255,Cuttack-Zone1,4,42.3,25.4,151.7,0.917,medium
255,Cuttack-Zone1,5,29.4,25.2,116.0,1.0,medium
255,Cuttack-Zone1,6,33.7,25.9,117.0,1.0,medium
255,Cuttack-Zone1,7,32.3,27.7,117.3,1.0,medium
255,Cuttack-Zone1,8,26.4,27.3,120.7,0.933,medium
255,Cuttack-Zone1,9,18.2,26.7,110.9,1.0,low
255,Cuttack-Zone1,10,12.5,29.6,110.7,0.96,low
255,Cuttack-Zone1,11,14.1,32.2,118.6,0.917,low
255,Cuttack-Zone1,12,53.2,30.8,110.4,0.881,high
255,Cuttack-Zone1,13,45.8,31.3,105.1,1.0,medium
255,Cuttack-Zone1,14,12.8,35.2,118.6,0.88,low
255,Cuttack-Zone1,15,68.1,36.8,115.9,1.0,high
255,Cuttack-Zone1,16,12.1,37.5,111.4,0.823,low
255,Cuttack-Zone1,17,63.9,38.5,104.0,0.783,high
255,Cuttack-Zone1,18,62.2,40.9,113.7,0.844,high
255,Cuttack-Zone1,19,33.3,38.5,111.6,0.844,medium
255,Cuttack-Zone1,20,26.4,39.6,116.0,0.92,medium
255,Cuttack-Zone1,21,31.7,41.9,114.3,1.0,medium
255,Cuttack-Zone1,22,62.7,39.8,117.4,1.0,high
255,Cuttack-Zone1,23,79.2,41.7,106.4,1.0,high
255,Cuttack-Zone1,24,159.5,42.0,102.3,1.0,high
255,Cuttack-Zone1,25,246.6,43.2,96.1,0.942,high
255,Cuttack-Zone1,26,198.7,41.4,97.4,1.0,high
255,Cuttack-Zone1,27,282.6,43.4,82.7,0.899,high
255,Cuttack-Zone1,28,235.4,40.8,94.9,0.915,high
255,Cuttack-Zone1,29,238.0,42.0,95.3,0.967,high
255,Cuttack-Zone1,30,288.1,42.8,83.0,1.0,medium
255,Cuttack-Zone1,31,263.5,38.7,89.7,0.934,high
255,Cuttack-Zone1,32,334.1,40.7,72.4,1.0,high
255,Cuttack-Zone1,33,337.1,38.6,73.7,0.927,high
255,Cuttack-Zone1,34,302.3,38.0,94.7,0.877,high
255,Cuttack-Zone1,35,285.6,36.6,81.6,0.806,high
255,Cuttack-Zone1,36,313.4,35.3,77.0,1.0,high
255,Cuttack-Zone1,37,325.5,35.0,78.6,1.0,high
255,Cuttack-Zone1,38,264.2,34.8,115.7,0.97,high
255,Cuttack-Zone1,39,271.7,31.9,178.6,1.0,high
255,Cuttack-Zone1,40,247.0,29.6,171.7,0.908,high
255,Cuttack-Zone1,41,190.4,30.8,175.7,0.973,high
255,Cuttack-Zone1,42,184.7,28.1,171.0,0.864,high
255,Cuttack-Zone1,43,185.3,26.9,174.4,0.969,high
255,Cuttack-Zone1,44,119.5,26.5,181.4,1.0,high
255,Cuttack-Zone1,45,144.4,25.5,180.1,0.799,high
255,Cuttack-Zone1,46,76.7,24.8,191.4,0.92,high
255,Cuttack-Zone1,47,22.2,23.5,199.6,1.0,medium
255,Cuttack-Zone1,48,49.5,23.0,193.1,1.0,medium
255,Cuttack-Zone1,49,56.2,22.8,188.0,1.0,high
255,Cuttack-Zone1,50,55.0,22.8,190.0,0.987,high
255,Cuttack-Zone1,51,44.3,24.1,197.1,0.96,medium
255,Cuttack-Zone1,52,0.9,17.3,221.0,0.897,medium
256,Bhubaneswar-Zone1,0,49.0,21.8,193.4,0.927,medium
256,Bhubaneswar-Zone1,1,77.8,23.1,182.0,1.0,high
256,Bhubaneswar-Zone1,2,27.0,23.8,197.1,0.982,medium
256,Bhubaneswar-Zone1,3,32.5,23.1,193.3,0.744,medium
256,Bhubaneswar-Zone1,4,67.9,25.4,131.0,0.794,high
256,Bhubaneswar-Zone1,5,37.2,24.4,116.6,0.882,medium
256,Bhubaneswar-Zone1,6,45.8,26.3,107.7,0.79,medium
256,Bhubaneswar-Zone1,7,109.5,27.1,101.0,0.932,high
256,Bhubaneswar-Zone1,8,26.4,27.9,123.0,0.723,medium
256,Bhubaneswar-Zone1,9,61.9,27.4,112.9,0.779,high
256,Bhubaneswar-Zone1,10,59.1,31.8,121.6,0.983,high
256,Bhubaneswar-Zone1,11,32.6,31.7,106.6,0.967,medium
256,Bhubaneswar-Zone1,12,48.3,31.4,115.1,0.739,medium
256,Bhubaneswar-Zone1,13,55.6,33.5,107.3,0.987,high
256,Bhubaneswar-Zone1,14,37.3,32.8,121.4,0.824,medium
256,Bhubaneswar-Zone1,15,24.6,36.4,111.0,1.0,medium
256,Bhubaneswar-Zone1,16,91.3,37.6,114.3,0.978,high
256,Bhubaneswar-Zone1,17,48.1,39.2,118.1,0.864,medium
256,Bhubaneswar-Zone1,18,42.5,39.3,118.9,0.932,medium
256,Bhubaneswar-Zone1,19,77.0,39.9,110.1,0.88,high
256,Bhubaneswar-Zone1,20,47.5,40.4,112.1,0.983,high
256,Bhubaneswar-Zone1,21,40.6,40.8,113.6,0.75,medium
256,Bhubaneswar-Zone1,22,106.5,43.3,98.6,0.892,high
256,Bhubaneswar-Zone1,23,108.8,39.8,95.1,0.863,high
256,Bhubaneswar-Zone1,24,131.7,42.3,109.6,0.852,high
256,Bhubaneswar-Zone1,25,172.0,44.7,95.6,1.0,high
256,Bhubaneswar-Zone1,26,233.2,43.0,91.6,0.81,high
256,Bhubaneswar-Zone1,27,239.5,39.7,100.0,1.0,high
256,Bhubaneswar-Zone1,28,277.5,41.6,82.4,0.762,high
256,Bhubaneswar-Zone1,29,266.7,44.0,80.0,0.761,high
256,Bhubaneswar-Zone1,30,288.9,41.6,86.7,1.0,high
256,Bhubaneswar-Zone1,31,315.4,37.7,94.3,0.928,high
256,Bhubaneswar-Zone1,32,347.5,38.7,80.1,0.863,high
256,Bhubaneswar-Zone1,33,310.4,40.2,84.4,0.835,high
256,Bhubaneswar-Zone1,34,360.4,35.9,81.1,1.0,high
256,Bhubaneswar-Zone1,35,379.1,39.7,78.3,0.955,high
256,Bhubaneswar-Zone1,36,336.6,37.5,77.7,0.805,high
256,Bhubaneswar-Zone1,37,342.3,34.8,76.1,0.805,high
256,Bhubaneswar-Zone1,38,316.9,32.3,111.4,1.0,high
256,Bhubaneswar-Zone1,39,305.7,31.8,166.1,0.793,high
256,Bhubaneswar-Zone1,40,248.4,30.8,169.3,0.81,high
256,Bhubaneswar-Zone1,41,221.0,28.0,179.9,1.0,high
256,Bhubaneswar-Zone1,42,190.3,28.7,179.9,0.879,low
256,Bhubaneswar-Zone1,43,201.3,28.2,167.6,0.832,high
256,Bhubaneswar-Zone1,44,162.7,26.5,180.9,0.925,high
256,Bhubaneswar-Zone1,45,104.4,24.5,193.9,0.832,high
256,Bhubaneswar-Zone1,46,101.0,27.6,195.9,1.0,low
256,Bhubaneswar-Zone1,47,24.5,25.1,193.1,0.983,medium
256,Bhubaneswar-Zone1,48,43.1,26.0,193.1,0.913,medium
256,Bhubaneswar-Zone1,49,36.6,22.9,204.1,0.796,medium
256,Bhubaneswar-Zone1,50,40.1,21.7,205.1,0.861,medium
256,Bhubaneswar-Zone1,51,59.8,22.2,197.9,0.789,high
256,Bhubaneswar-Zone1,52,22.7,20.0,193.0,0.85,medium
257,Puri-Zone1,0,125.9,22.3,186.0,0.85,high
257,Puri-Zone1,1,116.2,22.7,185.0,0.908,medium
257,Puri-Zone1,2,77.3,23.1,189.1,1.0,high
257,Puri-Zone1,3,144.2,24.7,182.0,0.745,low
257,Puri-Zone1,4,104.0,23.6,137.7,0.794,high
257,Puri-Zone1,5,75.6,24.8,105.9,0.935,high
257,Puri-Zone1,6,77.2,25.1,109.7,0.923,high
257,Puri-Zone1,7,81.9,25.9,100.3,0.698,high
257,Puri-Zone1,8,105.0,27.3,110.9,0.96,high
257,Puri-Zone1,9,117.3,26.6,105.0,0.93,high
257,Puri-Zone1,10,105.1,29.5,106.1,0.965,high
257,Puri-Zone1,11,92.2,31.1,109.7,0.779,high
257,Puri-Zone1,12,104.3,33.4,109.0,0.812,high
257,Puri-Zone1,13,69.9,32.5,108.0,1.0,medium
257,Puri-Zone1,14,132.9,34.1,110.4,1.0,high
257,Puri-Zone1,15,100.4,36.5,110.0,0.895,high
257,Puri-Zone1,16,72.5,36.9,111.0,0.637,high
257,Puri-Zone1,17,94.5,37.0,95.1,0.942,medium
257,Puri-Zone1,18,118.3,37.5,115.7,0.906,high
257,Puri-Zone1,19,114.9,40.1,103.0,0.695,high
257,Puri-Zone1,20,113.4,42.0,109.1,0.95,high
257,Puri-Zone1,21,66.8,41.2,111.9,0.937,high
257,Puri-Zone1,22,168.6,42.4,94.4,0.693,high
257,Puri-Zone1,23,169.2,41.7,96.7,0.829,high
257,Puri-Zone1,24,223.9,41.5,88.4,0.647,high
257,Puri-Zone1,25,238.0,42.9,88.3,0.714,high
257,Puri-Zone1,26,282.3,43.3,92.1,0.956,high
257,Puri-Zone1,27,270.7,41.6,90.7,0.722,medium
257,Puri-Zone1,28,286.8,41.9,83.1,0.737,high
257,Puri-Zone1,29,340.7,40.4,88.9,0.855,high
257,Puri-Zone1,30,335.2,42.2,81.0,0.776,medium
257,Puri-Zone1,31,385.5,40.3,84.7,0.865,high
257,Puri-Zone1,32,385.3,40.4,81.3,0.936,high
257,Puri-Zone1,33,344.1,40.2,81.4,1.0,high
257,Puri-Zone1,34,373.5,39.4,77.7,0.985,high
257,Puri-Zone1,35,389.2,37.7,64.0,0.778,high
257,Puri-Zone1,36,358.5,35.0,76.6,0.924,high
257,Puri-Zone1,37,354.0,35.9,92.4,1.0,high
257,Puri-Zone1,38,315.8,36.3,103.7,0.74,high
257,Puri-Zone1,39,351.5,35.2,150.6,0.801,high
257,Puri-Zone1,40,291.4,33.1,171.6,0.954,high
257,Puri-Zone1,41,285.5,31.7,169.0,0.691,high
257,Puri-Zone1,42,247.4,27.8,169.7,0.779,high
257,Puri-Zone1,43,246.9,27.8,159.6,0.836,high
257,Puri-Zone1,44,197.4,26.4,181.7,0.81,low
257,Puri-Zone1,45,159.8,23.8,182.3,0.806,high
257,Puri-Zone1,46,101.3,24.8,181.4,0.939,high
257,Puri-Zone1,47,113.6,24.7,191.0,0.659,high
257,Puri-Zone1,48,105.8,24.6,174.6,0.715,high
257,Puri-Zone1,49,69.5,24.6,191.0,0.686,high
257,Puri-Zone1,50,75.1,24.2,196.6,0.863,high
257,Puri-Zone1,51,109.4,21.1,192.7,0.905,high
257,Puri-Zone1,52,13.9,21.5,190.0,0.725,medium
258,Bhubaneswar-Zone2,0,108.4,21.1,189.9,0.522,high
258,Bhubaneswar-Zone2,1,66.7,23.3,193.3,0.648,high
258,Bhubaneswar-Zone2,2,91.1,21.0,196.0,0.663,high
258,Bhubaneswar-Zone2,3,88.0,23.2,190.6,0.676,medium
258,Bhubaneswar-Zone2,4,72.7,23.2,136.9,0.604,high
258,Bhubaneswar-Zone2,5,70.9,23.7,114.6,0.867,high
258,Bhubaneswar-Zone2,6,57.1,25.3,117.9,0.643,high
258,Bhubaneswar-Zone2,7,97.0,27.2,108.0,0.688,high
258,Bhubaneswar-Zone2,8,46.4,29.7,118.6,0.56,medium
258,Bhubaneswar-Zone2,9,41.6,29.3,109.4,0.813,medium
258,Bhubaneswar-Zone2,10,89.7,31.0,125.9,0.653,high
258,Bhubaneswar-Zone2,11,48.2,31.0,113.4,0.61,medium
258,Bhubaneswar-Zone2,12,51.8,32.7,113.7,0.648,high
258,Bhubaneswar-Zone2,13,128.9,34.8,95.1,0.515,high
258,Bhubaneswar-Zone2,14,48.1,34.4,114.6,0.701,medium
258,Bhubaneswar-Zone2,15,83.4,36.8,106.0,0.585,high
258,Bhubaneswar-Zone2,16,85.1,37.7,110.0,0.679,high
258,Bhubaneswar-Zone2,17,79.0,37.4,102.9,0.481,high
258,Bhubaneswar-Zone2,18,104.4,39.9,105.0,0.51,high
258,Bhubaneswar-Zone2,19,111.3,41.9,103.0,0.652,high
258,Bhubaneswar-Zone2,20,72.2,41.6,115.3,0.8,high
258,Bhubaneswar-Zone2,21,49.8,41.0,114.1,0.47,medium
258,Bhubaneswar-Zone2,22,74.5,40.8,103.9,0.582,high
258,Bhubaneswar-Zone2,23,135.2,42.9,108.3,0.524,high
258,Bhubaneswar-Zone2,24,142.8,45.0,110.1,0.603,high
258,Bhubaneswar-Zone2,25,213.2,44.1,96.4,0.646,high
258,Bhubaneswar-Zone2,26,244.8,41.9,89.4,0.679,low
258,Bhubaneswar-Zone2,27,229.8,42.9,94.4,0.62,medium
258,Bhubaneswar-Zone2,28,257.8,43.2,89.7,0.761,high
258,Bhubaneswar-Zone2,29,279.6,42.9,86.7,0.571,high
258,Bhubaneswar-Zone2,30,323.3,39.3,86.4,0.412,high
258,Bhubaneswar-Zone2,31,349.4,41.3,75.7,0.681,high
258,Bhubaneswar-Zone2,32,343.1,39.3,87.0,0.803,high
258,Bhubaneswar-Zone2,33,339.2,37.7,72.0,0.664,high
258,Bhubaneswar-Zone2,34,333.2,38.6,85.4,0.685,high
258,Bhubaneswar-Zone2,35,359.8,35.4,79.1,0.634,high
258,Bhubaneswar-Zone2,36,362.9,35.0,81.6,0.686,high
258,Bhubaneswar-Zone2,37,299.2,34.3,85.6,0.586,high
258,Bhubaneswar-Zone2,38,297.3,31.5,112.0,0.675,high
258,Bhubaneswar-Zone2,39,298.5,33.3,172.7,0.565,high
258,Bhubaneswar-Zone2,40,306.6,31.3,161.4,0.819,high
258,Bhubaneswar-Zone2,41,250.9,30.8,175.1,0.679,high
258,Bhubaneswar-Zone2,42,222.5,32.6,174.1,0.752,high
258,Bhubaneswar-Zone2,43,240.7,28.6,180.7,0.534,high
258,Bhubaneswar-Zone2,44,170.7,25.8,181.1,0.568,high
258,Bhubaneswar-Zone2,45,115.2,27.1,179.3,0.711,high
258,Bhubaneswar-Zone2,46,103.4,24.2,181.1,0.384,high
258,Bhubaneswar-Zone2,47,123.4,26.9,181.4,0.591,high
258,Bhubaneswar-Zone2,48,92.9,23.7,190.6,0.616,high
258,Bhubaneswar-Zone2,49,71.1,23.2,195.3,0.572,high
258,Bhubaneswar-Zone2,50,89.6,23.4,189.3,0.74,high
258,Bhubaneswar-Zone2,51,31.0,23.1,195.4,0.855,medium
258,Bhubaneswar-Zone2,52,3.2,17.6,200.0,0.546,medium
259,Bhubaneswar-Zone2,0,108.4,21.1,189.9,0.647,high
259,Bhubaneswar-Zone2,1,66.7,23.3,193.3,0.333,high
259,Bhubaneswar-Zone2,2,91.1,21.0,196.0,0.56,high
259,Bhubaneswar-Zone2,3,88.0,23.2,190.6,0.636,high
259,Bhubaneswar-Zone2,4,72.7,23.2,136.9,0.578,high
259,Bhubaneswar-Zone2,5,70.9,23.7,114.6,0.536,high
259,Bhubaneswar-Zone2,6,57.1,25.3,117.9,0.831,medium
259,Bhubaneswar-Zone2,7,97.0,27.2,108.0,0.625,high
259,Bhubaneswar-Zone2,8,46.4,29.7,118.6,0.467,medium
259,Bhubaneswar-Zone2,9,41.6,29.3,109.4,0.532,medium
259,Bhubaneswar-Zone2,10,89.7,31.0,125.9,0.602,high
259,Bhubaneswar-Zone2,11,48.2,31.0,113.4,0.632,medium
259,Bhubaneswar-Zone2,12,51.8,32.7,113.7,0.461,high
259,Bhubaneswar-Zone2,13,128.9,34.8,95.1,0.43,high
259,Bhubaneswar-Zone2,14,48.1,34.4,114.6,0.648,medium
259,Bhubaneswar-Zone2,15,83.4,36.8,106.0,0.504,high
259,Bhubaneswar-Zone2,16,85.1,37.7,110.0,0.56,high
259,Bhubaneswar-Zone2,17,79.0,37.4,102.9,0.527,high
259,Bhubaneswar-Zone2,18,104.4,39.9,105.0,0.437,high
259,Bhubaneswar-Zone2,19,111.3,41.9,103.0,0.52,high
259,Bhubaneswar-Zone2,20,72.2,41.6,115.3,0.598,high
259,Bhubaneswar-Zone2,21,49.8,41.0,114.1,0.352,medium
259,Bhubaneswar-Zone2,22,74.5,40.8,103.9,0.461,high
259,Bhubaneswar-Zone2,23,135.2,42.9,108.3,0.511,high
259,Bhubaneswar-Zone2,24,142.8,45.0,110.1,0.601,high
259,Bhubaneswar-Zone2,25,213.2,44.1,96.4,0.648,high
259,Bhubaneswar-Zone2,26,244.8,41.9,89.4,0.473,high
259,Bhubaneswar-Zone2,27,229.8,42.9,94.4,0.688,high
259,Bhubaneswar-Zone2,28,257.8,43.2,89.7,0.868,high
259,Bhubaneswar-Zone2,29,279.6,42.9,86.7,0.605,high
259,Bhubaneswar-Zone2,30,323.3,39.3,86.4,0.588,high
259,Bhubaneswar-Zone2,31,349.4,41.3,75.7,0.427,high
259,Bhubaneswar-Zone2,32,343.1,39.3,87.0,0.484,high
259,Bhubaneswar-Zone2,33,339.2,37.7,72.0,0.459,high
259,Bhubaneswar-Zone2,34,333.2,38.6,85.4,0.446,high
259,Bhubaneswar-Zone2,35,359.8,35.4,79.1,0.613,high
259,Bhubaneswar-Zone2,36,362.9,35.0,81.6,0.558,high
259,Bhubaneswar-Zone2,37,299.2,34.3,85.6,0.476,high
259,Bhubaneswar-Zone2,38,297.3,31.5,112.0,0.584,high
259,Bhubaneswar-Zone2,39,298.5,33.3,172.7,0.639,high
259,Bhubaneswar-Zone2,40,306.6,31.3,161.4,0.649,high
259,Bhubaneswar-Zone2,41,250.9,30.8,175.1,0.701,high
259,Bhubaneswar-Zone2,42,222.5,32.6,174.1,0.592,high
259,Bhubaneswar-Zone2,43,240.7,28.6,180.7,0.438,high
259,Bhubaneswar-Zone2,44,170.7,25.8,181.1,0.644,high
259,Bhubaneswar-Zone2,45,115.2,27.1,179.3,0.493,high
259,Bhubaneswar-Zone2,46,103.4,24.2,181.1,0.591,medium
259,Bhubaneswar-Zone2,47,123.4,26.9,181.4,0.551,high
259,Bhubaneswar-Zone2,48,92.9,23.7,190.6,0.864,high
259,Bhubaneswar-Zone2,49,71.1,23.2,195.3,0.484,high
259,Bhubaneswar-Zone2,50,89.6,23.4,189.3,0.606,high
259,Bhubaneswar-Zone2,51,31.0,23.1,195.4,0.512,medium
259,Bhubaneswar-Zone2,52,3.2,17.6,200.0,0.637,high
260,Bhubaneswar-Zone2,0,108.4,21.1,189.9,1.0,high
260,Bhubaneswar-Zone2,1,66.7,23.3,193.3,0.859,high
260,Bhubaneswar-Zone2,2,91.1,21.0,196.0,0.886,high
260,Bhubaneswar-Zone2,3,88.0,23.2,190.6,0.843,high
260,Bhubaneswar-Zone2,4,72.7,23.2,136.9,1.0,high
260,Bhubaneswar-Zone2,5,70.9,23.7,114.6,0.907,high
260,Bhubaneswar-Zone2,6,57.1,25.3,117.9,0.916,high
260,Bhubaneswar-Zone2,7,97.0,27.2,108.0,0.892,high
260,Bhubaneswar-Zone2,8,46.4,29.7,118.6,0.94,medium
260,Bhubaneswar-Zone2,9,41.6,29.3,109.4,1.0,medium
260,Bhubaneswar-Zone2,10,89.7,31.0,125.9,0.811,high
260,Bhubaneswar-Zone2,11,48.2,31.0,113.4,0.934,medium
260,Bhubaneswar-Zone2,12,51.8,32.7,113.7,0.728,high
260,Bhubaneswar-Zone2,13,128.9,34.8,95.1,0.979,high
260,Bhubaneswar-Zone2,14,48.1,34.4,114.6,0.914,medium
260,Bhubaneswar-Zone2,15,83.4,36.8,106.0,0.879,high
260,Bhubaneswar-Zone2,16,85.1,37.7,110.0,1.0,high
260,Bhubaneswar-Zone2,17,79.0,37.4,102.9,1.0,high
260,Bhubaneswar-Zone2,18,104.4,39.9,105.0,0.963,high
260,Bhubaneswar-Zone2,19,111.3,41.9,103.0,0.957,high
260,Bhubaneswar-Zone2,20,72.2,41.6,115.3,0.844,high
260,Bhubaneswar-Zone2,21,49.8,41.0,114.1,0.856,medium
260,Bhubaneswar-Zone2,22,74.5,40.8,103.9,0.958,high
260,Bhubaneswar-Zone2,23,135.2,42.9,108.3,1.0,low
260,Bhubaneswar-Zone2,24,142.8,45.0,110.1,0.847,high
260,Bhubaneswar-Zone2,25,213.2,44.1,96.4,0.921,high
260,Bhubaneswar-Zone2,26,244.8,41.9,89.4,0.754,high
260,Bhubaneswar-Zone2,27,229.8,42.9,94.4,1.0,high
260,Bhubaneswar-Zone2,28,257.8,43.2,89.7,0.817,high
260,Bhubaneswar-Zone2,29,279.6,42.9,86.7,0.829,high
260,Bhubaneswar-Zone2,30,323.3,39.3,86.4,0.801,high
260,Bhubaneswar-Zone2,31,349.4,41.3,75.7,0.999,high
260,Bhubaneswar-Zone2,32,343.1,39.3,87.0,0.88,high
260,Bhubaneswar-Zone2,33,339.2,37.7,72.0,0.921,high
260,Bhubaneswar-Zone2,34,333.2,38.6,85.4,1.0,high
260,Bhubaneswar-Zone2,35,359.8,35.4,79.1,0.906,low
260,Bhubaneswar-Zone2,36,362.9,35.0,81.6,0.81,high
260,Bhubaneswar-Zone2,37,299.2,34.3,85.6,0.71,high
260,Bhubaneswar-Zone2,38,297.3,31.5,112.0,0.999,high
260,Bhubaneswar-Zone2,39,298.5,33.3,172.7,0.846,high
260,Bhubaneswar-Zone2,40,306.6,31.3,161.4,1.0,low
260,Bhubaneswar-Zone2,41,250.9,30.8,175.1,0.824,high
260,Bhubaneswar-Zone2,42,222.5,32.6,174.1,0.869,high
260,Bhubaneswar-Zone2,43,240.7,28.6,180.7,0.834,high
260,Bhubaneswar-Zone2,44,170.7,25.8,181.1,0.892,high
260,Bhubaneswar-Zone2,45,115.2,27.1,179.3,0.869,high
260,Bhubaneswar-Zone2,46,103.4,24.2,181.1,0.929,high
260,Bhubaneswar-Zone2,47,123.4,26.9,181.4,0.911,high
260,Bhubaneswar-Zone2,48,92.9,23.7,190.6,0.775,high
260,Bhubaneswar-Zone2,49,71.1,23.2,195.3,0.894,high
260,Bhubaneswar-Zone2,50,89.6,23.4,189.3,0.95,high
260,Bhubaneswar-Zone2,51,31.0,23.1,195.4,0.959,medium
260,Bhubaneswar-Zone2,52,3.2,17.6,200.0,0.851,medium
261,Cuttack-Zone1,0,20.0,23.7,196.3,0.895,medium
261,Cuttack-Zone1,1,53.9,23.0,203.3,0.755,high
261,Cuttack-Zone1,2,39.0,22.9,200.9,0.875,medium
261,Cuttack-Zone1,3,52.1,24.6,189.0,0.812,high
261,Cuttack-Zone1,4,42.3,25.4,151.7,0.957,medium
261,Cuttack-Zone1,5,29.4,25.2,116.0,0.946,medium
261,Cuttack-Zone1,6,33.7,25.9,117.0,1.0,medium
261,Cuttack-Zone1,7,32.3,27.7,117.3,1.0,medium
261,Cuttack-Zone1,8,26.4,27.3,120.7,0.861,medium
261,Cuttack-Zone1,9,18.2,26.7,110.9,0.817,low
261,Cuttack-Zone1,10,12.5,29.6,110.7,0.899,low
261,Cuttack-Zone1,11,14.1,32.2,118.6,1.0,low
261,Cuttack-Zone1,12,53.2,30.8,110.4,0.951,high
261,Cuttack-Zone1,13,45.8,31.3,105.1,0.823,medium
261,Cuttack-Zone1,14,12.8,35.2,118.6,0.926,low
261,Cuttack-Zone1,15,68.1,36.8,115.9,1.0,high
261,Cuttack-Zone1,16,12.1,37.5,111.4,0.843,low
261,Cuttack-Zone1,17,63.9,38.5,104.0,0.897,high
261,Cuttack-Zone1,18,62.2,40.9,113.7,1.0,high
261,Cuttack-Zone1,19,33.3,38.5,111.6,0.91,medium
261,Cuttack-Zone1,20,26.4,39.6,116.0,0.807,medium
261,Cuttack-Zone1,21,31.7,41.9,114.3,0.785,medium
261,Cuttack-Zone1,22,62.7,39.8,117.4,0.857,high
261,Cuttack-Zone1,23,79.2,41.7,106.4,0.889,high
261,Cuttack-Zone1,24,159.5,42.0,102.3,0.923,high
261,Cuttack-Zone1,25,246.6,43.2,96.1,0.929,high
261,Cuttack-Zone1,26,198.7,41.4,97.4,0.826,high
261,Cuttack-Zone1,27,282.6,43.4,82.7,0.773,high
261,Cuttack-Zone1,28,235.4,40.8,94.9,1.0,high
261,Cuttack-Zone1,29,238.0,42.0,95.3,0.825,high
261,Cuttack-Zone1,30,288.1,42.8,83.0,0.997,low
261,Cuttack-Zone1,31,263.5,38.7,89.7,0.836,high
261,Cuttack-Zone1,32,334.1,40.7,72.4,0.832,high
261,Cuttack-Zone1,33,337.1,38.6,73.7,0.722,high
261,Cuttack-Zone1,34,302.3,38.0,94.7,0.93,high
261,Cuttack-Zone1,35,285.6,36.6,81.6,0.884,high
261,Cuttack-Zone1,36,313.4,35.3,77.0,0.839,high
261,Cuttack-Zone1,37,325.5,35.0,78.6,0.904,high
261,Cuttack-Zone1,38,264.2,34.8,115.7,0.825,high
261,Cuttack-Zone1,39,271.7,31.9,178.6,0.77,high
261,Cuttack-Zone1,40,247.0,29.6,171.7,0.773,high
261,Cuttack-Zone1,41,190.4,30.8,175.7,1.0,high
261,Cuttack-Zone1,42,184.7,28.1,171.0,0.918,high
261,Cuttack-Zone1,43,185.3,26.9,174.4,0.982,high
261,Cuttack-Zone1,44,119.5,26.5,181.4,0.838,high
261,Cuttack-Zone1,45,144.4,25.5,180.1,0.924,high
261,Cuttack-Zone1,46,76.7,24.8,191.4,0.907,high
261,Cuttack-Zone1,47,22.2,23.5,199.6,0.707,medium
261,Cuttack-Zone1,48,49.5,23.0,193.1,0.936,medium
261,Cuttack-Zone1,49,56.2,22.8,188.0,0.931,high
261,Cuttack-Zone1,50,55.0,22.8,190.0,0.908,low
261,Cuttack-Zone1,51,44.3,24.1,197.1,0.946,medium
261,Cuttack-Zone1,52,0.9,17.3,221.0,0.73,medium
262,Puri-Zone1,0,125.9,22.3,186.0,0.648,high
262,Puri-Zone1,1,116.2,22.7,185.0,0.876,high
262,Puri-Zone1,2,77.3,23.1,189.1,0.744,high
262,Puri-Zone1,3,144.2,24.7,182.0,0.712,high
262,Puri-Zone1,4,104.0,23.6,137.7,0.77,high
262,Puri-Zone1,5,75.6,24.8,105.9,0.888,high
262,Puri-Zone1,6,77.2,25.1,109.7,0.664,high
262,Puri-Zone1,7,81.9,25.9,100.3,0.64,high
262,Puri-Zone1,8,105.0,27.3,110.9,0.767,high
262,Puri-Zone1,9,117.3,26.6,105.0,0.674,high
262,Puri-Zone1,10,105.1,29.5,106.1,0.76,high
262,Puri-Zone1,11,92.2,31.1,109.7,0.696,high
262,Puri-Zone1,12,104.3,33.4,109.0,0.575,high
262,Puri-Zone1,13,69.9,32.5,108.0,0.657,high
262,Puri-Zone1,14,132.9,34.1,110.4,0.621,high
262,Puri-Zone1,15,100.4,36.5,110.0,0.728,high
262,Puri-Zone1,16,72.5,36.9,111.0,0.591,high
262,Puri-Zone1,17,94.5,37.0,95.1,0.741,high
262,Puri-Zone1,18,118.3,37.5,115.7,0.714,medium
262,Puri-Zone1,19,114.9,40.1,103.0,0.658,low
262,Puri-Zone1,20,113.4,42.0,109.1,0.494,high
262,Puri-Zone1,21,66.8,41.2,111.9,0.467,high
262,Puri-Zone1,22,168.6,42.4,94.4,0.69,high
262,Puri-Zone1,23,169.2,41.7,96.7,0.688,high
262,Puri-Zone1,24,223.9,41.5,88.4,0.638,high
262,Puri-Zone1,25,238.0,42.9,88.3,0.739,high
262,Puri-Zone1,26,282.3,43.3,92.1,0.748,medium
262,Puri-Zone1,27,270.7,41.6,90.7,0.636,high
262,Puri-Zone1,28,286.8,41.9,83.1,0.761,high
262,Puri-Zone1,29,340.7,40.4,88.9,0.741,high
262,Puri-Zone1,30,335.2,42.2,81.0,0.642,high
262,Puri-Zone1,31,385.5,40.3,84.7,0.836,high
262,Puri-Zone1,32,385.3,40.4,81.3,0.947,high
262,Puri-Zone1,33,344.1,40.2,81.4,0.927,high
262,Puri-Zone1,34,373.5,39.4,77.7,0.831,high
262,Puri-Zone1,35,389.2,37.7,64.0,0.664,high
262,Puri-Zone1,36,358.5,35.0,76.6,0.637,high
262,Puri-Zone1,37,354.0,35.9,92.4,0.782,high
262,Puri-Zone1,38,315.8,36.3,103.7,0.725,high
262,Puri-Zone1,39,351.5,35.2,150.6,0.853,high
262,Puri-Zone1,40,291.4,33.1,171.6,0.755,high
262,Puri-Zone1,41,285.5,31.7,169.0,0.768,high
262,Puri-Zone1,42,247.4,27.8,169.7,0.618,high
262,Puri-Zone1,43,246.9,27.8,159.6,0.643,high
262,Puri-Zone1,44,197.4,26.4,181.7,0.739,high
262,Puri-Zone1,45,159.8,23.8,182.3,0.709,high
262,Puri-Zone1,46,101.3,24.8,181.4,0.694,high
262,Puri-Zone1,47,113.6,24.7,191.0,0.619,high
262,Puri-Zone1,48,105.8,24.6,174.6,0.834,high
262,Puri-Zone1,49,69.5,24.6,191.0,0.599,high
262,Puri-Zone1,50,75.1,24.2,196.6,0.782,high
262,Puri-Zone1,51,109.4,21.1,192.7,0.649,high
262,Puri-Zone1,52,13.9,21.5,190.0,0.694,medium
263,Bhubaneswar-Zone1,0,49.0,21.8,193.4,0.947,medium
263,Bhubaneswar-Zone1,1,77.8,23.1,182.0,0.812,low
263,Bhubaneswar-Zone1,2,27.0,23.8,197.1,0.943,medium
263,Bhubaneswar-Zone1,3,32.5,23.1,193.3,0.99,medium
263,Bhubaneswar-Zone1,4,67.9,25.4,131.0,1.0,high
263,Bhubaneswar-Zone1,5,37.2,24.4,116.6,0.964,medium
263,Bhubaneswar-Zone1,6,45.8,26.3,107.7,1.0,medium
263,Bhubaneswar-Zone1,7,109.5,27.1,101.0,0.912,high
263,Bhubaneswar-Zone1,8,26.4,27.9,123.0,1.0,medium
263,Bhubaneswar-Zone1,9,61.9,27.4,112.9,0.977,high
263,Bhubaneswar-Zone1,10,59.1,31.8,121.6,0.877,high
263,Bhubaneswar-Zone1,11,32.6,31.7,106.6,0.764,medium
263,Bhubaneswar-Zone1,12,48.3,31.4,115.1,0.976,medium
263,Bhubaneswar-Zone1,13,55.6,33.5,107.3,0.941,high
263,Bhubaneswar-Zone1,14,37.3,32.8,121.4,0.856,medium
263,Bhubaneswar-Zone1,15,24.6,36.4,111.0,1.0,medium
263,Bhubaneswar-Zone1,16,91.3,37.6,114.3,0.983,high
263,Bhubaneswar-Zone1,17,48.1,39.2,118.1,0.942,medium
263,Bhubaneswar-Zone1,18,42.5,39.3,118.9,1.0,medium
263,Bhubaneswar-Zone1,19,77.0,39.9,110.1,0.881,high
263,Bhubaneswar-Zone1,20,47.5,40.4,112.1,0.928,medium
263,Bhubaneswar-Zone1,21,40.6,40.8,113.6,1.0,medium
263,Bhubaneswar-Zone1,22,106.5,43.3,98.6,0.977,high
263,Bhubaneswar-Zone1,23,108.8,39.8,95.1,1.0,high
263,Bhubaneswar-Zone1,24,131.7,42.3,109.6,1.0,high
263,Bhubaneswar-Zone1,25,172.0,44.7,95.6,1.0,high
263,Bhubaneswar-Zone1,26,233.2,43.0,91.6,1.0,low
263,Bhubaneswar-Zone1,27,239.5,39.7,100.0,1.0,high
263,Bhubaneswar-Zone1,28,277.5,41.6,82.4,1.0,medium
263,Bhubaneswar-Zone1,29,266.7,44.0,80.0,1.0,high
263,Bhubaneswar-Zone1,30,288.9,41.6,86.7,0.997,high
263,Bhubaneswar-Zone1,31,315.4,37.7,94.3,0.938,high
263,Bhubaneswar-Zone1,32,347.5,38.7,80.1,1.0,high
263,Bhubaneswar-Zone1,33,310.4,40.2,84.4,0.994,high
263,Bhubaneswar-Zone1,34,360.4,35.9,81.1,0.963,high
263,Bhubaneswar-Zone1,35,379.1,39.7,78.3,1.0,high
263,Bhubaneswar-Zone1,36,336.6,37.5,77.7,0.801,high
263,Bhubaneswar-Zone1,37,342.3,34.8,76.1,0.851,high
263,Bhubaneswar-Zone1,38,316.9,32.3,111.4,0.78,high
263,Bhubaneswar-Zone1,39,305.7,31.8,166.1,0.797,high
263,Bhubaneswar-Zone1,40,248.4,30.8,169.3,0.881,high
263,Bhubaneswar-Zone1,41,221.0,28.0,179.9,0.933,high
263,Bhubaneswar-Zone1,42,190.3,28.7,179.9,0.928,high
263,Bhubaneswar-Zone1,43,201.3,28.2,167.6,0.966,high
263,Bhubaneswar-Zone1,44,162.7,26.5,180.9,1.0,high
263,Bhubaneswar-Zone1,45,104.4,24.5,193.9,0.936,high
263,Bhubaneswar-Zone1,46,101.0,27.6,195.9,1.0,high
263,Bhubaneswar-Zone1,47,24.5,25.1,193.1,1.0,medium
263,Bhubaneswar-Zone1,48,43.1,26.0,193.1,1.0,medium
263,Bhubaneswar-Zone1,49,36.6,22.9,204.1,1.0,medium
263,Bhubaneswar-Zone1,50,40.1,21.7,205.1,1.0,medium
263,Bhubaneswar-Zone1,51,59.8,22.2,197.9,0.968,high
263,Bhubaneswar-Zone1,52,22.7,20.0,193.0,0.809,medium
264,Rourkela-Zone1,0,12.7,20.9,190.6,0.613,medium
264,Rourkela-Zone1,1,24.9,24.0,193.9,0.526,medium
264,Rourkela-Zone1,2,6.9,24.0,196.0,0.623,medium
264,Rourkela-Zone1,3,44.1,25.1,186.7,0.503,medium
264,Rourkela-Zone1,4,25.7,23.1,141.1,0.641,low
264,Rourkela-Zone1,5,45.3,27.0,116.6,0.552,medium
264,Rourkela-Zone1,6,0.0,24.7,122.1,0.56,low
264,Rourkela-Zone1,7,13.6,28.2,101.6,0.691,low
264,Rourkela-Zone1,8,7.1,26.4,113.0,0.684,low
264,Rourkela-Zone1,9,42.5,29.2,118.1,0.617,medium
264,Rourkela-Zone1,10,4.4,32.2,114.0,0.489,low
264,Rourkela-Zone1,11,21.1,29.6,108.3,0.63,medium
264,Rourkela-Zone1,12,12.7,32.3,114.6,0.483,low
264,Rourkela-Zone1,13,30.3,35.3,104.7,0.525,medium
264,Rourkela-Zone1,14,11.6,36.0,119.1,0.619,medium
264,Rourkela-Zone1,15,0.0,34.6,119.1,0.727,low
264,Rourkela-Zone1,16,8.5,36.6,116.0,0.704,low
264,Rourkela-Zone1,17,2.9,37.9,125.0,0.609,low
264,Rourkela-Zone1,18,19.5,39.1,114.0,0.539,low
264,Rourkela-Zone1,19,16.4,41.1,111.6,0.724,medium
264,Rourkela-Zone1,20,59.8,40.2,117.1,0.567,high
264,Rourkela-Zone1,21,36.3,41.2,110.7,0.563,medium
264,Rourkela-Zone1,22,21.3,42.3,109.7,0.633,medium
264,Rourkela-Zone1,23,88.1,42.9,109.4,0.575,high
264,Rourkela-Zone1,24,118.1,43.9,107.7,0.628,high
264,Rourkela-Zone1,25,149.8,44.2,108.3,0.514,high
264,Rourkela-Zone1,26,149.3,42.9,99.3,0.652,high
264,Rourkela-Zone1,27,175.4,44.7,100.0,0.649,high
264,Rourkela-Zone1,28,191.7,40.9,96.9,0.634,high
264,Rourkela-Zone1,29,211.7,41.6,103.4,0.616,high
264,Rourkela-Zone1,30,223.5,41.2,94.6,0.614,high
264,Rourkela-Zone1,31,270.0,41.9,88.4,0.523,high
264,Rourkela-Zone1,32,262.3,41.3,93.0,0.609,high
264,Rourkela-Zone1,33,289.2,40.8,84.9,0.95,high
264,Rourkela-Zone1,34,271.3,38.8,90.9,0.58,high
264,Rourkela-Zone1,35,261.5,36.1,95.7,0.731,high
264,Rourkela-Zone1,36,265.7,34.2,99.6,0.605,high
264,Rourkela-Zone1,37,245.6,34.5,96.6,0.452,high
264,Rourkela-Zone1,38,252.5,34.9,100.7,0.541,high
264,Rourkela-Zone1,39,202.9,31.1,174.0,0.668,high
264,Rourkela-Zone1,40,262.6,29.5,162.4,0.564,high
264,Rourkela-Zone1,41,179.5,28.6,172.4,0.586,high
264,Rourkela-Zone1,42,143.8,27.3,183.1,0.681,high
264,Rourkela-Zone1,43,129.1,29.7,188.0,0.57,high
264,Rourkela-Zone1,44,104.7,25.8,177.6,0.433,high
264,Rourkela-Zone1,45,34.6,25.1,195.7,0.531,medium
264,Rourkela-Zone1,46,27.1,26.8,203.0,0.715,medium
264,Rourkela-Zone1,47,19.4,24.2,203.7,0.652,low
264,Rourkela-Zone1,48,4.4,22.9,196.4,0.727,medium
264,Rourkela-Zone1,49,16.7,23.5,195.4,0.501,medium
264,Rourkela-Zone1,50,18.1,22.1,190.4,0.691,medium
264,Rourkela-Zone1,51,19.9,26.5,201.4,0.733,medium
264,Rourkela-Zone1,52,0.0,16.7,201.0,0.85,medium
265,Bhubaneswar-Zone1,0,49.0,21.8,193.4,0.835,medium
265,Bhubaneswar-Zone1,1,77.8,23.1,182.0,0.774,low
265,Bhubaneswar-Zone1,2,27.0,23.8,197.1,0.901,medium
265,Bhubaneswar-Zone1,3,32.5,23.1,193.3,0.708,medium
265,Bhubaneswar-Zone1,4,67.9,25.4,131.0,0.773,low
265,Bhubaneswar-Zone1,5,37.2,24.4,116.6,1.0,medium
265,Bhubaneswar-Zone1,6,45.8,26.3,107.7,0.836,medium
265,Bhubaneswar-Zone1,7,109.5,27.1,101.0,0.829,high
265,Bhubaneswar-Zone1,8,26.4,27.9,123.0,0.703,medium
265,Bhubaneswar-Zone1,9,61.9,27.4,112.9,0.693,high
265,Bhubaneswar-Zone1,10,59.1,31.8,121.6,0.857,high
265,Bhubaneswar-Zone1,11,32.6,31.7,106.6,0.762,medium
265,Bhubaneswar-Zone1,12,48.3,31.4,115.1,0.676,medium
265,Bhubaneswar-Zone1,13,55.6,33.5,107.3,0.88,high
265,Bhubaneswar-Zone1,14,37.3,32.8,121.4,0.672,medium
265,Bhubaneswar-Zone1,15,24.6,36.4,111.0,1.0,medium
265,Bhubaneswar-Zone1,16,91.3,37.6,114.3,0.988,low
265,Bhubaneswar-Zone1,17,48.1,39.2,118.1,0.839,medium
265,Bhubaneswar-Zone1,18,42.5,39.3,118.9,0.805,medium
265,Bhubaneswar-Zone1,19,77.0,39.9,110.1,0.836,high
265,Bhubaneswar-Zone1,20,47.5,40.4,112.1,0.558,medium
265,Bhubaneswar-Zone1,21,40.6,40.8,113.6,0.887,medium
265,Bhubaneswar-Zone1,22,106.5,43.3,98.6,0.726,high
265,Bhubaneswar-Zone1,23,108.8,39.8,95.1,0.53,high
265,Bhubaneswar-Zone1,24,131.7,42.3,109.6,0.706,medium
265,Bhubaneswar-Zone1,25,172.0,44.7,95.6,0.738,high
265,Bhubaneswar-Zone1,26,233.2,43.0,91.6,0.909,high
265,Bhubaneswar-Zone1,27,239.5,39.7,100.0,0.636,high
265,Bhubaneswar-Zone1,28,277.5,41.6,82.4,0.781,high
265,Bhubaneswar-Zone1,29,266.7,44.0,80.0,0.705,high
265,Bhubaneswar-Zone1,30,288.9,41.6,86.7,0.988,high
265,Bhubaneswar-Zone1,31,315.4,37.7,94.3,0.993,low
265,Bhubaneswar-Zone1,32,347.5,38.7,80.1,0.664,high
265,Bhubaneswar-Zone1,33,310.4,40.2,84.4,0.708,medium
265,Bhubaneswar-Zone1,34,360.4,35.9,81.1,0.846,low
265,Bhubaneswar-Zone1,35,379.1,39.7,78.3,0.714,high
265,Bhubaneswar-Zone1,36,336.6,37.5,77.7,0.882,high
265,Bhubaneswar-Zone1,37,342.3,34.8,76.1,0.71,high
265,Bhubaneswar-Zone1,38,316.9,32.3,111.4,0.755,high
265,Bhubaneswar-Zone1,39,305.7,31.8,166.1,0.693,high
265,Bhubaneswar-Zone1,40,248.4,30.8,169.3,0.672,high
265,Bhubaneswar-Zone1,41,221.0,28.0,179.9,0.814,high
265,Bhubaneswar-Zone1,42,190.3,28.7,179.9,0.824,high
265,Bhubaneswar-Zone1,43,201.3,28.2,167.6,0.969,high
265,Bhubaneswar-Zone1,44,162.7,26.5,180.9,0.797,high
265,Bhubaneswar-Zone1,45,104.4,24.5,193.9,1.0,high
265,Bhubaneswar-Zone1,46,101.0,27.6,195.9,0.733,high
265,Bhubaneswar-Zone1,47,24.5,25.1,193.1,0.9,medium
265,Bhubaneswar-Zone1,48,43.1,26.0,193.1,0.82,high
265,Bhubaneswar-Zone1,49,36.6,22.9,204.1,0.706,medium
265,Bhubaneswar-Zone1,50,40.1,21.7,205.1,0.845,medium
265,Bhubaneswar-Zone1,51,59.8,22.2,197.9,0.71,high
265,Bhubaneswar-Zone1,52,22.7,20.0,193.0,0.635,medium
266,Rourkela-Zone1,0,12.7,20.9,190.6,0.624,medium
266,Rourkela-Zone1,1,24.9,24.0,193.9,0.702,medium
266,Rourkela-Zone1,2,6.9,24.0,196.0,0.667,medium
266,Rourkela-Zone1,3,44.1,25.1,186.7,0.9,medium
266,Rourkela-Zone1,4,25.7,23.1,141.1,0.852,high
266,Rourkela-Zone1,5,45.3,27.0,116.6,0.857,medium
266,Rourkela-Zone1,6,0.0,24.7,122.1,0.72,low
266,Rourkela-Zone1,7,13.6,28.2,101.6,0.72,low
266,Rourkela-Zone1,8,7.1,26.4,113.0,0.745,low
266,Rourkela-Zone1,9,42.5,29.2,118.1,0.808,medium
266,Rourkela-Zone1,10,4.4,32.2,114.0,0.693,low
266,Rourkela-Zone1,11,21.1,29.6,108.3,0.749,medium
266,Rourkela-Zone1,12,12.7,32.3,114.6,0.738,low
266,Rourkela-Zone1,13,30.3,35.3,104.7,0.803,medium
266,Rourkela-Zone1,14,11.6,36.0,119.1,0.672,low
266,Rourkela-Zone1,15,0.0,34.6,119.1,0.785,low
266,Rourkela-Zone1,16,8.5,36.6,116.0,0.783,low
266,Rourkela-Zone1,17,2.9,37.9,125.0,0.744,low
266,Rourkela-Zone1,18,19.5,39.1,114.0,0.815,medium
266,Rourkela-Zone1,19,16.4,41.1,111.6,0.741,medium
266,Rourkela-Zone1,20,59.8,40.2,117.1,0.593,high
266,Rourkela-Zone1,21,36.3,41.2,110.7,0.823,medium
266,Rourkela-Zone1,22,21.3,42.3,109.7,0.827,medium
266,Rourkela-Zone1,23,88.1,42.9,109.4,0.788,high
266,Rourkela-Zone1,24,118.1,43.9,107.7,0.751,high
266,Rourkela-Zone1,25,149.8,44.2,108.3,0.75,high
266,Rourkela-Zone1,26,149.3,42.9,99.3,0.662,medium
266,Rourkela-Zone1,27,175.4,44.7,100.0,0.686,high
266,Rourkela-Zone1,28,191.7,40.9,96.9,0.956,high
266,Rourkela-Zone1,29,211.7,41.6,103.4,0.628,high
266,Rourkela-Zone1,30,223.5,41.2,94.6,0.705,high
266,Rourkela-Zone1,31,270.0,41.9,88.4,0.783,high
266,Rourkela-Zone1,32,262.3,41.3,93.0,0.739,high
266,Rourkela-Zone1,33,289.2,40.8,84.9,0.734,high
266,Rourkela-Zone1,34,271.3,38.8,90.9,0.712,high
266,Rourkela-Zone1,35,261.5,36.1,95.7,0.571,high
266,Rourkela-Zone1,36,265.7,34.2,99.6,0.784,high
266,Rourkela-Zone1,37,245.6,34.5,96.6,0.748,high
266,Rourkela-Zone1,38,252.5,34.9,100.7,0.786,high
266,Rourkela-Zone1,39,202.9,31.1,174.0,1.0,high
266,Rourkela-Zone1,40,262.6,29.5,162.4,0.626,high
266,Rourkela-Zone1,41,179.5,28.6,172.4,0.997,high
266,Rourkela-Zone1,42,143.8,27.3,183.1,0.82,high
266,Rourkela-Zone1,43,129.1,29.7,188.0,0.664,high
266,Rourkela-Zone1,44,104.7,25.8,177.6,0.735,high
266,Rourkela-Zone1,45,34.6,25.1,195.7,0.883,medium
266,Rourkela-Zone1,46,27.1,26.8,203.0,0.646,medium
266,Rourkela-Zone1,47,19.4,24.2,203.7,0.721,medium
266,Rourkela-Zone1,48,4.4,22.9,196.4,0.831,medium
266,Rourkela-Zone1,49,16.7,23.5,195.4,0.854,medium
266,Rourkela-Zone1,50,18.1,22.1,190.4,0.891,medium
266,Rourkela-Zone1,51,19.9,26.5,201.4,0.821,medium
266,Rourkela-Zone1,52,0.0,16.7,201.0,0.62,medium
267,Bhubaneswar-Zone1,0,49.0,21.8,193.4,0.74,medium
267,Bhubaneswar-Zone1,1,77.8,23.1,182.0,0.648,high
267,Bhubaneswar-Zone1,2,27.0,23.8,197.1,0.666,medium
267,Bhubaneswar-Zone1,3,32.5,23.1,193.3,0.58,medium
267,Bhubaneswar-Zone1,4,67.9,25.4,131.0,0.955,high
267,Bhubaneswar-Zone1,5,37.2,24.4,116.6,0.852,medium
267,Bhubaneswar-Zone1,6,45.8,26.3,107.7,0.672,medium
267,Bhubaneswar-Zone1,7,109.5,27.1,101.0,0.606,high
267,Bhubaneswar-Zone1,8,26.4,27.9,123.0,0.641,medium
267,Bhubaneswar-Zone1,9,61.9,27.4,112.9,0.769,high
267,Bhubaneswar-Zone1,10,59.1,31.8,121.6,0.832,high
267,Bhubaneswar-Zone1,11,32.6,31.7,106.6,0.657,medium
267,Bhubaneswar-Zone1,12,48.3,31.4,115.1,0.664,medium
267,Bhubaneswar-Zone1,13,55.6,33.5,107.3,0.749,high
267,Bhubaneswar-Zone1,14,37.3,32.8,121.4,0.663,medium
267,Bhubaneswar-Zone1,15,24.6,36.4,111.0,0.702,medium
267,Bhubaneswar-Zone1,16,91.3,37.6,114.3,0.646,high
267,Bhubaneswar-Zone1,17,48.1,39.2,118.1,0.699,medium
267,Bhubaneswar-Zone1,18,42.5,39.3,118.9,0.705,medium
267,Bhubaneswar-Zone1,19,77.0,39.9,110.1,0.762,high
267,Bhubaneswar-Zone1,20,47.5,40.4,112.1,0.919,medium
267,Bhubaneswar-Zone1,21,40.6,40.8,113.6,0.721,medium
267,Bhubaneswar-Zone1,22,106.5,43.3,98.6,0.78,high
267,Bhubaneswar-Zone1,23,108.8,39.8,95.1,0.658,high
267,Bhubaneswar-Zone1,24,131.7,42.3,109.6,0.702,high
267,Bhubaneswar-Zone1,25,172.0,44.7,95.6,0.733,high
267,Bhubaneswar-Zone1,26,233.2,43.0,91.6,0.544,high
267,Bhubaneswar-Zone1,27,239.5,39.7,100.0,0.903,high
267,Bhubaneswar-Zone1,28,277.5,41.6,82.4,0.825,high
267,Bhubaneswar-Zone1,29,266.7,44.0,80.0,0.844,high
267,Bhubaneswar-Zone1,30,288.9,41.6,86.7,0.713,high
267,Bhubaneswar-Zone1,31,315.4,37.7,94.3,0.864,high
267,Bhubaneswar-Zone1,32,347.5,38.7,80.1,0.704,high
267,Bhubaneswar-Zone1,33,310.4,40.2,84.4,0.919,high
267,Bhubaneswar-Zone1,34,360.4,35.9,81.1,0.71,high
267,Bhubaneswar-Zone1,35,379.1,39.7,78.3,0.705,high
267,Bhubaneswar-Zone1,36,336.6,37.5,77.7,0.649,high
267,Bhubaneswar-Zone1,37,342.3,34.8,76.1,0.756,high
267,Bhubaneswar-Zone1,38,316.9,32.3,111.4,0.787,high
267,Bhubaneswar-Zone1,39,305.7,31.8,166.1,0.674,high
267,Bhubaneswar-Zone1,40,248.4,30.8,169.3,0.749,high
267,Bhubaneswar-Zone1,41,221.0,28.0,179.9,0.743,high
267,Bhubaneswar-Zone1,42,190.3,28.7,179.9,0.845,high
267,Bhubaneswar-Zone1,43,201.3,28.2,167.6,0.797,high
267,Bhubaneswar-Zone1,44,162.7,26.5,180.9,0.67,high
267,Bhubaneswar-Zone1,45,104.4,24.5,193.9,0.651,high
267,Bhubaneswar-Zone1,46,101.0,27.6,195.9,0.788,high
267,Bhubaneswar-Zone1,47,24.5,25.1,193.1,0.681,medium
267,Bhubaneswar-Zone1,48,43.1,26.0,193.1,0.807,medium
267,Bhubaneswar-Zone1,49,36.6,22.9,204.1,0.917,low
267,Bhubaneswar-Zone1,50,40.1,21.7,205.1,0.832,medium
267,Bhubaneswar-Zone1,51,59.8,22.2,197.9,0.676,high
267,Bhubaneswar-Zone1,52,22.7,20.0,193.0,0.603,medium
268,Puri-Zone1,0,125.9,22.3,186.0,0.609,high
268,Puri-Zone1,1,116.2,22.7,185.0,0.868,high
268,Puri-Zone1,2,77.3,23.1,189.1,0.699,high
268,Puri-Zone1,3,144.2,24.7,182.0,0.799,high
268,Puri-Zone1,4,104.0,23.6,137.7,0.806,high
268,Puri-Zone1,5,75.6,24.8,105.9,0.61,high
268,Puri-Zone1,6,77.2,25.1,109.7,0.62,high
268,Puri-Zone1,7,81.9,25.9,100.3,0.806,high
268,Puri-Zone1,8,105.0,27.3,110.9,0.793,high
268,Puri-Zone1,9,117.3,26.6,105.0,0.726,high
268,Puri-Zone1,10,105.1,29.5,106.1,0.685,high
268,Puri-Zone1,11,92.2,31.1,109.7,0.779,high
268,Puri-Zone1,12,104.3,33.4,109.0,0.404,high
268,Puri-Zone1,13,69.9,32.5,108.0,0.779,high
268,Puri-Zone1,14,132.9,34.1,110.4,0.612,high
268,Puri-Zone1,15,100.4,36.5,110.0,0.527,high
268,Puri-Zone1,16,72.5,36.9,111.0,0.66,high
268,Puri-Zone1,17,94.5,37.0,95.1,0.668,high
268,Puri-Zone1,18,118.3,37.5,115.7,0.577,high
268,Puri-Zone1,19,114.9,40.1,103.0,0.666,high
268,Puri-Zone1,20,113.4,42.0,109.1,0.599,high
268,Puri-Zone1,21,66.8,41.2,111.9,0.699,high
268,Puri-Zone1,22,168.6,42.4,94.4,0.504,high
268,Puri-Zone1,23,169.2,41.7,96.7,0.72,high
268,Puri-Zone1,24,223.9,41.5,88.4,0.613,high
268,Puri-Zone1,25,238.0,42.9,88.3,0.728,high
268,Puri-Zone1,26,282.3,43.3,92.1,0.588,high
268,Puri-Zone1,27,270.7,41.6,90.7,0.806,high
268,Puri-Zone1,28,286.8,41.9,83.1,0.779,high
268,Puri-Zone1,29,340.7,40.4,88.9,0.51,high
268,Puri-Zone1,30,335.2,42.2,81.0,0.736,high
268,Puri-Zone1,31,385.5,40.3,84.7,0.71,high
268,Puri-Zone1,32,385.3,40.4,81.3,0.7,high
268,Puri-Zone1,33,344.1,40.2,81.4,0.585,high
268,Puri-Zone1,34,373.5,39.4,77.7,0.577,high
268,Puri-Zone1,35,389.2,37.7,64.0,0.595,high
268,Puri-Zone1,36,358.5,35.0,76.6,0.526,high
268,Puri-Zone1,37,354.0,35.9,92.4,0.619,high
268,Puri-Zone1,38,315.8,36.3,103.7,0.81,high
268,Puri-Zone1,39,351.5,35.2,150.6,0.701,high
268,Puri-Zone1,40,291.4,33.1,171.6,0.607,high
268,Puri-Zone1,41,285.5,31.7,169.0,0.669,high
268,Puri-Zone1,42,247.4,27.8,169.7,0.722,high
268,Puri-Zone1,43,246.9,27.8,159.6,0.661,high
268,Puri-Zone1,44,197.4,26.4,181.7,0.647,high
268,Puri-Zone1,45,159.8,23.8,182.3,0.529,high
268,Puri-Zone1,46,101.3,24.8,181.4,0.649,high
268,Puri-Zone1,47,113.6,24.7,191.0,0.675,high
268,Puri-Zone1,48,105.8,24.6,174.6,0.647,high
268,Puri-Zone1,49,69.5,24.6,191.0,0.663,high
268,Puri-Zone1,50,75.1,24.2,196.6,0.647,high
268,Puri-Zone1,51,109.4,21.1,192.7,0.623,high
268,Puri-Zone1,52,13.9,21.5,190.0,0.497,medium
269,Rourkela-Zone1,0,12.7,20.9,190.6,0.422,medium
269,Rourkela-Zone1,1,24.9,24.0,193.9,0.591,medium
269,Rourkela-Zone1,2,6.9,24.0,196.0,0.803,medium
269,Rourkela-Zone1,3,44.1,25.1,186.7,0.596,medium
269,Rourkela-Zone1,4,25.7,23.1,141.1,0.604,medium
269,Rourkela-Zone1,5,45.3,27.0,116.6,0.469,medium
269,Rourkela-Zone1,6,0.0,24.7,122.1,0.668,low
269,Rourkela-Zone1,7,13.6,28.2,101.6,0.595,low
269,Rourkela-Zone1,8,7.1,26.4,113.0,0.755,low
269,Rourkela-Zone1,9,42.5,29.2,118.1,0.61,medium
269,Rourkela-Zone1,10,4.4,32.2,114.0,0.76,low
269,Rourkela-Zone1,11,21.1,29.6,108.3,0.954,medium
269,Rourkela-Zone1,12,12.7,32.3,114.6,0.602,low
269,Rourkela-Zone1,13,30.3,35.3,104.7,0.555,high
269,Rourkela-Zone1,14,11.6,36.0,119.1,0.755,low
269,Rourkela-Zone1,15,0.0,34.6,119.1,0.618,low
269,Rourkela-Zone1,16,8.5,36.6,116.0,0.646,low
269,Rourkela-Zone1,17,2.9,37.9,125.0,0.496,low
269,Rourkela-Zone1,18,19.5,39.1,114.0,0.618,medium
269,Rourkela-Zone1,19,16.4,41.1,111.6,0.619,medium
269,Rourkela-Zone1,20,59.8,40.2,117.1,0.651,high
269,Rourkela-Zone1,21,36.3,41.2,110.7,0.711,medium
269,Rourkela-Zone1,22,21.3,42.3,109.7,0.503,medium
269,Rourkela-Zone1,23,88.1,42.9,109.4,0.645,high
269,Rourkela-Zone1,24,118.1,43.9,107.7,0.723,high
269,Rourkela-Zone1,25,149.8,44.2,108.3,0.523,high
269,Rourkela-Zone1,26,149.3,42.9,99.3,0.664,high
269,Rourkela-Zone1,27,175.4,44.7,100.0,0.491,high
269,Rourkela-Zone1,28,191.7,40.9,96.9,0.617,high
269,Rourkela-Zone1,29,211.7,41.6,103.4,0.776,high
269,Rourkela-Zone1,30,223.5,41.2,94.6,0.81,high
269,Rourkela-Zone1,31,270.0,41.9,88.4,0.581,high
269,Rourkela-Zone1,32,262.3,41.3,93.0,0.657,high
269,Rourkela-Zone1,33,289.2,40.8,84.9,0.571,high
269,Rourkela-Zone1,34,271.3,38.8,90.9,0.541,high
269,Rourkela-Zone1,35,261.5,36.1,95.7,0.47,high
269,Rourkela-Zone1,36,265.7,34.2,99.6,0.755,high
269,Rourkela-Zone1,37,245.6,34.5,96.6,0.541,high
269,Rourkela-Zone1,38,252.5,34.9,100.7,0.585,high
269,Rourkela-Zone1,39,202.9,31.1,174.0,0.641,high
269,Rourkela-Zone1,40,262.6,29.5,162.4,0.568,high
269,Rourkela-Zone1,41,179.5,28.6,172.4,0.66,high
269,Rourkela-Zone1,42,143.8,27.3,183.1,0.757,high
269,Rourkela-Zone1,43,129.1,29.7,188.0,0.49,high
269,Rourkela-Zone1,44,104.7,25.8,177.6,0.632,high
269,Rourkela-Zone1,45,34.6,25.1,195.7,0.664,medium
269,Rourkela-Zone1,46,27.1,26.8,203.0,0.573,medium
269,Rourkela-Zone1,47,19.4,24.2,203.7,0.6,medium
269,Rourkela-Zone1,48,4.4,22.9,196.4,0.578,medium
269,Rourkela-Zone1,49,16.7,23.5,195.4,0.626,medium
269,Rourkela-Zone1,50,18.1,22.1,190.4,0.593,medium
269,Rourkela-Zone1,51,19.9,26.5,201.4,0.654,medium
269,Rourkela-Zone1,52,0.0,16.7,201.0,0.547,medium
270,Cuttack-Zone1,0,20.0,23.7,196.3,0.477,medium
270,Cuttack-Zone1,1,53.9,23.0,203.3,0.372,high
270,Cuttack-Zone1,2,39.0,22.9,200.9,0.555,medium
270,Cuttack-Zone1,3,52.1,24.6,189.0,0.605,high
270,Cuttack-Zone1,4,42.3,25.4,151.7,0.395,medium
270,Cuttack-Zone1,5,29.4,25.2,116.0,0.747,medium
270,Cuttack-Zone1,6,33.7,25.9,117.0,0.65,medium
270,Cuttack-Zone1,7,32.3,27.7,117.3,0.483,medium
270,Cuttack-Zone1,8,26.4,27.3,120.7,0.39,medium
270,Cuttack-Zone1,9,18.2,26.7,110.9,0.523,low
270,Cuttack-Zone1,10,12.5,29.6,110.7,0.572,low
270,Cuttack-Zone1,11,14.1,32.2,118.6,0.542,low
270,Cuttack-Zone1,12,53.2,30.8,110.4,0.555,high
270,Cuttack-Zone1,13,45.8,31.3,105.1,0.544,medium
270,Cuttack-Zone1,14,12.8,35.2,118.6,0.411,low
270,Cuttack-Zone1,15,68.1,36.8,115.9,0.524,high
270,Cuttack-Zone1,16,12.1,37.5,111.4,0.56,low
270,Cuttack-Zone1,17,63.9,38.5,104.0,0.432,high
270,Cuttack-Zone1,18,62.2,40.9,113.7,0.407,high
270,Cuttack-Zone1,19,33.3,38.5,111.6,0.314,medium
270,Cuttack-Zone1,20,26.4,39.6,116.0,0.378,medium
270,Cuttack-Zone1,21,31.7,41.9,114.3,0.474,medium
270,Cuttack-Zone1,22,62.7,39.8,117.4,0.542,high
270,Cuttack-Zone1,23,79.2,41.7,106.4,0.539,high
270,Cuttack-Zone1,24,159.5,42.0,102.3,0.351,high
270,Cuttack-Zone1,25,246.6,43.2,96.1,0.367,high
270,Cuttack-Zone1,26,198.7,41.4,97.4,0.654,high
270,Cuttack-Zone1,27,282.6,43.4,82.7,0.411,high
270,Cuttack-Zone1,28,235.4,40.8,94.9,0.536,high
270,Cuttack-Zone1,29,238.0,42.0,95.3,0.532,high
270,Cuttack-Zone1,30,288.1,42.8,83.0,0.239,high
270,Cuttack-Zone1,31,263.5,38.7,89.7,0.314,high
270,Cuttack-Zone1,32,334.1,40.7,72.4,0.498,high
270,Cuttack-Zone1,33,337.1,38.6,73.7,0.486,high
270,Cuttack-Zone1,34,302.3,38.0,94.7,0.525,high
270,Cuttack-Zone1,35,285.6,36.6,81.6,0.359,high
270,Cuttack-Zone1,36,313.4,35.3,77.0,0.368,high
270,Cuttack-Zone1,37,325.5,35.0,78.6,0.4,high
270,Cuttack-Zone1,38,264.2,34.8,115.7,0.314,high
270,Cuttack-Zone1,39,271.7,31.9,178.6,0.435,high
270,Cuttack-Zone1,40,247.0,29.6,171.7,0.329,high
270,Cuttack-Zone1,41,190.4,30.8,175.7,0.374,high
270,Cuttack-Zone1,42,184.7,28.1,171.0,0.503,high
270,Cuttack-Zone1,43,185.3,26.9,174.4,0.456,high
270,Cuttack-Zone1,44,119.5,26.5,181.4,0.463,high
270,Cuttack-Zone1,45,144.4,25.5,180.1,0.408,high
270,Cuttack-Zone1,46,76.7,24.8,191.4,0.564,high
270,Cuttack-Zone1,47,22.2,23.5,199.6,0.416,medium
270,Cuttack-Zone1,48,49.5,23.0,193.1,0.686,medium
270,Cuttack-Zone1,49,56.2,22.8,188.0,0.35,high
270,Cuttack-Zone1,50,55.0,22.8,190.0,0.331,high
270,Cuttack-Zone1,51,44.3,24.1,197.1,0.428,medium
270,Cuttack-Zone1,52,0.9,17.3,221.0,0.472,medium
271,Bhubaneswar-Zone1,0,49.0,21.8,193.4,0.604,medium
271,Bhubaneswar-Zone1,1,77.8,23.1,182.0,0.636,high
271,Bhubaneswar-Zone1,2,27.0,23.8,197.1,0.748,medium
271,Bhubaneswar-Zone1,3,32.5,23.1,193.3,0.747,medium
271,Bhubaneswar-Zone1,4,67.9,25.4,131.0,0.702,high
271,Bhubaneswar-Zone1,5,37.2,24.4,116.6,0.727,medium
271,Bhubaneswar-Zone1,6,45.8,26.3,107.7,0.638,medium
271,Bhubaneswar-Zone1,7,109.5,27.1,101.0,0.593,high
271,Bhubaneswar-Zone1,8,26.4,27.9,123.0,0.712,medium
271,Bhubaneswar-Zone1,9,61.9,27.4,112.9,0.664,high
271,Bhubaneswar-Zone1,10,59.1,31.8,121.6,0.893,high
271,Bhubaneswar-Zone1,11,32.6,31.7,106.6,0.708,low
271,Bhubaneswar-Zone1,12,48.3,31.4,115.1,0.545,medium
271,Bhubaneswar-Zone1,13,55.6,33.5,107.3,0.588,high
271,Bhubaneswar-Zone1,14,37.3,32.8,121.4,0.648,medium
271,Bhubaneswar-Zone1,15,24.6,36.4,111.0,0.615,medium
271,Bhubaneswar-Zone1,16,91.3,37.6,114.3,0.767,low
271,Bhubaneswar-Zone1,17,48.1,39.2,118.1,0.812,medium
271,Bhubaneswar-Zone1,18,42.5,39.3,118.9,0.644,medium
271,Bhubaneswar-Zone1,19,77.0,39.9,110.1,0.599,high
271,Bhubaneswar-Zone1,20,47.5,40.4,112.1,0.794,medium
271,Bhubaneswar-Zone1,21,40.6,40.8,113.6,0.673,medium
271,Bhubaneswar-Zone1,22,106.5,43.3,98.6,0.939,high
271,Bhubaneswar-Zone1,23,108.8,39.8,95.1,0.644,low
271,Bhubaneswar-Zone1,24,131.7,42.3,109.6,0.735,high
271,Bhubaneswar-Zone1,25,172.0,44.7,95.6,0.741,low
271,Bhubaneswar-Zone1,26,233.2,43.0,91.6,0.611,high
271,Bhubaneswar-Zone1,27,239.5,39.7,100.0,0.672,high
271,Bhubaneswar-Zone1,28,277.5,41.6,82.4,0.748,high
271,Bhubaneswar-Zone1,29,266.7,44.0,80.0,0.863,medium
271,Bhubaneswar-Zone1,30,288.9,41.6,86.7,0.887,high
271,Bhubaneswar-Zone1,31,315.4,37.7,94.3,0.489,high
271,Bhubaneswar-Zone1,32,347.5,38.7,80.1,0.699,high
271,Bhubaneswar-Zone1,33,310.4,40.2,84.4,0.648,high
271,Bhubaneswar-Zone1,34,360.4,35.9,81.1,0.759,high
271,Bhubaneswar-Zone1,35,379.1,39.7,78.3,0.693,high
271,Bhubaneswar-Zone1,36,336.6,37.5,77.7,0.564,high
271,Bhubaneswar-Zone1,37,342.3,34.8,76.1,0.602,high
271,Bhubaneswar-Zone1,38,316.9,32.3,111.4,0.655,high
271,Bhubaneswar-Zone1,39,305.7,31.8,166.1,0.856,high
271,Bhubaneswar-Zone1,40,248.4,30.8,169.3,0.59,high
271,Bhubaneswar-Zone1,41,221.0,28.0,179.9,0.792,high
271,Bhubaneswar-Zone1,42,190.3,28.7,179.9,0.677,high
271,Bhubaneswar-Zone1,43,201.3,28.2,167.6,0.62,high
271,Bhubaneswar-Zone1,44,162.7,26.5,180.9,0.617,high
271,Bhubaneswar-Zone1,45,104.4,24.5,193.9,0.556,low
271,Bhubaneswar-Zone1,46,101.0,27.6,195.9,0.847,high
271,Bhubaneswar-Zone1,47,24.5,25.1,193.1,0.764,medium
271,Bhubaneswar-Zone1,48,43.1,26.0,193.1,0.858,medium
271,Bhubaneswar-Zone1,49,36.6,22.9,204.1,0.723,medium
271,Bhubaneswar-Zone1,50,40.1,21.7,205.1,0.719,medium
271,Bhubaneswar-Zone1,51,59.8,22.2,197.9,0.732,high
271,Bhubaneswar-Zone1,52,22.7,20.0,193.0,0.668,medium
272,Bhubaneswar-Zone1,0,49.0,21.8,193.4,0.796,medium
272,Bhubaneswar-Zone1,1,77.8,23.1,182.0,0.813,high
272,Bhubaneswar-Zone1,2,27.0,23.8,197.1,0.842,medium
272,Bhubaneswar-Zone1,3,32.5,23.1,193.3,0.82,medium
272,Bhubaneswar-Zone1,4,67.9,25.4,131.0,0.823,high
272,Bhubaneswar-Zone1,5,37.2,24.4,116.6,0.728,medium
272,Bhubaneswar-Zone1,6,45.8,26.3,107.7,1.0,medium
272,Bhubaneswar-Zone1,7,109.5,27.1,101.0,0.815,high
272,Bhubaneswar-Zone1,8,26.4,27.9,123.0,0.772,medium
272,Bhubaneswar-Zone1,9,61.9,27.4,112.9,0.886,high
272,Bhubaneswar-Zone1,10,59.1,31.8,121.6,0.737,high
272,Bhubaneswar-Zone1,11,32.6,31.7,106.6,0.617,medium
272,Bhubaneswar-Zone1,12,48.3,31.4,115.1,0.695,medium
272,Bhubaneswar-Zone1,13,55.6,33.5,107.3,0.656,high
272,Bhubaneswar-Zone1,14,37.3,32.8,121.4,0.799,medium
272,Bhubaneswar-Zone1,15,24.6,36.4,111.0,0.853,medium
272,Bhubaneswar-Zone1,16,91.3,37.6,114.3,0.644,high
272,Bhubaneswar-Zone1,17,48.1,39.2,118.1,0.828,medium
272,Bhubaneswar-Zone1,18,42.5,39.3,118.9,0.82,medium
272,Bhubaneswar-Zone1,19,77.0,39.9,110.1,0.927,high
272,Bhubaneswar-Zone1,20,47.5,40.4,112.1,0.873,medium
272,Bhubaneswar-Zone1,21,40.6,40.8,113.6,0.695,medium
272,Bhubaneswar-Zone1,22,106.5,43.3,98.6,0.729,high
272,Bhubaneswar-Zone1,23,108.8,39.8,95.1,0.737,high
272,Bhubaneswar-Zone1,24,131.7,42.3,109.6,0.909,high
272,Bhubaneswar-Zone1,25,172.0,44.7,95.6,0.935,high
272,Bhubaneswar-Zone1,26,233.2,43.0,91.6,0.816,low
272,Bhubaneswar-Zone1,27,239.5,39.7,100.0,0.626,high
272,Bhubaneswar-Zone1,28,277.5,41.6,82.4,0.765,high
272,Bhubaneswar-Zone1,29,266.7,44.0,80.0,0.848,high
272,Bhubaneswar-Zone1,30,288.9,41.6,86.7,0.717,high
272,Bhubaneswar-Zone1,31,315.4,37.7,94.3,0.737,high
272,Bhubaneswar-Zone1,32,347.5,38.7,80.1,0.879,high
272,Bhubaneswar-Zone1,33,310.4,40.2,84.4,0.826,low
272,Bhubaneswar-Zone1,34,360.4,35.9,81.1,0.78,high
272,Bhubaneswar-Zone1,35,379.1,39.7,78.3,0.844,high
272,Bhubaneswar-Zone1,36,336.6,37.5,77.7,0.777,high
272,Bhubaneswar-Zone1,37,342.3,34.8,76.1,0.905,high
272,Bhubaneswar-Zone1,38,316.9,32.3,111.4,0.811,high
272,Bhubaneswar-Zone1,39,305.7,31.8,166.1,0.985,high
272,Bhubaneswar-Zone1,40,248.4,30.8,169.3,0.718,high
272,Bhubaneswar-Zone1,41,221.0,28.0,179.9,0.787,high
272,Bhubaneswar-Zone1,42,190.3,28.7,179.9,0.783,high
272,Bhubaneswar-Zone1,43,201.3,28.2,167.6,0.825,high
272,Bhubaneswar-Zone1,44,162.7,26.5,180.9,1.0,high
272,Bhubaneswar-Zone1,45,104.4,24.5,193.9,0.77,high
272,Bhubaneswar-Zone1,46,101.0,27.6,195.9,0.723,high
272,Bhubaneswar-Zone1,47,24.5,25.1,193.1,0.681,medium
272,Bhubaneswar-Zone1,48,43.1,26.0,193.1,0.639,medium
272,Bhubaneswar-Zone1,49,36.6,22.9,204.1,0.6,medium
272,Bhubaneswar-Zone1,50,40.1,21.7,205.1,0.647,medium
272,Bhubaneswar-Zone1,51,59.8,22.2,197.9,0.826,high
272,Bhubaneswar-Zone1,52,22.7,20.0,193.0,0.779,medium
273,Rourkela-Zone1,0,12.7,20.9,190.6,0.887,medium
273,Rourkela-Zone1,1,24.9,24.0,193.9,0.78,medium
273,Rourkela-Zone1,2,6.9,24.0,196.0,0.851,medium
273,Rourkela-Zone1,3,44.1,25.1,186.7,0.994,medium
273,Rourkela-Zone1,4,25.7,23.1,141.1,1.0,medium
273,Rourkela-Zone1,5,45.3,27.0,116.6,0.892,low
273,Rourkela-Zone1,6,0.0,24.7,122.1,0.714,low
273,Rourkela-Zone1,7,13.6,28.2,101.6,0.731,low
273,Rourkela-Zone1,8,7.1,26.4,113.0,0.963,low
273,Rourkela-Zone1,9,42.5,29.2,118.1,0.717,medium
273,Rourkela-Zone1,10,4.4,32.2,114.0,0.959,low
273,Rourkela-Zone1,11,21.1,29.6,108.3,0.86,medium
273,Rourkela-Zone1,12,12.7,32.3,114.6,0.752,low
273,Rourkela-Zone1,13,30.3,35.3,104.7,0.708,medium
273,Rourkela-Zone1,14,11.6,36.0,119.1,0.711,low
273,Rourkela-Zone1,15,0.0,34.6,119.1,0.842,low
273,Rourkela-Zone1,16,8.5,36.6,116.0,0.872,low
273,Rourkela-Zone1,17,2.9,37.9,125.0,0.72,low
273,Rourkela-Zone1,18,19.5,39.1,114.0,0.948,medium
273,Rourkela-Zone1,19,16.4,41.1,111.6,1.0,medium
273,Rourkela-Zone1,20,59.8,40.2,117.1,0.921,high
273,Rourkela-Zone1,21,36.3,41.2,110.7,0.876,medium
273,Rourkela-Zone1,22,21.3,42.3,109.7,0.787,medium
273,Rourkela-Zone1,23,88.1,42.9,109.4,0.853,high
273,Rourkela-Zone1,24,118.1,43.9,107.7,0.695,high
273,Rourkela-Zone1,25,149.8,44.2,108.3,0.916,high
273,Rourkela-Zone1,26,149.3,42.9,99.3,0.73,high
273,Rourkela-Zone1,27,175.4,44.7,100.0,0.968,high
273,Rourkela-Zone1,28,191.7,40.9,96.9,0.924,high
273,Rourkela-Zone1,29,211.7,41.6,103.4,0.841,high
273,Rourkela-Zone1,30,223.5,41.2,94.6,0.898,high
273,Rourkela-Zone1,31,270.0,41.9,88.4,0.939,high
273,Rourkela-Zone1,32,262.3,41.3,93.0,0.857,high
273,Rourkela-Zone1,33,289.2,40.8,84.9,0.835,high
273,Rourkela-Zone1,34,271.3,38.8,90.9,0.858,high
273,Rourkela-Zone1,35,261.5,36.1,95.7,0.809,high
273,Rourkela-Zone1,36,265.7,34.2,99.6,0.998,high
273,Rourkela-Zone1,37,245.6,34.5,96.6,0.921,high
273,Rourkela-Zone1,38,252.5,34.9,100.7,0.882,high
273,Rourkela-Zone1,39,202.9,31.1,174.0,0.743,high
273,Rourkela-Zone1,40,262.6,29.5,162.4,0.977,high
273,Rourkela-Zone1,41,179.5,28.6,172.4,0.786,high
273,Rourkela-Zone1,42,143.8,27.3,183.1,0.924,high
273,Rourkela-Zone1,43,129.1,29.7,188.0,0.785,high
273,Rourkela-Zone1,44,104.7,25.8,177.6,0.817,high
273,Rourkela-Zone1,45,34.6,25.1,195.7,0.897,medium
273,Rourkela-Zone1,46,27.1,26.8,203.0,0.922,high
273,Rourkela-Zone1,47,19.4,24.2,203.7,0.864,medium
273,Rourkela-Zone1,48,4.4,22.9,196.4,0.99,medium
273,Rourkela-Zone1,49,16.7,23.5,195.4,0.895,medium
273,Rourkela-Zone1,50,18.1,22.1,190.4,0.942,medium
273,Rourkela-Zone1,51,19.9,26.5,201.4,0.735,medium
273,Rourkela-Zone1,52,0.0,16.7,201.0,0.813,medium
274,Cuttack-Zone1,0,20.0,23.7,196.3,0.47,medium
274,Cuttack-Zone1,1,53.9,23.0,203.3,0.452,high
274,Cuttack-Zone1,2,39.0,22.9,200.9,0.415,medium
274,Cuttack-Zone1,3,52.1,24.6,189.0,0.505,high
274,Cuttack-Zone1,4,42.3,25.4,151.7,0.692,medium
274,Cuttack-Zone1,5,29.4,25.2,116.0,0.451,medium
274,Cuttack-Zone1,6,33.7,25.9,117.0,0.388,medium
274,Cuttack-Zone1,7,32.3,27.7,117.3,0.396,medium
274,Cuttack-Zone1,8,26.4,27.3,120.7,0.416,medium
274,Cuttack-Zone1,9,18.2,26.7,110.9,0.483,low
274,Cuttack-Zone1,10,12.5,29.6,110.7,0.42,low
274,Cuttack-Zone1,11,14.1,32.2,118.6,0.206,medium
274,Cuttack-Zone1,12,53.2,30.8,110.4,0.368,high
274,Cuttack-Zone1,13,45.8,31.3,105.1,0.399,medium
274,Cuttack-Zone1,14,12.8,35.2,118.6,0.302,medium
274,Cuttack-Zone1,15,68.1,36.8,115.9,0.518,high
274,Cuttack-Zone1,16,12.1,37.5,111.4,0.657,low
274,Cuttack-Zone1,17,63.9,38.5,104.0,0.553,high
274,Cuttack-Zone1,18,62.2,40.9,113.7,0.609,high
274,Cuttack-Zone1,19,33.3,38.5,111.6,0.577,medium
274,Cuttack-Zone1,20,26.4,39.6,116.0,0.361,medium
274,Cuttack-Zone1,21,31.7,41.9,114.3,0.605,high
274,Cuttack-Zone1,22,62.7,39.8,117.4,0.439,high
274,Cuttack-Zone1,23,79.2,41.7,106.4,0.562,high
274,Cuttack-Zone1,24,159.5,42.0,102.3,0.623,high
274,Cuttack-Zone1,25,246.6,43.2,96.1,0.488,high
274,Cuttack-Zone1,26,198.7,41.4,97.4,0.376,high
274,Cuttack-Zone1,27,282.6,43.4,82.7,0.661,high
274,Cuttack-Zone1,28,235.4,40.8,94.9,0.4,high
274,Cuttack-Zone1,29,238.0,42.0,95.3,0.492,high
274,Cuttack-Zone1,30,288.1,42.8,83.0,0.524,high
274,Cuttack-Zone1,31,263.5,38.7,89.7,0.387,high
274,Cuttack-Zone1,32,334.1,40.7,72.4,0.528,high
274,Cuttack-Zone1,33,337.1,38.6,73.7,0.339,high
274,Cuttack-Zone1,34,302.3,38.0,94.7,0.15,high
274,Cuttack-Zone1,35,285.6,36.6,81.6,0.322,high
274,Cuttack-Zone1,36,313.4,35.3,77.0,0.521,high
274,Cuttack-Zone1,37,325.5,35.0,78.6,0.549,high
274,Cuttack-Zone1,38,264.2,34.8,115.7,0.788,high
274,Cuttack-Zone1,39,271.7,31.9,178.6,0.525,high
274,Cuttack-Zone1,40,247.0,29.6,171.7,0.609,high
274,Cuttack-Zone1,41,190.4,30.8,175.7,0.402,high
274,Cuttack-Zone1,42,184.7,28.1,171.0,0.497,high
274,Cuttack-Zone1,43,185.3,26.9,174.4,0.407,high
274,Cuttack-Zone1,44,119.5,26.5,181.4,0.474,high
274,Cuttack-Zone1,45,144.4,25.5,180.1,0.509,high
274,Cuttack-Zone1,46,76.7,24.8,191.4,0.517,high
274,Cuttack-Zone1,47,22.2,23.5,199.6,0.297,medium
274,Cuttack-Zone1,48,49.5,23.0,193.1,0.411,medium
274,Cuttack-Zone1,49,56.2,22.8,188.0,0.473,high
274,Cuttack-Zone1,50,55.0,22.8,190.0,0.44,high
274,Cuttack-Zone1,51,44.3,24.1,197.1,0.524,medium
274,Cuttack-Zone1,52,0.9,17.3,221.0,0.333,medium
275,Cuttack-Zone1,0,20.0,23.7,196.3,0.434,high
275,Cuttack-Zone1,1,53.9,23.0,203.3,0.203,high
275,Cuttack-Zone1,2,39.0,22.9,200.9,0.41,low
275,Cuttack-Zone1,3,52.1,24.6,189.0,0.551,high
275,Cuttack-Zone1,4,42.3,25.4,151.7,0.471,medium
275,Cuttack-Zone1,5,29.4,25.2,116.0,0.458,medium
275,Cuttack-Zone1,6,33.7,25.9,117.0,0.385,medium
275,Cuttack-Zone1,7,32.3,27.7,117.3,0.236,medium
275,Cuttack-Zone1,8,26.4,27.3,120.7,0.176,medium
275,Cuttack-Zone1,9,18.2,26.7,110.9,0.543,low
275,Cuttack-Zone1,10,12.5,29.6,110.7,0.424,low
275,Cuttack-Zone1,11,14.1,32.2,118.6,0.211,medium
275,Cuttack-Zone1,12,53.2,30.8,110.4,0.34,high
275,Cuttack-Zone1,13,45.8,31.3,105.1,0.307,medium
275,Cuttack-Zone1,14,12.8,35.2,118.6,0.256,medium
275,Cuttack-Zone1,15,68.1,36.8,115.9,0.302,high
275,Cuttack-Zone1,16,12.1,37.5,111.4,0.321,medium
275,Cuttack-Zone1,17,63.9,38.5,104.0,0.206,high
275,Cuttack-Zone1,18,62.2,40.9,113.7,0.218,high
275,Cuttack-Zone1,19,33.3,38.5,111.6,0.356,medium
275,Cuttack-Zone1,20,26.4,39.6,116.0,0.419,medium
275,Cuttack-Zone1,21,31.7,41.9,114.3,0.602,medium
275,Cuttack-Zone1,22,62.7,39.8,117.4,0.499,high
275,Cuttack-Zone1,23,79.2,41.7,106.4,0.352,high
275,Cuttack-Zone1,24,159.5,42.0,102.3,0.376,high
275,Cuttack-Zone1,25,246.6,43.2,96.1,0.429,high
275,Cuttack-Zone1,26,198.7,41.4,97.4,0.359,high
275,Cuttack-Zone1,27,282.6,43.4,82.7,0.381,high
275,Cuttack-Zone1,28,235.4,40.8,94.9,0.302,high
275,Cuttack-Zone1,29,238.0,42.0,95.3,0.372,high
275,Cuttack-Zone1,30,288.1,42.8,83.0,0.385,high
275,Cuttack-Zone1,31,263.5,38.7,89.7,0.259,high
275,Cuttack-Zone1,32,334.1,40.7,72.4,0.426,high
275,Cuttack-Zone1,33,337.1,38.6,73.7,0.431,high
275,Cuttack-Zone1,34,302.3,38.0,94.7,0.435,high
275,Cuttack-Zone1,35,285.6,36.6,81.6,0.304,high
275,Cuttack-Zone1,36,313.4,35.3,77.0,0.523,high
275,Cuttack-Zone1,37,325.5,35.0,78.6,0.341,high
275,Cuttack-Zone1,38,264.2,34.8,115.7,0.266,high
275,Cuttack-Zone1,39,271.7,31.9,178.6,0.515,high
275,Cuttack-Zone1,40,247.0,29.6,171.7,0.283,high
275,Cuttack-Zone1,41,190.4,30.8,175.7,0.403,high
275,Cuttack-Zone1,42,184.7,28.1,171.0,0.317,high
275,Cuttack-Zone1,43,185.3,26.9,174.4,0.23,high
275,Cuttack-Zone1,44,119.5,26.5,181.4,0.28,high
275,Cuttack-Zone1,45,144.4,25.5,180.1,0.501,high
275,Cuttack-Zone1,46,76.7,24.8,191.4,0.377,high
275,Cuttack-Zone1,47,22.2,23.5,199.6,0.326,medium
275,Cuttack-Zone1,48,49.5,23.0,193.1,0.347,medium
275,Cuttack-Zone1,49,56.2,22.8,188.0,0.269,high
275,Cuttack-Zone1,50,55.0,22.8,190.0,0.295,medium
275,Cuttack-Zone1,51,44.3,24.1,197.1,0.468,medium
275,Cuttack-Zone1,52,0.9,17.3,221.0,0.234,medium
276,Puri-Zone1,0,125.9,22.3,186.0,0.246,high
276,Puri-Zone1,1,116.2,22.7,185.0,0.228,low
276,Puri-Zone1,2,77.3,23.1,189.1,0.284,high
276,Puri-Zone1,3,144.2,24.7,182.0,0.301,high
276,Puri-Zone1,4,104.0,23.6,137.7,0.342,high
276,Puri-Zone1,5,75.6,24.8,105.9,0.253,high
276,Puri-Zone1,6,77.2,25.1,109.7,0.188,high
276,Puri-Zone1,7,81.9,25.9,100.3,0.36,medium
276,Puri-Zone1,8,105.0,27.3,110.9,0.151,high
276,Puri-Zone1,9,117.3,26.6,105.0,0.362,high
276,Puri-Zone1,10,105.1,29.5,106.1,0.256,high
276,Puri-Zone1,11,92.2,31.1,109.7,0.237,high
276,Puri-Zone1,12,104.3,33.4,109.0,0.455,high
276,Puri-Zone1,13,69.9,32.5,108.0,0.262,high
276,Puri-Zone1,14,132.9,34.1,110.4,0.322,medium
276,Puri-Zone1,15,100.4,36.5,110.0,0.041,high
276,Puri-Zone1,16,72.5,36.9,111.0,0.154,high
276,Puri-Zone1,17,94.5,37.0,95.1,0.192,low
276,Puri-Zone1,18,118.3,37.5,115.7,0.274,high
276,Puri-Zone1,19,114.9,40.1,103.0,0.328,high
276,Puri-Zone1,20,113.4,42.0,109.1,0.12,high
276,Puri-Zone1,21,66.8,41.2,111.9,0.336,high
276,Puri-Zone1,22,168.6,42.4,94.4,0.372,low
276,Puri-Zone1,23,169.2,41.7,96.7,0.156,high
276,Puri-Zone1,24,223.9,41.5,88.4,0.35,high
276,Puri-Zone1,25,238.0,42.9,88.3,0.149,high
276,Puri-Zone1,26,282.3,43.3,92.1,0.41,high
276,Puri-Zone1,27,270.7,41.6,90.7,0.224,high
276,Puri-Zone1,28,286.8,41.9,83.1,0.183,high
276,Puri-Zone1,29,340.7,40.4,88.9,0.078,high
276,Puri-Zone1,30,335.2,42.2,81.0,0.091,high
276,Puri-Zone1,31,385.5,40.3,84.7,0.442,high
276,Puri-Zone1,32,385.3,40.4,81.3,0.28,high
276,Puri-Zone1,33,344.1,40.2,81.4,0.147,high
276,Puri-Zone1,34,373.5,39.4,77.7,0.249,high
276,Puri-Zone1,35,389.2,37.7,64.0,0.25,high
276,Puri-Zone1,36,358.5,35.0,76.6,0.368,high
276,Puri-Zone1,37,354.0,35.9,92.4,0.258,high
276,Puri-Zone1,38,315.8,36.3,103.7,0.311,high
276,Puri-Zone1,39,351.5,35.2,150.6,0.267,high
276,Puri-Zone1,40,291.4,33.1,171.6,0.29,high
276,Puri-Zone1,41,285.5,31.7,169.0,0.148,high
276,Puri-Zone1,42,247.4,27.8,169.7,0.266,high
276,Puri-Zone1,43,246.9,27.8,159.6,0.236,high
276,Puri-Zone1,44,197.4,26.4,181.7,0.463,high
276,Puri-Zone1,45,159.8,23.8,182.3,0.259,high
276,Puri-Zone1,46,101.3,24.8,181.4,0.256,high
276,Puri-Zone1,47,113.6,24.7,191.0,0.296,high
276,Puri-Zone1,48,105.8,24.6,174.6,0.15,high
276,Puri-Zone1,49,69.5,24.6,191.0,0.409,high
276,Puri-Zone1,50,75.1,24.2,196.6,0.234,high
276,Puri-Zone1,51,109.4,21.1,192.7,0.219,high
276,Puri-Zone1,52,13.9,21.5,190.0,0.246,medium
277,Cuttack-Zone1,0,20.0,23.7,196.3,0.859,medium
277,Cuttack-Zone1,1,53.9,23.0,203.3,0.873,high
277,Cuttack-Zone1,2,39.0,22.9,200.9,0.791,medium
277,Cuttack-Zone1,3,52.1,24.6,189.0,0.805,high
277,Cuttack-Zone1,4,42.3,25.4,151.7,1.0,medium
277,Cuttack-Zone1,5,29.4,25.2,116.0,0.903,high
277,Cuttack-Zone1,6,33.7,25.9,117.0,0.92,medium
277,Cuttack-Zone1,7,32.3,27.7,117.3,0.842,high
277,Cuttack-Zone1,8,26.4,27.3,120.7,1.0,medium
277,Cuttack-Zone1,9,18.2,26.7,110.9,0.704,low
277,Cuttack-Zone1,10,12.5,29.6,110.7,1.0,low
277,Cuttack-Zone1,11,14.1,32.2,118.6,1.0,low
277,Cuttack-Zone1,12,53.2,30.8,110.4,0.936,high
277,Cuttack-Zone1,13,45.8,31.3,105.1,0.85,high
277,Cuttack-Zone1,14,12.8,35.2,118.6,0.764,low
277,Cuttack-Zone1,15,68.1,36.8,115.9,0.914,high
277,Cuttack-Zone1,16,12.1,37.5,111.4,0.839,low
277,Cuttack-Zone1,17,63.9,38.5,104.0,1.0,high
277,Cuttack-Zone1,18,62.2,40.9,113.7,0.91,high
277,Cuttack-Zone1,19,33.3,38.5,111.6,0.871,medium
277,Cuttack-Zone1,20,26.4,39.6,116.0,1.0,medium
277,Cuttack-Zone1,21,31.7,41.9,114.3,0.903,medium
277,Cuttack-Zone1,22,62.7,39.8,117.4,0.964,high
277,Cuttack-Zone1,23,79.2,41.7,106.4,0.934,high
277,Cuttack-Zone1,24,159.5,42.0,102.3,0.878,high
277,Cuttack-Zone1,25,246.6,43.2,96.1,1.0,high
277,Cuttack-Zone1,26,198.7,41.4,97.4,1.0,high
277,Cuttack-Zone1,27,282.6,43.4,82.7,0.785,high
277,Cuttack-Zone1,28,235.4,40.8,94.9,0.858,high
277,Cuttack-Zone1,29,238.0,42.0,95.3,0.901,high
277,Cuttack-Zone1,30,288.1,42.8,83.0,0.952,high
277,Cuttack-Zone1,31,263.5,38.7,89.7,1.0,high
277,Cuttack-Zone1,32,334.1,40.7,72.4,0.882,high
277,Cuttack-Zone1,33,337.1,38.6,73.7,1.0,high
277,Cuttack-Zone1,34,302.3,38.0,94.7,0.962,high
277,Cuttack-Zone1,35,285.6,36.6,81.6,0.811,high
277,Cuttack-Zone1,36,313.4,35.3,77.0,0.9,high
277,Cuttack-Zone1,37,325.5,35.0,78.6,0.929,high
277,Cuttack-Zone1,38,264.2,34.8,115.7,0.823,medium
277,Cuttack-Zone1,39,271.7,31.9,178.6,0.882,high
277,Cuttack-Zone1,40,247.0,29.6,171.7,0.898,high
277,Cuttack-Zone1,41,190.4,30.8,175.7,0.783,high
277,Cuttack-Zone1,42,184.7,28.1,171.0,0.771,high
277,Cuttack-Zone1,43,185.3,26.9,174.4,1.0,high
277,Cuttack-Zone1,44,119.5,26.5,181.4,0.756,high
277,Cuttack-Zone1,45,144.4,25.5,180.1,1.0,high
277,Cuttack-Zone1,46,76.7,24.8,191.4,0.752,high
277,Cuttack-Zone1,47,22.2,23.5,199.6,0.787,medium
277,Cuttack-Zone1,48,49.5,23.0,193.1,0.945,medium
277,Cuttack-Zone1,49,56.2,22.8,188.0,0.944,high
277,Cuttack-Zone1,50,55.0,22.8,190.0,0.988,high
277,Cuttack-Zone1,51,44.3,24.1,197.1,0.82,medium
277,Cuttack-Zone1,52,0.9,17.3,221.0,1.0,medium
278,Cuttack-Zone1,0,20.0,23.7,196.3,0.628,medium
278,Cuttack-Zone1,1,53.9,23.0,203.3,0.614,high
278,Cuttack-Zone1,2,39.0,22.9,200.9,0.822,medium
278,Cuttack-Zone1,3,52.1,24.6,189.0,0.75,high
278,Cuttack-Zone1,4,42.3,25.4,151.7,0.771,medium
278,Cuttack-Zone1,5,29.4,25.2,116.0,0.791,medium
278,Cuttack-Zone1,6,33.7,25.9,117.0,0.698,medium
278,Cuttack-Zone1,7,32.3,27.7,117.3,0.78,medium
278,Cuttack-Zone1,8,26.4,27.3,120.7,0.677,medium
278,Cuttack-Zone1,9,18.2,26.7,110.9,0.753,low
278,Cuttack-Zone1,10,12.5,29.6,110.7,0.752,low
278,Cuttack-Zone1,11,14.1,32.2,118.6,0.828,low
278,Cuttack-Zone1,12,53.2,30.8,110.4,0.913,high
278,Cuttack-Zone1,13,45.8,31.3,105.1,0.833,medium
278,Cuttack-Zone1,14,12.8,35.2,118.6,0.909,low
278,Cuttack-Zone1,15,68.1,36.8,115.9,0.608,high
278,Cuttack-Zone1,16,12.1,37.5,111.4,0.914,low
278,Cuttack-Zone1,17,63.9,38.5,104.0,0.856,high
278,Cuttack-Zone1,18,62.2,40.9,113.7,0.751,high
278,Cuttack-Zone1,19,33.3,38.5,111.6,0.699,medium
278,Cuttack-Zone1,20,26.4,39.6,116.0,0.757,medium
278,Cuttack-Zone1,21,31.7,41.9,114.3,0.896,medium
278,Cuttack-Zone1,22,62.7,39.8,117.4,0.895,high
278,Cuttack-Zone1,23,79.2,41.7,106.4,0.856,high
278,Cuttack-Zone1,24,159.5,42.0,102.3,0.52,high
278,Cuttack-Zone1,25,246.6,43.2,96.1,0.982,high
278,Cuttack-Zone1,26,198.7,41.4,97.4,0.725,high
278,Cuttack-Zone1,27,282.6,43.4,82.7,0.812,high
278,Cuttack-Zone1,28,235.4,40.8,94.9,0.861,medium
278,Cuttack-Zone1,29,238.0,42.0,95.3,0.728,high
278,Cuttack-Zone1,30,288.1,42.8,83.0,0.782,high
278,Cuttack-Zone1,31,263.5,38.7,89.7,0.643,high
278,Cuttack-Zone1,32,334.1,40.7,72.4,0.978,high
278,Cuttack-Zone1,33,337.1,38.6,73.7,0.822,high
278,Cuttack-Zone1,34,302.3,38.0,94.7,0.824,high
278,Cuttack-Zone1,35,285.6,36.6,81.6,0.806,high
278,Cuttack-Zone1,36,313.4,35.3,77.0,0.878,high
278,Cuttack-Zone1,37,325.5,35.0,78.6,0.831,high
278,Cuttack-Zone1,38,264.2,34.8,115.7,0.877,high
278,Cuttack-Zone1,39,271.7,31.9,178.6,0.806,high
278,Cuttack-Zone1,40,247.0,29.6,171.7,0.828,high
278,Cuttack-Zone1,41,190.4,30.8,175.7,0.72,high
278,Cuttack-Zone1,42,184.7,28.1,171.0,0.875,high
278,Cuttack-Zone1,43,185.3,26.9,174.4,0.836,high
278,Cuttack-Zone1,44,119.5,26.5,181.4,0.877,high
278,Cuttack-Zone1,45,144.4,25.5,180.1,0.717,high
278,Cuttack-Zone1,46,76.7,24.8,191.4,0.795,high
278,Cuttack-Zone1,47,22.2,23.5,199.6,0.938,medium
278,Cuttack-Zone1,48,49.5,23.0,193.1,0.748,medium
278,Cuttack-Zone1,49,56.2,22.8,188.0,0.885,high
278,Cuttack-Zone1,50,55.0,22.8,190.0,0.842,high
278,Cuttack-Zone1,51,44.3,24.1,197.1,0.779,medium
278,Cuttack-Zone1,52,0.9,17.3,221.0,0.84,medium
279,Cuttack-Zone1,0,20.0,23.7,196.3,1.0,medium
279,Cuttack-Zone1,1,53.9,23.0,203.3,0.788,high
279,Cuttack-Zone1,2,39.0,22.9,200.9,0.913,medium
279,Cuttack-Zone1,3,52.1,24.6,189.0,0.974,high
279,Cuttack-Zone1,4,42.3,25.4,151.7,1.0,medium
279,Cuttack-Zone1,5,29.4,25.2,116.0,0.8,medium
279,Cuttack-Zone1,6,33.7,25.9,117.0,0.844,medium
279,Cuttack-Zone1,7,32.3,27.7,117.3,0.985,medium
279,Cuttack-Zone1,8,26.4,27.3,120.7,0.883,medium
279,Cuttack-Zone1,9,18.2,26.7,110.9,0.843,low
279,Cuttack-Zone1,10,12.5,29.6,110.7,1.0,low
279,Cuttack-Zone1,11,14.1,32.2,118.6,0.809,low
279,Cuttack-Zone1,12,53.2,30.8,110.4,0.909,high
279,Cuttack-Zone1,13,45.8,31.3,105.1,1.0,medium
279,Cuttack-Zone1,14,12.8,35.2,118.6,0.918,low
279,Cuttack-Zone1,15,68.1,36.8,115.9,0.882,high
279,Cuttack-Zone1,16,12.1,37.5,111.4,1.0,low
279,Cuttack-Zone1,17,63.9,38.5,104.0,0.923,high
279,Cuttack-Zone1,18,62.2,40.9,113.7,1.0,high
279,Cuttack-Zone1,19,33.3,38.5,111.6,1.0,medium
279,Cuttack-Zone1,20,26.4,39.6,116.0,0.877,medium
279,Cuttack-Zone1,21,31.7,41.9,114.3,1.0,medium
279,Cuttack-Zone1,22,62.7,39.8,117.4,0.878,high
279,Cuttack-Zone1,23,79.2,41.7,106.4,0.898,high
279,Cuttack-Zone1,24,159.5,42.0,102.3,0.907,high
279,Cuttack-Zone1,25,246.6,43.2,96.1,0.933,high
279,Cuttack-Zone1,26,198.7,41.4,97.4,1.0,high
279,Cuttack-Zone1,27,282.6,43.4,82.7,1.0,high
279,Cuttack-Zone1,28,235.4,40.8,94.9,0.91,high
279,Cuttack-Zone1,29,238.0,42.0,95.3,0.993,high
279,Cuttack-Zone1,30,288.1,42.8,83.0,0.921,high
279,Cuttack-Zone1,31,263.5,38.7,89.7,0.88,high
279,Cuttack-Zone1,32,334.1,40.7,72.4,0.938,high
279,Cuttack-Zone1,33,337.1,38.6,73.7,0.774,high
279,Cuttack-Zone1,34,302.3,38.0,94.7,0.819,high
279,Cuttack-Zone1,35,285.6,36.6,81.6,0.795,high
279,Cuttack-Zone1,36,313.4,35.3,77.0,0.932,high
279,Cuttack-Zone1,37,325.5,35.0,78.6,0.729,high
279,Cuttack-Zone1,38,264.2,34.8,115.7,0.785,high
279,Cuttack-Zone1,39,271.7,31.9,178.6,0.748,high
279,Cuttack-Zone1,40,247.0,29.6,171.7,0.912,high
279,Cuttack-Zone1,41,190.4,30.8,175.7,0.866,low
279,Cuttack-Zone1,42,184.7,28.1,171.0,0.886,high
279,Cuttack-Zone1,43,185.3,26.9,174.4,0.916,high
279,Cuttack-Zone1,44,119.5,26.5,181.4,0.919,high
279,Cuttack-Zone1,45,144.4,25.5,180.1,0.908,high
279,Cuttack-Zone1,46,76.7,24.8,191.4,0.926,high
279,Cuttack-Zone1,47,22.2,23.5,199.6,0.822,medium
279,Cuttack-Zone1,48,49.5,23.0,193.1,1.0,medium
279,Cuttack-Zone1,49,56.2,22.8,188.0,1.0,high
279,Cuttack-Zone1,50,55.0,22.8,190.0,0.711,high
279,Cuttack-Zone1,51,44.3,24.1,197.1,0.838,medium
279,Cuttack-Zone1,52,0.9,17.3,221.0,0.86,medium
280,Bhubaneswar-Zone2,0,108.4,21.1,189.9,1.0,high
280,Bhubaneswar-Zone2,1,66.7,23.3,193.3,1.0,medium
280,Bhubaneswar-Zone2,2,91.1,21.0,196.0,1.0,high
280,Bhubaneswar-Zone2,3,88.0,23.2,190.6,1.0,high
280,Bhubaneswar-Zone2,4,72.7,23.2,136.9,0.896,high
280,Bhubaneswar-Zone2,5,70.9,23.7,114.6,0.939,high
280,Bhubaneswar-Zone2,6,57.1,25.3,117.9,1.0,high
280,Bhubaneswar-Zone2,7,97.0,27.2,108.0,0.971,high
280,Bhubaneswar-Zone2,8,46.4,29.7,118.6,0.889,medium
280,Bhubaneswar-Zone2,9,41.6,29.3,109.4,1.0,medium
280,Bhubaneswar-Zone2,10,89.7,31.0,125.9,1.0,low
280,Bhubaneswar-Zone2,11,48.2,31.0,113.4,0.951,medium
280,Bhubaneswar-Zone2,12,51.8,32.7,113.7,0.776,high
280,Bhubaneswar-Zone2,13,128.9,34.8,95.1,1.0,high
280,Bhubaneswar-Zone2,14,48.1,34.4,114.6,1.0,medium
280,Bhubaneswar-Zone2,15,83.4,36.8,106.0,0.863,high
280,Bhubaneswar-Zone2,16,85.1,37.7,110.0,1.0,high
280,Bhubaneswar-Zone2,17,79.0,37.4,102.9,1.0,high
280,Bhubaneswar-Zone2,18,104.4,39.9,105.0,0.83,high
280,Bhubaneswar-Zone2,19,111.3,41.9,103.0,0.993,high
280,Bhubaneswar-Zone2,20,72.2,41.6,115.3,0.895,high
280,Bhubaneswar-Zone2,21,49.8,41.0,114.1,1.0,medium
280,Bhubaneswar-Zone2,22,74.5,40.8,103.9,0.983,high
280,Bhubaneswar-Zone2,23,135.2,42.9,108.3,0.927,high
280,Bhubaneswar-Zone2,24,142.8,45.0,110.1,0.994,high
280,Bhubaneswar-Zone2,25,213.2,44.1,96.4,0.981,high
280,Bhubaneswar-Zone2,26,244.8,41.9,89.4,0.841,high
280,Bhubaneswar-Zone2,27,229.8,42.9,94.4,1.0,high
280,Bhubaneswar-Zone2,28,257.8,43.2,89.7,1.0,high
280,Bhubaneswar-Zone2,29,279.6,42.9,86.7,1.0,high
280,Bhubaneswar-Zone2,30,323.3,39.3,86.4,1.0,high
280,Bhubaneswar-Zone2,31,349.4,41.3,75.7,1.0,high
280,Bhubaneswar-Zone2,32,343.1,39.3,87.0,1.0,high
280,Bhubaneswar-Zone2,33,339.2,37.7,72.0,1.0,high
280,Bhubaneswar-Zone2,34,333.2,38.6,85.4,1.0,high
280,Bhubaneswar-Zone2,35,359.8,35.4,79.1,0.796,high
280,Bhubaneswar-Zone2,36,362.9,35.0,81.6,0.918,high
280,Bhubaneswar-Zone2,37,299.2,34.3,85.6,0.863,high
280,Bhubaneswar-Zone2,38,297.3,31.5,112.0,0.945,high
280,Bhubaneswar-Zone2,39,298.5,33.3,172.7,1.0,high
280,Bhubaneswar-Zone2,40,306.6,31.3,161.4,0.966,high
280,Bhubaneswar-Zone2,41,250.9,30.8,175.1,0.918,high
280,Bhubaneswar-Zone2,42,222.5,32.6,174.1,0.952,high
280,Bhubaneswar-Zone2,43,240.7,28.6,180.7,1.0,high
280,Bhubaneswar-Zone2,44,170.7,25.8,181.1,0.986,high
280,Bhubaneswar-Zone2,45,115.2,27.1,179.3,0.843,high
280,Bhubaneswar-Zone2,46,103.4,24.2,181.1,1.0,high
280,Bhubaneswar-Zone2,47,123.4,26.9,181.4,1.0,high
280,Bhubaneswar-Zone2,48,92.9,23.7,190.6,0.946,high
280,Bhubaneswar-Zone2,49,71.1,23.2,195.3,0.972,high
280,Bhubaneswar-Zone2,50,89.6,23.4,189.3,0.911,high
280,Bhubaneswar-Zone2,51,31.0,23.1,195.4,1.0,medium
280,Bhubaneswar-Zone2,52,3.2,17.6,200.0,1.0,medium
281,Puri-Zone1,0,125.9,22.3,186.0,0.74,high
281,Puri-Zone1,1,116.2,22.7,185.0,0.903,high
281,Puri-Zone1,2,77.3,23.1,189.1,0.913,high
281,Puri-Zone1,3,144.2,24.7,182.0,0.9,high
281,Puri-Zone1,4,104.0,23.6,137.7,0.848,high
281,Puri-Zone1,5,75.6,24.8,105.9,0.687,high
281,Puri-Zone1,6,77.2,25.1,109.7,0.93,high
281,Puri-Zone1,7,81.9,25.9,100.3,0.862,high
281,Puri-Zone1,8,105.0,27.3,110.9,0.959,high
281,Puri-Zone1,9,117.3,26.6,105.0,0.855,high
281,Puri-Zone1,10,105.1,29.5,106.1,0.874,high
281,Puri-Zone1,11,92.2,31.1,109.7,0.948,high
281,Puri-Zone1,12,104.3,33.4,109.0,0.788,high
281,Puri-Zone1,13,69.9,32.5,108.0,0.768,high
281,Puri-Zone1,14,132.9,34.1,110.4,0.873,high
281,Puri-Zone1,15,100.4,36.5,110.0,0.694,high
281,Puri-Zone1,16,72.5,36.9,111.0,0.897,high
281,Puri-Zone1,17,94.5,37.0,95.1,0.801,low
281,Puri-Zone1,18,118.3,37.5,115.7,0.949,high
281,Puri-Zone1,19,114.9,40.1,103.0,0.951,high
281,Puri-Zone1,20,113.4,42.0,109.1,0.789,high
281,Puri-Zone1,21,66.8,41.2,111.9,0.909,high
281,Puri-Zone1,22,168.6,42.4,94.4,0.838,high
281,Puri-Zone1,23,169.2,41.7,96.7,0.731,high
281,Puri-Zone1,24,223.9,41.5,88.4,0.869,high
281,Puri-Zone1,25,238.0,42.9,88.3,0.899,high
281,Puri-Zone1,26,282.3,43.3,92.1,0.748,high
281,Puri-Zone1,27,270.7,41.6,90.7,0.704,high
281,Puri-Zone1,28,286.8,41.9,83.1,0.791,high
281,Puri-Zone1,29,340.7,40.4,88.9,0.968,high
281,Puri-Zone1,30,335.2,42.2,81.0,0.918,high
281,Puri-Zone1,31,385.5,40.3,84.7,0.798,high
281,Puri-Zone1,32,385.3,40.4,81.3,0.756,high
281,Puri-Zone1,33,344.1,40.2,81.4,0.837,high
281,Puri-Zone1,34,373.5,39.4,77.7,0.725,high
281,Puri-Zone1,35,389.2,37.7,64.0,0.858,high
281,Puri-Zone1,36,358.5,35.0,76.6,0.822,high
281,Puri-Zone1,37,354.0,35.9,92.4,0.595,high
281,Puri-Zone1,38,315.8,36.3,103.7,0.803,high
281,Puri-Zone1,39,351.5,35.2,150.6,0.606,high
281,Puri-Zone1,40,291.4,33.1,171.6,0.865,high
281,Puri-Zone1,41,285.5,31.7,169.0,0.719,medium
281,Puri-Zone1,42,247.4,27.8,169.7,0.671,high
281,Puri-Zone1,43,246.9,27.8,159.6,0.768,high
281,Puri-Zone1,44,197.4,26.4,181.7,0.687,low
281,Puri-Zone1,45,159.8,23.8,182.3,0.701,high
281,Puri-Zone1,46,101.3,24.8,181.4,0.879,high
281,Puri-Zone1,47,113.6,24.7,191.0,0.929,high
281,Puri-Zone1,48,105.8,24.6,174.6,0.929,high
281,Puri-Zone1,49,69.5,24.6,191.0,0.78,high
281,Puri-Zone1,50,75.1,24.2,196.6,0.898,high
281,Puri-Zone1,51,109.4,21.1,192.7,1.0,high
281,Puri-Zone1,52,13.9,21.5,190.0,0.771,medium
282,Bhubaneswar-Zone1,0,49.0,21.8,193.4,0.403,medium
282,Bhubaneswar-Zone1,1,77.8,23.1,182.0,0.511,high
282,Bhubaneswar-Zone1,2,27.0,23.8,197.1,0.441,medium
282,Bhubaneswar-Zone1,3,32.5,23.1,193.3,0.417,medium
282,Bhubaneswar-Zone1,4,67.9,25.4,131.0,0.448,high
282,Bhubaneswar-Zone1,5,37.2,24.4,116.6,0.525,medium
282,Bhubaneswar-Zone1,6,45.8,26.3,107.7,0.311,medium
282,Bhubaneswar-Zone1,7,109.5,27.1,101.0,0.475,high
282,Bhubaneswar-Zone1,8,26.4,27.9,123.0,0.449,medium
282,Bhubaneswar-Zone1,9,61.9,27.4,112.9,0.271,high
282,Bhubaneswar-Zone1,10,59.1,31.8,121.6,0.427,high
282,Bhubaneswar-Zone1,11,32.6,31.7,106.6,0.228,medium
282,Bhubaneswar-Zone1,12,48.3,31.4,115.1,0.59,medium
282,Bhubaneswar-Zone1,13,55.6,33.5,107.3,0.415,high
282,Bhubaneswar-Zone1,14,37.3,32.8,121.4,0.427,medium
282,Bhubaneswar-Zone1,15,24.6,36.4,111.0,0.26,medium
282,Bhubaneswar-Zone1,16,91.3,37.6,114.3,0.331,high
282,Bhubaneswar-Zone1,17,48.1,39.2,118.1,0.376,medium
282,Bhubaneswar-Zone1,18,42.5,39.3,118.9,0.575,medium
282,Bhubaneswar-Zone1,19,77.0,39.9,110.1,0.343,high
282,Bhubaneswar-Zone1,20,47.5,40.4,112.1,0.363,medium
282,Bhubaneswar-Zone1,21,40.6,40.8,113.6,0.341,medium
282,Bhubaneswar-Zone1,22,106.5,43.3,98.6,0.332,high
282,Bhubaneswar-Zone1,23,108.8,39.8,95.1,0.384,low
282,Bhubaneswar-Zone1,24,131.7,42.3,109.6,0.408,high
282,Bhubaneswar-Zone1,25,172.0,44.7,95.6,0.501,high
282,Bhubaneswar-Zone1,26,233.2,43.0,91.6,0.382,high
282,Bhubaneswar-Zone1,27,239.5,39.7,100.0,0.468,high
282,Bhubaneswar-Zone1,28,277.5,41.6,82.4,0.501,high
282,Bhubaneswar-Zone1,29,266.7,44.0,80.0,0.489,high
282,Bhubaneswar-Zone1,30,288.9,41.6,86.7,0.383,high
282,Bhubaneswar-Zone1,31,315.4,37.7,94.3,0.47,high
282,Bhubaneswar-Zone1,32,347.5,38.7,80.1,0.493,high
282,Bhubaneswar-Zone1,33,310.4,40.2,84.4,0.468,high
282,Bhubaneswar-Zone1,34,360.4,35.9,81.1,0.296,high
282,Bhubaneswar-Zone1,35,379.1,39.7,78.3,0.39,high
282,Bhubaneswar-Zone1,36,336.6,37.5,77.7,0.38,high
282,Bhubaneswar-Zone1,37,342.3,34.8,76.1,0.694,high
282,Bhubaneswar-Zone1,38,316.9,32.3,111.4,0.542,high
282,Bhubaneswar-Zone1,39,305.7,31.8,166.1,0.481,high
282,Bhubaneswar-Zone1,40,248.4,30.8,169.3,0.46,high
282,Bhubaneswar-Zone1,41,221.0,28.0,179.9,0.582,high
282,Bhubaneswar-Zone1,42,190.3,28.7,179.9,0.075,high
282,Bhubaneswar-Zone1,43,201.3,28.2,167.6,0.459,high
282,Bhubaneswar-Zone1,44,162.7,26.5,180.9,0.34,high
282,Bhubaneswar-Zone1,45,104.4,24.5,193.9,0.332,high
282,Bhubaneswar-Zone1,46,101.0,27.6,195.9,0.498,high
282,Bhubaneswar-Zone1,47,24.5,25.1,193.1,0.478,medium
282,Bhubaneswar-Zone1,48,43.1,26.0,193.1,0.458,medium
282,Bhubaneswar-Zone1,49,36.6,22.9,204.1,0.526,medium
282,Bhubaneswar-Zone1,50,40.1,21.7,205.1,0.519,medium
282,Bhubaneswar-Zone1,51,59.8,22.2,197.9,0.243,high
282,Bhubaneswar-Zone1,52,22.7,20.0,193.0,0.4,medium
283,Rourkela-Zone1,0,12.7,20.9,190.6,0.846,medium
283,Rourkela-Zone1,1,24.9,24.0,193.9,0.93,medium
283,Rourkela-Zone1,2,6.9,24.0,196.0,0.862,medium
283,Rourkela-Zone1,3,44.1,25.1,186.7,0.877,medium
283,Rourkela-Zone1,4,25.7,23.1,141.1,0.685,medium
283,Rourkela-Zone1,5,45.3,27.0,116.6,0.648,medium
283,Rourkela-Zone1,6,0.0,24.7,122.1,0.831,low
283,Rourkela-Zone1,7,13.6,28.2,101.6,0.747,low
283,Rourkela-Zone1,8,7.1,26.4,113.0,0.849,high
283,Rourkela-Zone1,9,42.5,29.2,118.1,0.898,medium
283,Rourkela-Zone1,10,4.4,32.2,114.0,0.925,low
283,Rourkela-Zone1,11,21.1,29.6,108.3,0.947,medium
283,Rourkela-Zone1,12,12.7,32.3,114.6,0.76,low
283,Rourkela-Zone1,13,30.3,35.3,104.7,0.859,medium
283,Rourkela-Zone1,14,11.6,36.0,119.1,1.0,low
283,Rourkela-Zone1,15,0.0,34.6,119.1,0.784,low
283,Rourkela-Zone1,16,8.5,36.6,116.0,0.85,low
283,Rourkela-Zone1,17,2.9,37.9,125.0,0.77,low
283,Rourkela-Zone1,18,19.5,39.1,114.0,0.79,medium
283,Rourkela-Zone1,19,16.4,41.1,111.6,0.808,medium
283,Rourkela-Zone1,20,59.8,40.2,117.1,0.954,high
283,Rourkela-Zone1,21,36.3,41.2,110.7,0.869,high
283,Rourkela-Zone1,22,21.3,42.3,109.7,0.805,medium
283,Rourkela-Zone1,23,88.1,42.9,109.4,0.763,high
283,Rourkela-Zone1,24,118.1,43.9,107.7,0.823,high
283,Rourkela-Zone1,25,149.8,44.2,108.3,0.685,high
283,Rourkela-Zone1,26,149.3,42.9,99.3,0.954,high
283,Rourkela-Zone1,27,175.4,44.7,100.0,0.965,high
283,Rourkela-Zone1,28,191.7,40.9,96.9,0.81,high
283,Rourkela-Zone1,29,211.7,41.6,103.4,0.75,high
283,Rourkela-Zone1,30,223.5,41.2,94.6,0.876,high
283,Rourkela-Zone1,31,270.0,41.9,88.4,0.592,high
283,Rourkela-Zone1,32,262.3,41.3,93.0,0.838,high
283,Rourkela-Zone1,33,289.2,40.8,84.9,0.965,high
283,Rourkela-Zone1,34,271.3,38.8,90.9,0.759,high
283,Rourkela-Zone1,35,261.5,36.1,95.7,0.813,medium
283,Rourkela-Zone1,36,265.7,34.2,99.6,0.709,high
283,Rourkela-Zone1,37,245.6,34.5,96.6,0.773,high
283,Rourkela-Zone1,38,252.5,34.9,100.7,0.969,high
283,Rourkela-Zone1,39,202.9,31.1,174.0,0.603,high
283,Rourkela-Zone1,40,262.6,29.5,162.4,0.762,high
283,Rourkela-Zone1,41,179.5,28.6,172.4,0.861,high
283,Rourkela-Zone1,42,143.8,27.3,183.1,0.797,high
283,Rourkela-Zone1,43,129.1,29.7,188.0,0.776,high
283,Rourkela-Zone1,44,104.7,25.8,177.6,0.67,high
283,Rourkela-Zone1,45,34.6,25.1,195.7,0.902,medium
283,Rourkela-Zone1,46,27.1,26.8,203.0,0.666,medium
283,Rourkela-Zone1,47,19.4,24.2,203.7,0.837,medium
283,Rourkela-Zone1,48,4.4,22.9,196.4,0.801,medium
283,Rourkela-Zone1,49,16.7,23.5,195.4,0.924,medium
283,Rourkela-Zone1,50,18.1,22.1,190.4,0.715,medium
283,Rourkela-Zone1,51,19.9,26.5,201.4,0.812,medium
283,Rourkela-Zone1,52,0.0,16.7,201.0,0.724,medium
284,Bhubaneswar-Zone1,0,49.0,21.8,193.4,0.81,medium
284,Bhubaneswar-Zone1,1,77.8,23.1,182.0,0.731,high
284,Bhubaneswar-Zone1,2,27.0,23.8,197.1,0.813,medium
284,Bhubaneswar-Zone1,3,32.5,23.1,193.3,0.785,medium
284,Bhubaneswar-Zone1,4,67.9,25.4,131.0,0.694,high
284,Bhubaneswar-Zone1,5,37.2,24.4,116.6,0.693,medium
284,Bhubaneswar-Zone1,6,45.8,26.3,107.7,0.757,medium
284,Bhubaneswar-Zone1,7,109.5,27.1,101.0,0.926,high
284,Bhubaneswar-Zone1,8,26.4,27.9,123.0,0.828,medium
284,Bhubaneswar-Zone1,9,61.9,27.4,112.9,0.728,high
284,Bhubaneswar-Zone1,10,59.1,31.8,121.6,0.876,high
284,Bhubaneswar-Zone1,11,32.6,31.7,106.6,0.813,medium
284,Bhubaneswar-Zone1,12,48.3,31.4,115.1,0.852,medium
284,Bhubaneswar-Zone1,13,55.6,33.5,107.3,0.749,high
284,Bhubaneswar-Zone1,14,37.3,32.8,121.4,0.843,medium
284,Bhubaneswar-Zone1,15,24.6,36.4,111.0,0.836,medium
284,Bhubaneswar-Zone1,16,91.3,37.6,114.3,0.783,low
284,Bhubaneswar-Zone1,17,48.1,39.2,118.1,0.71,low
284,Bhubaneswar-Zone1,18,42.5,39.3,118.9,0.668,low
284,Bhubaneswar-Zone1,19,77.0,39.9,110.1,0.954,high
284,Bhubaneswar-Zone1,20,47.5,40.4,112.1,1.0,low
284,Bhubaneswar-Zone1,21,40.6,40.8,113.6,0.751,medium
284,Bhubaneswar-Zone1,22,106.5,43.3,98.6,0.733,high
284,Bhubaneswar-Zone1,23,108.8,39.8,95.1,0.67,high
284,Bhubaneswar-Zone1,24,131.7,42.3,109.6,0.847,high
284,Bhubaneswar-Zone1,25,172.0,44.7,95.6,0.88,high
284,Bhubaneswar-Zone1,26,233.2,43.0,91.6,0.738,high
284,Bhubaneswar-Zone1,27,239.5,39.7,100.0,0.995,low
284,Bhubaneswar-Zone1,28,277.5,41.6,82.4,0.97,high
284,Bhubaneswar-Zone1,29,266.7,44.0,80.0,0.682,high
284,Bhubaneswar-Zone1,30,288.9,41.6,86.7,0.728,high
284,Bhubaneswar-Zone1,31,315.4,37.7,94.3,0.976,high
284,Bhubaneswar-Zone1,32,347.5,38.7,80.1,0.944,high
284,Bhubaneswar-Zone1,33,310.4,40.2,84.4,0.84,high
284,Bhubaneswar-Zone1,34,360.4,35.9,81.1,0.729,high
284,Bhubaneswar-Zone1,35,379.1,39.7,78.3,0.678,high
284,Bhubaneswar-Zone1,36,336.6,37.5,77.7,0.722,medium
284,Bhubaneswar-Zone1,37,342.3,34.8,76.1,0.746,low
284,Bhubaneswar-Zone1,38,316.9,32.3,111.4,0.75,high
284,Bhubaneswar-Zone1,39,305.7,31.8,166.1,0.628,high
284,Bhubaneswar-Zone1,40,248.4,30.8,169.3,0.695,high
284,Bhubaneswar-Zone1,41,221.0,28.0,179.9,0.792,high
284,Bhubaneswar-Zone1,42,190.3,28.7,179.9,0.726,high
284,Bhubaneswar-Zone1,43,201.3,28.2,167.6,0.66,high
284,Bhubaneswar-Zone1,44,162.7,26.5,180.9,0.685,high
284,Bhubaneswar-Zone1,45,104.4,24.5,193.9,0.761,high
284,Bhubaneswar-Zone1,46,101.0,27.6,195.9,0.643,high
284,Bhubaneswar-Zone1,47,24.5,25.1,193.1,0.911,medium
284,Bhubaneswar-Zone1,48,43.1,26.0,193.1,0.648,medium
284,Bhubaneswar-Zone1,49,36.6,22.9,204.1,0.848,low
284,Bhubaneswar-Zone1,50,40.1,21.7,205.1,0.805,medium
284,Bhubaneswar-Zone1,51,59.8,22.2,197.9,0.874,high
284,Bhubaneswar-Zone1,52,22.7,20.0,193.0,0.754,medium
285,Puri-Zone1,0,125.9,22.3,186.0,0.823,high
285,Puri-Zone1,1,116.2,22.7,185.0,0.982,high
285,Puri-Zone1,2,77.3,23.1,189.1,0.889,high
285,Puri-Zone1,3,144.2,24.7,182.0,0.864,high
285,Puri-Zone1,4,104.0,23.6,137.7,0.827,high
285,Puri-Zone1,5,75.6,24.8,105.9,0.921,high
285,Puri-Zone1,6,77.2,25.1,109.7,0.914,high
285,Puri-Zone1,7,81.9,25.9,100.3,0.735,high
285,Puri-Zone1,8,105.0,27.3,110.9,0.948,medium
285,Puri-Zone1,9,117.3,26.6,105.0,0.838,high
285,Puri-Zone1,10,105.1,29.5,106.1,0.776,high
285,Puri-Zone1,11,92.2,31.1,109.7,0.822,high
285,Puri-Zone1,12,104.3,33.4,109.0,0.934,high
285,Puri-Zone1,13,69.9,32.5,108.0,0.947,high
285,Puri-Zone1,14,132.9,34.1,110.4,0.92,high
285,Puri-Zone1,15,100.4,36.5,110.0,0.77,high
285,Puri-Zone1,16,72.5,36.9,111.0,0.889,high
285,Puri-Zone1,17,94.5,37.0,95.1,0.815,high
285,Puri-Zone1,18,118.3,37.5,115.7,0.717,high
285,Puri-Zone1,19,114.9,40.1,103.0,0.778,high
285,Puri-Zone1,20,113.4,42.0,109.1,0.903,high
285,Puri-Zone1,21,66.8,41.2,111.9,0.898,high
285,Puri-Zone1,22,168.6,42.4,94.4,0.659,high
285,Puri-Zone1,23,169.2,41.7,96.7,0.83,high
285,Puri-Zone1,24,223.9,41.5,88.4,0.849,high
285,Puri-Zone1,25,238.0,42.9,88.3,0.723,high
285,Puri-Zone1,26,282.3,43.3,92.1,0.938,high
285,Puri-Zone1,27,270.7,41.6,90.7,0.84,high
285,Puri-Zone1,28,286.8,41.9,83.1,0.846,high
285,Puri-Zone1,29,340.7,40.4,88.9,0.675,high
285,Puri-Zone1,30,335.2,42.2,81.0,0.66,low
285,Puri-Zone1,31,385.5,40.3,84.7,0.941,high
285,Puri-Zone1,32,385.3,40.4,81.3,0.972,high
285,Puri-Zone1,33,344.1,40.2,81.4,0.834,high
285,Puri-Zone1,34,373.5,39.4,77.7,0.775,high
285,Puri-Zone1,35,389.2,37.7,64.0,0.79,high
285,Puri-Zone1,36,358.5,35.0,76.6,0.801,high
285,Puri-Zone1,37,354.0,35.9,92.4,0.917,high
285,Puri-Zone1,38,315.8,36.3,103.7,0.866,high
285,Puri-Zone1,39,351.5,35.2,150.6,0.887,high
285,Puri-Zone1,40,291.4,33.1,171.6,0.808,low
285,Puri-Zone1,41,285.5,31.7,169.0,0.586,high
285,Puri-Zone1,42,247.4,27.8,169.7,0.685,high
285,Puri-Zone1,43,246.9,27.8,159.6,0.909,high
285,Puri-Zone1,44,197.4,26.4,181.7,0.894,high
285,Puri-Zone1,45,159.8,23.8,182.3,0.92,high
285,Puri-Zone1,46,101.3,24.8,181.4,0.69,high
285,Puri-Zone1,47,113.6,24.7,191.0,0.899,high
285,Puri-Zone1,48,105.8,24.6,174.6,0.798,high
285,Puri-Zone1,49,69.5,24.6,191.0,0.906,high
285,Puri-Zone1,50,75.1,24.2,196.6,0.814,high
285,Puri-Zone1,51,109.4,21.1,192.7,0.747,high
285,Puri-Zone1,52,13.9,21.5,190.0,0.872,medium
286,Rourkela-Zone1,0,12.7,20.9,190.6,0.678,medium
286,Rourkela-Zone1,1,24.9,24.0,193.9,0.797,medium
286,Rourkela-Zone1,2,6.9,24.0,196.0,0.572,medium
286,Rourkela-Zone1,3,44.1,25.1,186.7,0.677,medium
286,Rourkela-Zone1,4,25.7,23.1,141.1,0.356,medium
286,Rourkela-Zone1,5,45.3,27.0,116.6,0.44,medium
286,Rourkela-Zone1,6,0.0,24.7,122.1,0.549,low
286,Rourkela-Zone1,7,13.6,28.2,101.6,0.623,low
286,Rourkela-Zone1,8,7.1,26.4,113.0,0.562,low
286,Rourkela-Zone1,9,42.5,29.2,118.1,0.399,medium
286,Rourkela-Zone1,10,4.4,32.2,114.0,0.683,low
286,Rourkela-Zone1,11,21.1,29.6,108.3,0.629,medium
286,Rourkela-Zone1,12,12.7,32.3,114.6,0.456,low
286,Rourkela-Zone1,13,30.3,35.3,104.7,0.548,medium
286,Rourkela-Zone1,14,11.6,36.0,119.1,0.578,low
286,Rourkela-Zone1,15,0.0,34.6,119.1,0.485,medium
286,Rourkela-Zone1,16,8.5,36.6,116.0,0.67,low
286,Rourkela-Zone1,17,2.9,37.9,125.0,0.442,low
286,Rourkela-Zone1,18,19.5,39.1,114.0,0.671,medium
286,Rourkela-Zone1,19,16.4,41.1,111.6,0.603,medium
286,Rourkela-Zone1,20,59.8,40.2,117.1,0.501,high
286,Rourkela-Zone1,21,36.3,41.2,110.7,0.702,medium
286,Rourkela-Zone1,22,21.3,42.3,109.7,0.749,medium
286,Rourkela-Zone1,23,88.1,42.9,109.4,0.613,high
286,Rourkela-Zone1,24,118.1,43.9,107.7,0.406,high
286,Rourkela-Zone1,25,149.8,44.2,108.3,0.763,high
286,Rourkela-Zone1,26,149.3,42.9,99.3,0.661,high
286,Rourkela-Zone1,27,175.4,44.7,100.0,0.562,high
286,Rourkela-Zone1,28,191.7,40.9,96.9,0.592,high
286,Rourkela-Zone1,29,211.7,41.6,103.4,0.689,high
286,Rourkela-Zone1,30,223.5,41.2,94.6,0.443,high
286,Rourkela-Zone1,31,270.0,41.9,88.4,0.696,high
286,Rourkela-Zone1,32,262.3,41.3,93.0,0.585,high
286,Rourkela-Zone1,33,289.2,40.8,84.9,0.57,high
286,Rourkela-Zone1,34,271.3,38.8,90.9,0.816,high
286,Rourkela-Zone1,35,261.5,36.1,95.7,0.725,high
286,Rourkela-Zone1,36,265.7,34.2,99.6,0.508,high
286,Rourkela-Zone1,37,245.6,34.5,96.6,0.622,high
286,Rourkela-Zone1,38,252.5,34.9,100.7,0.495,high
286,Rourkela-Zone1,39,202.9,31.1,174.0,0.64,high
286,Rourkela-Zone1,40,262.6,29.5,162.4,0.791,high
286,Rourkela-Zone1,41,179.5,28.6,172.4,0.747,high
286,Rourkela-Zone1,42,143.8,27.3,183.1,0.635,high
286,Rourkela-Zone1,43,129.1,29.7,188.0,0.623,high
286,Rourkela-Zone1,44,104.7,25.8,177.6,0.578,high
286,Rourkela-Zone1,45,34.6,25.1,195.7,0.8,medium
286,Rourkela-Zone1,46,27.1,26.8,203.0,0.835,medium
286,Rourkela-Zone1,47,19.4,24.2,203.7,0.678,medium
286,Rourkela-Zone1,48,4.4,22.9,196.4,0.55,medium
286,Rourkela-Zone1,49,16.7,23.5,195.4,0.604,medium
286,Rourkela-Zone1,50,18.1,22.1,190.4,0.609,medium
286,Rourkela-Zone1,51,19.9,26.5,201.4,0.513,medium
286,Rourkela-Zone1,52,0.0,16.7,201.0,0.609,medium
287,Puri-Zone1,0,125.9,22.3,186.0,0.702,high
287,Puri-Zone1,1,116.2,22.7,185.0,0.552,high
287,Puri-Zone1,2,77.3,23.1,189.1,0.754,high
287,Puri-Zone1,3,144.2,24.7,182.0,0.582,high
287,Puri-Zone1,4,104.0,23.6,137.7,0.605,high
287,Puri-Zone1,5,75.6,24.8,105.9,0.58,high
287,Puri-Zone1,6,77.2,25.1,109.7,0.562,high
287,Puri-Zone1,7,81.9,25.9,100.3,0.774,high
287,Puri-Zone1,8,105.0,27.3,110.9,0.794,high
287,Puri-Zone1,9,117.3,26.6,105.0,0.59,high
287,Puri-Zone1,10,105.1,29.5,106.1,0.761,high
287,Puri-Zone1,11,92.2,31.1,109.7,0.505,high
287,Puri-Zone1,12,104.3,33.4,109.0,0.619,high
287,Puri-Zone1,13,69.9,32.5,108.0,0.529,high
287,Puri-Zone1,14,132.9,34.1,110.4,0.864,high
287,Puri-Zone1,15,100.4,36.5,110.0,0.777,high
287,Puri-Zone1,16,72.5,36.9,111.0,0.485,high
287,Puri-Zone1,17,94.5,37.0,95.1,0.568,high
287,Puri-Zone1,18,118.3,37.5,115.7,0.621,high
287,Puri-Zone1,19,114.9,40.1,103.0,0.641,high
287,Puri-Zone1,20,113.4,42.0,109.1,0.521,high
287,Puri-Zone1,21,66.8,41.2,111.9,0.722,high
287,Puri-Zone1,22,168.6,42.4,94.4,0.76,high
287,Puri-Zone1,23,169.2,41.7,96.7,0.682,high
287,Puri-Zone1,24,223.9,41.5,88.4,0.674,high
287,Puri-Zone1,25,238.0,42.9,88.3,0.58,high
287,Puri-Zone1,26,282.3,43.3,92.1,0.616,high
287,Puri-Zone1,27,270.7,41.6,90.7,0.669,high
287,Puri-Zone1,28,286.8,41.9,83.1,0.68,high
287,Puri-Zone1,29,340.7,40.4,88.9,0.648,high
287,Puri-Zone1,30,335.2,42.2,81.0,0.75,high
287,Puri-Zone1,31,385.5,40.3,84.7,0.701,high
287,Puri-Zone1,32,385.3,40.4,81.3,0.762,high
287,Puri-Zone1,33,344.1,40.2,81.4,0.659,high
287,Puri-Zone1,34,373.5,39.4,77.7,0.659,high
287,Puri-Zone1,35,389.2,37.7,64.0,0.739,high
287,Puri-Zone1,36,358.5,35.0,76.6,0.553,high
287,Puri-Zone1,37,354.0,35.9,92.4,0.935,high
287,Puri-Zone1,38,315.8,36.3,103.7,0.58,high
287,Puri-Zone1,39,351.5,35.2,150.6,0.57,high
287,Puri-Zone1,40,291.4,33.1,171.6,0.755,high
287,Puri-Zone1,41,285.5,31.7,169.0,0.708,high
287,Puri-Zone1,42,247.4,27.8,169.7,0.723,high
287,Puri-Zone1,43,246.9,27.8,159.6,0.662,high
287,Puri-Zone1,44,197.4,26.4,181.7,0.557,high
287,Puri-Zone1,45,159.8,23.8,182.3,0.821,high
287,Puri-Zone1,46,101.3,24.8,181.4,0.75,high
287,Puri-Zone1,47,113.6,24.7,191.0,0.591,high
287,Puri-Zone1,48,105.8,24.6,174.6,0.74,high
287,Puri-Zone1,49,69.5,24.6,191.0,0.599,high
287,Puri-Zone1,50,75.1,24.2,196.6,0.613,high
287,Puri-Zone1,51,109.4,21.1,192.7,0.62,high
287,Puri-Zone1,52,13.9,21.5,190.0,0.583,medium
288,Cuttack-Zone1,0,20.0,23.7,196.3,0.737,medium
288,Cuttack-Zone1,1,53.9,23.0,203.3,0.829,high
288,Cuttack-Zone1,2,39.0,22.9,200.9,0.774,medium
288,Cuttack-Zone1,3,52.1,24.6,189.0,0.8,high
288,Cuttack-Zone1,4,42.3,25.4,151.7,0.754,medium
288,Cuttack-Zone1,5,29.4,25.2,116.0,0.538,medium
288,Cuttack-Zone1,6,33.7,25.9,117.0,0.969,medium
288,Cuttack-Zone1,7,32.3,27.7,117.3,0.848,medium
288,Cuttack-Zone1,8,26.4,27.3,120.7,0.759,medium
288,Cuttack-Zone1,9,18.2,26.7,110.9,0.623,low
288,Cuttack-Zone1,10,12.5,29.6,110.7,0.795,low
288,Cuttack-Zone1,11,14.1,32.2,118.6,0.729,low
288,Cuttack-Zone1,12,53.2,30.8,110.4,0.749,high
288,Cuttack-Zone1,13,45.8,31.3,105.1,0.826,medium
288,Cuttack-Zone1,14,12.8,35.2,118.6,0.769,low
288,Cuttack-Zone1,15,68.1,36.8,115.9,0.87,high
288,Cuttack-Zone1,16,12.1,37.5,111.4,0.686,low
288,Cuttack-Zone1,17,63.9,38.5,104.0,0.578,high
288,Cuttack-Zone1,18,62.2,40.9,113.7,0.725,high
288,Cuttack-Zone1,19,33.3,38.5,111.6,0.689,medium
288,Cuttack-Zone1,20,26.4,39.6,116.0,0.781,medium
288,Cuttack-Zone1,21,31.7,41.9,114.3,0.647,medium
288,Cuttack-Zone1,22,62.7,39.8,117.4,0.686,high
288,Cuttack-Zone1,23,79.2,41.7,106.4,0.785,high
288,Cuttack-Zone1,24,159.5,42.0,102.3,0.705,low
288,Cuttack-Zone1,25,246.6,43.2,96.1,0.835,high
288,Cuttack-Zone1,26,198.7,41.4,97.4,0.905,high
288,Cuttack-Zone1,27,282.6,43.4,82.7,0.643,high
288,Cuttack-Zone1,28,235.4,40.8,94.9,0.664,high
288,Cuttack-Zone1,29,238.0,42.0,95.3,0.733,high
288,Cuttack-Zone1,30,288.1,42.8,83.0,0.791,high
288,Cuttack-Zone1,31,263.5,38.7,89.7,0.719,low
288,Cuttack-Zone1,32,334.1,40.7,72.4,0.697,high
288,Cuttack-Zone1,33,337.1,38.6,73.7,0.645,high
288,Cuttack-Zone1,34,302.3,38.0,94.7,0.609,low
288,Cuttack-Zone1,35,285.6,36.6,81.6,0.756,high
288,Cuttack-Zone1,36,313.4,35.3,77.0,0.722,medium
288,Cuttack-Zone1,37,325.5,35.0,78.6,0.768,high
288,Cuttack-Zone1,38,264.2,34.8,115.7,0.658,high
288,Cuttack-Zone1,39,271.7,31.9,178.6,0.758,high
288,Cuttack-Zone1,40,247.0,29.6,171.7,0.797,high
288,Cuttack-Zone1,41,190.4,30.8,175.7,0.665,high
288,Cuttack-Zone1,42,184.7,28.1,171.0,0.741,high
288,Cuttack-Zone1,43,185.3,26.9,174.4,0.601,high
288,Cuttack-Zone1,44,119.5,26.5,181.4,0.697,high
288,Cuttack-Zone1,45,144.4,25.5,180.1,0.568,high
288,Cuttack-Zone1,46,76.7,24.8,191.4,0.835,high
288,Cuttack-Zone1,47,22.2,23.5,199.6,0.691,medium
288,Cuttack-Zone1,48,49.5,23.0,193.1,0.738,medium
288,Cuttack-Zone1,49,56.2,22.8,188.0,0.938,high
288,Cuttack-Zone1,50,55.0,22.8,190.0,0.678,high
288,Cuttack-Zone1,51,44.3,24.1,197.1,0.849,medium
288,Cuttack-Zone1,52,0.9,17.3,221.0,0.595,medium
289,Rourkela-Zone1,0,12.7,20.9,190.6,0.569,medium
289,Rourkela-Zone1,1,24.9,24.0,193.9,0.681,medium
289,Rourkela-Zone1,2,6.9,24.0,196.0,0.687,medium
289,Rourkela-Zone1,3,44.1,25.1,186.7,0.782,medium
289,Rourkela-Zone1,4,25.7,23.1,141.1,0.701,medium
289,Rourkela-Zone1,5,45.3,27.0,116.6,0.686,medium
289,Rourkela-Zone1,6,0.0,24.7,122.1,0.602,low
289,Rourkela-Zone1,7,13.6,28.2,101.6,0.796,low
289,Rourkela-Zone1,8,7.1,26.4,113.0,0.657,low
289,Rourkela-Zone1,9,42.5,29.2,118.1,0.608,medium
289,Rourkela-Zone1,10,4.4,32.2,114.0,0.595,low
289,Rourkela-Zone1,11,21.1,29.6,108.3,0.684,low
289,Rourkela-Zone1,12,12.7,32.3,114.6,0.536,low
289,Rourkela-Zone1,13,30.3,35.3,104.7,0.665,medium
289,Rourkela-Zone1,14,11.6,36.0,119.1,0.748,low
289,Rourkela-Zone1,15,0.0,34.6,119.1,0.553,low
289,Rourkela-Zone1,16,8.5,36.6,116.0,0.594,low
289,Rourkela-Zone1,17,2.9,37.9,125.0,0.797,low
289,Rourkela-Zone1,18,19.5,39.1,114.0,0.676,medium
289,Rourkela-Zone1,19,16.4,41.1,111.6,0.654,high
289,Rourkela-Zone1,20,59.8,40.2,117.1,0.567,high
289,Rourkela-Zone1,21,36.3,41.2,110.7,0.702,medium
289,Rourkela-Zone1,22,21.3,42.3,109.7,0.757,medium
289,Rourkela-Zone1,23,88.1,42.9,109.4,0.617,high
289,Rourkela-Zone1,24,118.1,43.9,107.7,0.872,high
289,Rourkela-Zone1,25,149.8,44.2,108.3,0.505,high
289,Rourkela-Zone1,26,149.3,42.9,99.3,0.851,high
289,Rourkela-Zone1,27,175.4,44.7,100.0,0.509,high
289,Rourkela-Zone1,28,191.7,40.9,96.9,0.537,high
289,Rourkela-Zone1,29,211.7,41.6,103.4,0.696,high
289,Rourkela-Zone1,30,223.5,41.2,94.6,0.746,high
289,Rourkela-Zone1,31,270.0,41.9,88.4,0.532,high
289,Rourkela-Zone1,32,262.3,41.3,93.0,0.671,high
289,Rourkela-Zone1,33,289.2,40.8,84.9,0.727,high
289,Rourkela-Zone1,34,271.3,38.8,90.9,0.604,high
289,Rourkela-Zone1,35,261.5,36.1,95.7,0.744,high
289,Rourkela-Zone1,36,265.7,34.2,99.6,0.631,high
289,Rourkela-Zone1,37,245.6,34.5,96.6,0.736,high
289,Rourkela-Zone1,38,252.5,34.9,100.7,0.84,high
289,Rourkela-Zone1,39,202.9,31.1,174.0,0.561,high
289,Rourkela-Zone1,40,262.6,29.5,162.4,0.785,high
289,Rourkela-Zone1,41,179.5,28.6,172.4,0.469,high
289,Rourkela-Zone1,42,143.8,27.3,183.1,0.763,high
289,Rourkela-Zone1,43,129.1,29.7,188.0,0.596,low
289,Rourkela-Zone1,44,104.7,25.8,177.6,0.762,low
289,Rourkela-Zone1,45,34.6,25.1,195.7,0.689,medium
289,Rourkela-Zone1,46,27.1,26.8,203.0,0.743,medium
289,Rourkela-Zone1,47,19.4,24.2,203.7,0.69,medium
289,Rourkela-Zone1,48,4.4,22.9,196.4,0.783,medium
289,Rourkela-Zone1,49,16.7,23.5,195.4,0.691,medium
289,Rourkela-Zone1,50,18.1,22.1,190.4,0.69,medium
289,Rourkela-Zone1,51,19.9,26.5,201.4,0.477,high
289,Rourkela-Zone1,52,0.0,16.7,201.0,0.648,medium
290,Cuttack-Zone1,0,20.0,23.7,196.3,1.0,medium
290,Cuttack-Zone1,1,53.9,23.0,203.3,1.0,high
290,Cuttack-Zone1,2,39.0,22.9,200.9,0.844,medium
290,Cuttack-Zone1,3,52.1,24.6,189.0,1.0,low
290,Cuttack-Zone1,4,42.3,25.4,151.7,1.0,medium
290,Cuttack-Zone1,5,29.4,25.2,116.0,0.804,medium
290,Cuttack-Zone1,6,33.7,25.9,117.0,0.806,medium
290,Cuttack-Zone1,7,32.3,27.7,117.3,0.95,medium
290,Cuttack-Zone1,8,26.4,27.3,120.7,0.849,medium
290,Cuttack-Zone1,9,18.2,26.7,110.9,0.861,low
290,Cuttack-Zone1,10,12.5,29.6,110.7,1.0,low
290,Cuttack-Zone1,11,14.1,32.2,118.6,0.998,low
290,Cuttack-Zone1,12,53.2,30.8,110.4,0.849,high
290,Cuttack-Zone1,13,45.8,31.3,105.1,0.918,medium
290,Cuttack-Zone1,14,12.8,35.2,118.6,0.943,low
290,Cuttack-Zone1,15,68.1,36.8,115.9,0.807,high
290,Cuttack-Zone1,16,12.1,37.5,111.4,0.706,medium
290,Cuttack-Zone1,17,63.9,38.5,104.0,0.977,high
290,Cuttack-Zone1,18,62.2,40.9,113.7,0.87,high
290,Cuttack-Zone1,19,33.3,38.5,111.6,0.823,medium
290,Cuttack-Zone1,20,26.4,39.6,116.0,0.772,medium
290,Cuttack-Zone1,21,31.7,41.9,114.3,0.824,medium
290,Cuttack-Zone1,22,62.7,39.8,117.4,0.752,high
290,Cuttack-Zone1,23,79.2,41.7,106.4,0.834,high
290,Cuttack-Zone1,24,159.5,42.0,102.3,0.634,high
290,Cuttack-Zone1,25,246.6,43.2,96.1,0.881,high
290,Cuttack-Zone1,26,198.7,41.4,97.4,0.912,medium
290,Cuttack-Zone1,27,282.6,43.4,82.7,0.811,high
290,Cuttack-Zone1,28,235.4,40.8,94.9,0.706,high
290,Cuttack-Zone1,29,238.0,42.0,95.3,0.899,high
290,Cuttack-Zone1,30,288.1,42.8,83.0,0.863,high
290,Cuttack-Zone1,31,263.5,38.7,89.7,0.774,high
290,Cuttack-Zone1,32,334.1,40.7,72.4,1.0,high
290,Cuttack-Zone1,33,337.1,38.6,73.7,0.754,high
290,Cuttack-Zone1,34,302.3,38.0,94.7,0.824,high
290,Cuttack-Zone1,35,285.6,36.6,81.6,0.83,high
290,Cuttack-Zone1,36,313.4,35.3,77.0,0.999,high
290,Cuttack-Zone1,37,325.5,35.0,78.6,0.83,high
290,Cuttack-Zone1,38,264.2,34.8,115.7,0.876,high
290,Cuttack-Zone1,39,271.7,31.9,178.6,0.839,high
290,Cuttack-Zone1,40,247.0,29.6,171.7,0.893,high
290,Cuttack-Zone1,41,190.4,30.8,175.7,0.908,high
290,Cuttack-Zone1,42,184.7,28.1,171.0,0.908,high
290,Cuttack-Zone1,43,185.3,26.9,174.4,0.846,high
290,Cuttack-Zone1,44,119.5,26.5,181.4,0.956,high
290,Cuttack-Zone1,45,144.4,25.5,180.1,0.828,high
290,Cuttack-Zone1,46,76.7,24.8,191.4,0.822,high
290,Cuttack-Zone1,47,22.2,23.5,199.6,0.875,medium
290,Cuttack-Zone1,48,49.5,23.0,193.1,0.901,medium
290,Cuttack-Zone1,49,56.2,22.8,188.0,0.844,high
290,Cuttack-Zone1,50,55.0,22.8,190.0,0.864,high
290,Cuttack-Zone1,51,44.3,24.1,197.1,0.893,medium
290,Cuttack-Zone1,52,0.9,17.3,221.0,0.604,medium
291,Bhubaneswar-Zone1,0,49.0,21.8,193.4,0.861,medium
291,Bhubaneswar-Zone1,1,77.8,23.1,182.0,0.96,high
291,Bhubaneswar-Zone1,2,27.0,23.8,197.1,0.999,medium
291,Bhubaneswar-Zone1,3,32.5,23.1,193.3,0.77,medium
291,Bhubaneswar-Zone1,4,67.9,25.4,131.0,0.875,high
291,Bhubaneswar-Zone1,5,37.2,24.4,116.6,0.75,medium
291,Bhubaneswar-Zone1,6,45.8,26.3,107.7,0.802,medium
291,Bhubaneswar-Zone1,7,109.5,27.1,101.0,0.847,high
291,Bhubaneswar-Zone1,8,26.4,27.9,123.0,0.892,medium
291,Bhubaneswar-Zone1,9,61.9,27.4,112.9,0.801,high
291,Bhubaneswar-Zone1,10,59.1,31.8,121.6,0.682,high
291,Bhubaneswar-Zone1,11,32.6,31.7,106.6,0.832,medium
291,Bhubaneswar-Zone1,12,48.3,31.4,115.1,0.816,medium
291,Bhubaneswar-Zone1,13,55.6,33.5,107.3,0.86,high
291,Bhubaneswar-Zone1,14,37.3,32.8,121.4,0.929,medium
291,Bhubaneswar-Zone1,15,24.6,36.4,111.0,0.973,low
291,Bhubaneswar-Zone1,16,91.3,37.6,114.3,0.876,high
291,Bhubaneswar-Zone1,17,48.1,39.2,118.1,0.707,medium
291,Bhubaneswar-Zone1,18,42.5,39.3,118.9,0.82,medium
291,Bhubaneswar-Zone1,19,77.0,39.9,110.1,1.0,high
291,Bhubaneswar-Zone1,20,47.5,40.4,112.1,0.893,medium
291,Bhubaneswar-Zone1,21,40.6,40.8,113.6,0.974,medium
291,Bhubaneswar-Zone1,22,106.5,43.3,98.6,0.817,high
291,Bhubaneswar-Zone1,23,108.8,39.8,95.1,0.888,low
291,Bhubaneswar-Zone1,24,131.7,42.3,109.6,0.818,high
291,Bhubaneswar-Zone1,25,172.0,44.7,95.6,0.8,high
291,Bhubaneswar-Zone1,26,233.2,43.0,91.6,0.803,high
291,Bhubaneswar-Zone1,27,239.5,39.7,100.0,0.982,high
291,Bhubaneswar-Zone1,28,277.5,41.6,82.4,0.839,high
291,Bhubaneswar-Zone1,29,266.7,44.0,80.0,0.925,high
291,Bhubaneswar-Zone1,30,288.9,41.6,86.7,1.0,low
291,Bhubaneswar-Zone1,31,315.4,37.7,94.3,0.942,high
291,Bhubaneswar-Zone1,32,347.5,38.7,80.1,0.831,high
291,Bhubaneswar-Zone1,33,310.4,40.2,84.4,0.95,high
291,Bhubaneswar-Zone1,34,360.4,35.9,81.1,0.793,high
291,Bhubaneswar-Zone1,35,379.1,39.7,78.3,0.873,high
291,Bhubaneswar-Zone1,36,336.6,37.5,77.7,0.877,high
291,Bhubaneswar-Zone1,37,342.3,34.8,76.1,0.893,high
291,Bhubaneswar-Zone1,38,316.9,32.3,111.4,0.808,medium
291,Bhubaneswar-Zone1,39,305.7,31.8,166.1,0.997,high
291,Bhubaneswar-Zone1,40,248.4,30.8,169.3,0.875,high
291,Bhubaneswar-Zone1,41,221.0,28.0,179.9,0.976,high
291,Bhubaneswar-Zone1,42,190.3,28.7,179.9,0.871,high
291,Bhubaneswar-Zone1,43,201.3,28.2,167.6,0.847,high
291,Bhubaneswar-Zone1,44,162.7,26.5,180.9,0.718,high
291,Bhubaneswar-Zone1,45,104.4,24.5,193.9,0.829,high
291,Bhubaneswar-Zone1,46,101.0,27.6,195.9,0.955,high
291,Bhubaneswar-Zone1,47,24.5,25.1,193.1,0.92,medium
291,Bhubaneswar-Zone1,48,43.1,26.0,193.1,0.908,medium
291,Bhubaneswar-Zone1,49,36.6,22.9,204.1,0.746,medium
291,Bhubaneswar-Zone1,50,40.1,21.7,205.1,0.998,medium
291,Bhubaneswar-Zone1,51,59.8,22.2,197.9,0.889,high
291,Bhubaneswar-Zone1,52,22.7,20.0,193.0,0.692,medium
292,Bhubaneswar-Zone1,0,49.0,21.8,193.4,0.486,medium
292,Bhubaneswar-Zone1,1,77.8,23.1,182.0,0.569,high
292,Bhubaneswar-Zone1,2,27.0,23.8,197.1,0.59,medium
292,Bhubaneswar-Zone1,3,32.5,23.1,193.3,0.597,medium
292,Bhubaneswar-Zone1,4,67.9,25.4,131.0,0.549,high
292,Bhubaneswar-Zone1,5,37.2,24.4,116.6,0.646,medium
292,Bhubaneswar-Zone1,6,45.8,26.3,107.7,0.538,medium
292,Bhubaneswar-Zone1,7,109.5,27.1,101.0,0.454,high
292,Bhubaneswar-Zone1,8,26.4,27.9,123.0,0.588,medium
292,Bhubaneswar-Zone1,9,61.9,27.4,112.9,0.38,high
292,Bhubaneswar-Zone1,10,59.1,31.8,121.6,0.432,high
292,Bhubaneswar-Zone1,11,32.6,31.7,106.6,0.628,medium
292,Bhubaneswar-Zone1,12,48.3,31.4,115.1,0.428,medium
292,Bhubaneswar-Zone1,13,55.6,33.5,107.3,0.5,high
292,Bhubaneswar-Zone1,14,37.3,32.8,121.4,0.599,medium
292,Bhubaneswar-Zone1,15,24.6,36.4,111.0,0.578,medium
292,Bhubaneswar-Zone1,16,91.3,37.6,114.3,0.511,high
292,Bhubaneswar-Zone1,17,48.1,39.2,118.1,0.632,medium
292,Bhubaneswar-Zone1,18,42.5,39.3,118.9,0.397,medium
292,Bhubaneswar-Zone1,19,77.0,39.9,110.1,0.503,high
292,Bhubaneswar-Zone1,20,47.5,40.4,112.1,0.477,medium
292,Bhubaneswar-Zone1,21,40.6,40.8,113.6,0.646,medium
292,Bhubaneswar-Zone1,22,106.5,43.3,98.6,0.548,high
292,Bhubaneswar-Zone1,23,108.8,39.8,95.1,0.618,high
292,Bhubaneswar-Zone1,24,131.7,42.3,109.6,0.336,high
292,Bhubaneswar-Zone1,25,172.0,44.7,95.6,0.577,high
292,Bhubaneswar-Zone1,26,233.2,43.0,91.6,0.48,high
292,Bhubaneswar-Zone1,27,239.5,39.7,100.0,0.646,high
292,Bhubaneswar-Zone1,28,277.5,41.6,82.4,0.595,high
292,Bhubaneswar-Zone1,29,266.7,44.0,80.0,0.662,high
292,Bhubaneswar-Zone1,30,288.9,41.6,86.7,0.456,medium
292,Bhubaneswar-Zone1,31,315.4,37.7,94.3,0.564,high
292,Bhubaneswar-Zone1,32,347.5,38.7,80.1,0.76,low
292,Bhubaneswar-Zone1,33,310.4,40.2,84.4,0.495,high
292,Bhubaneswar-Zone1,34,360.4,35.9,81.1,0.624,high
292,Bhubaneswar-Zone1,35,379.1,39.7,78.3,0.446,high
292,Bhubaneswar-Zone1,36,336.6,37.5,77.7,0.449,high
292,Bhubaneswar-Zone1,37,342.3,34.8,76.1,0.282,high
292,Bhubaneswar-Zone1,38,316.9,32.3,111.4,0.544,high
292,Bhubaneswar-Zone1,39,305.7,31.8,166.1,0.746,high
292,Bhubaneswar-Zone1,40,248.4,30.8,169.3,0.543,low
292,Bhubaneswar-Zone1,41,221.0,28.0,179.9,0.525,high
292,Bhubaneswar-Zone1,42,190.3,28.7,179.9,0.538,high
292,Bhubaneswar-Zone1,43,201.3,28.2,167.6,0.514,high
292,Bhubaneswar-Zone1,44,162.7,26.5,180.9,0.291,high
292,Bhubaneswar-Zone1,45,104.4,24.5,193.9,0.531,high
292,Bhubaneswar-Zone1,46,101.0,27.6,195.9,0.36,high
292,Bhubaneswar-Zone1,47,24.5,25.1,193.1,0.609,medium
292,Bhubaneswar-Zone1,48,43.1,26.0,193.1,0.514,medium
292,Bhubaneswar-Zone1,49,36.6,22.9,204.1,0.323,medium
292,Bhubaneswar-Zone1,50,40.1,21.7,205.1,0.524,medium
292,Bhubaneswar-Zone1,51,59.8,22.2,197.9,0.431,high
292,Bhubaneswar-Zone1,52,22.7,20.0,193.0,0.407,medium
293,Rourkela-Zone1,0,12.7,20.9,190.6,0.916,medium
293,Rourkela-Zone1,1,24.9,24.0,193.9,0.751,medium
293,Rourkela-Zone1,2,6.9,24.0,196.0,0.721,medium
293,Rourkela-Zone1,3,44.1,25.1,186.7,0.743,medium
293,Rourkela-Zone1,4,25.7,23.1,141.1,0.652,medium
293,Rourkela-Zone1,5,45.3,27.0,116.6,0.717,medium
293,Rourkela-Zone1,6,0.0,24.7,122.1,0.724,low
293,Rourkela-Zone1,7,13.6,28.2,101.6,0.639,low
293,Rourkela-Zone1,8,7.1,26.4,113.0,0.588,high
293,Rourkela-Zone1,9,42.5,29.2,118.1,0.664,medium
293,Rourkela-Zone1,10,4.4,32.2,114.0,0.655,low
293,Rourkela-Zone1,11,21.1,29.6,108.3,0.57,medium
293,Rourkela-Zone1,12,12.7,32.3,114.6,0.639,low
293,Rourkela-Zone1,13,30.3,35.3,104.7,0.768,medium
293,Rourkela-Zone1,14,11.6,36.0,119.1,0.689,low
293,Rourkela-Zone1,15,0.0,34.6,119.1,0.535,low
293,Rourkela-Zone1,16,8.5,36.6,116.0,0.789,low
293,Rourkela-Zone1,17,2.9,37.9,125.0,0.574,low
293,Rourkela-Zone1,18,19.5,39.1,114.0,0.619,medium
293,Rourkela-Zone1,19,16.4,41.1,111.6,0.703,medium
293,Rourkela-Zone1,20,59.8,40.2,117.1,0.817,high
293,Rourkela-Zone1,21,36.3,41.2,110.7,0.693,medium
293,Rourkela-Zone1,22,21.3,42.3,109.7,0.618,medium
293,Rourkela-Zone1,23,88.1,42.9,109.4,0.733,high
293,Rourkela-Zone1,24,118.1,43.9,107.7,0.693,high
293,Rourkela-Zone1,25,149.8,44.2,108.3,0.722,medium
293,Rourkela-Zone1,26,149.3,42.9,99.3,0.801,high
293,Rourkela-Zone1,27,175.4,44.7,100.0,0.645,low
293,Rourkela-Zone1,28,191.7,40.9,96.9,0.623,low
293,Rourkela-Zone1,29,211.7,41.6,103.4,0.812,high
293,Rourkela-Zone1,30,223.5,41.2,94.6,0.5,high
293,Rourkela-Zone1,31,270.0,41.9,88.4,0.767,high
293,Rourkela-Zone1,32,262.3,41.3,93.0,0.725,high
293,Rourkela-Zone1,33,289.2,40.8,84.9,0.639,high
293,Rourkela-Zone1,34,271.3,38.8,90.9,0.621,high
293,Rourkela-Zone1,35,261.5,36.1,95.7,0.645,high
293,Rourkela-Zone1,36,265.7,34.2,99.6,0.616,high
293,Rourkela-Zone1,37,245.6,34.5,96.6,0.622,high
293,Rourkela-Zone1,38,252.5,34.9,100.7,0.847,high
293,Rourkela-Zone1,39,202.9,31.1,174.0,0.759,high
293,Rourkela-Zone1,40,262.6,29.5,162.4,0.775,high
293,Rourkela-Zone1,41,179.5,28.6,172.4,0.596,high
293,Rourkela-Zone1,42,143.8,27.3,183.1,0.752,medium
293,Rourkela-Zone1,43,129.1,29.7,188.0,0.72,medium
293,Rourkela-Zone1,44,104.7,25.8,177.6,0.657,high
293,Rourkela-Zone1,45,34.6,25.1,195.7,0.764,medium
293,Rourkela-Zone1,46,27.1,26.8,203.0,0.586,medium
293,Rourkela-Zone1,47,19.4,24.2,203.7,0.808,medium
293,Rourkela-Zone1,48,4.4,22.9,196.4,0.627,medium
293,Rourkela-Zone1,49,16.7,23.5,195.4,0.629,medium
293,Rourkela-Zone1,50,18.1,22.1,190.4,0.756,medium
293,Rourkela-Zone1,51,19.9,26.5,201.4,0.664,medium
293,Rourkela-Zone1,52,0.0,16.7,201.0,0.629,medium
294,Rourkela-Zone1,0,12.7,20.9,190.6,0.934,medium
294,Rourkela-Zone1,1,24.9,24.0,193.9,0.873,medium
294,Rourkela-Zone1,2,6.9,24.0,196.0,1.0,medium
294,Rourkela-Zone1,3,44.1,25.1,186.7,0.852,medium
294,Rourkela-Zone1,4,25.7,23.1,141.1,0.905,medium
294,Rourkela-Zone1,5,45.3,27.0,116.6,0.923,medium
294,Rourkela-Zone1,6,0.0,24.7,122.1,0.84,low
294,Rourkela-Zone1,7,13.6,28.2,101.6,1.0,low
294,Rourkela-Zone1,8,7.1,26.4,113.0,1.0,low
294,Rourkela-Zone1,9,42.5,29.2,118.1,0.656,medium
294,Rourkela-Zone1,10,4.4,32.2,114.0,0.865,low
294,Rourkela-Zone1,11,21.1,29.6,108.3,1.0,low
294,Rourkela-Zone1,12,12.7,32.3,114.6,0.861,low
294,Rourkela-Zone1,13,30.3,35.3,104.7,0.96,low
294,Rourkela-Zone1,14,11.6,36.0,119.1,1.0,low
294,Rourkela-Zone1,15,0.0,34.6,119.1,0.787,low
294,Rourkela-Zone1,16,8.5,36.6,116.0,0.826,low
294,Rourkela-Zone1,17,2.9,37.9,125.0,0.629,low
294,Rourkela-Zone1,18,19.5,39.1,114.0,0.865,medium
294,Rourkela-Zone1,19,16.4,41.1,111.6,0.718,medium
294,Rourkela-Zone1,20,59.8,40.2,117.1,0.862,medium
294,Rourkela-Zone1,21,36.3,41.2,110.7,0.824,medium
294,Rourkela-Zone1,22,21.3,42.3,109.7,0.855,medium
294,Rourkela-Zone1,23,88.1,42.9,109.4,0.868,high
294,Rourkela-Zone1,24,118.1,43.9,107.7,0.977,medium
294,Rourkela-Zone1,25,149.8,44.2,108.3,1.0,high
294,Rourkela-Zone1,26,149.3,42.9,99.3,0.846,high
294,Rourkela-Zone1,27,175.4,44.7,100.0,0.776,medium
294,Rourkela-Zone1,28,191.7,40.9,96.9,0.871,high
294,Rourkela-Zone1,29,211.7,41.6,103.4,0.923,high
294,Rourkela-Zone1,30,223.5,41.2,94.6,0.966,high
294,Rourkela-Zone1,31,270.0,41.9,88.4,0.786,high
294,Rourkela-Zone1,32,262.3,41.3,93.0,0.964,high
294,Rourkela-Zone1,33,289.2,40.8,84.9,0.738,high
294,Rourkela-Zone1,34,271.3,38.8,90.9,0.886,high
294,Rourkela-Zone1,35,261.5,36.1,95.7,0.927,high
294,Rourkela-Zone1,36,265.7,34.2,99.6,0.979,high
294,Rourkela-Zone1,37,245.6,34.5,96.6,0.941,high
294,Rourkela-Zone1,38,252.5,34.9,100.7,0.697,high
294,Rourkela-Zone1,39,202.9,31.1,174.0,0.953,high
294,Rourkela-Zone1,40,262.6,29.5,162.4,1.0,high
294,Rourkela-Zone1,41,179.5,28.6,172.4,0.986,high
294,Rourkela-Zone1,42,143.8,27.3,183.1,0.8,high
294,Rourkela-Zone1,43,129.1,29.7,188.0,1.0,high
294,Rourkela-Zone1,44,104.7,25.8,177.6,0.872,high
294,Rourkela-Zone1,45,34.6,25.1,195.7,0.783,medium
294,Rourkela-Zone1,46,27.1,26.8,203.0,1.0,medium
294,Rourkela-Zone1,47,19.4,24.2,203.7,0.981,medium
294,Rourkela-Zone1,48,4.4,22.9,196.4,0.768,low
294,Rourkela-Zone1,49,16.7,23.5,195.4,0.896,medium
294,Rourkela-Zone1,50,18.1,22.1,190.4,0.892,medium
294,Rourkela-Zone1,51,19.9,26.5,201.4,0.834,low
294,Rourkela-Zone1,52,0.0,16.7,201.0,0.835,medium
295,Puri-Zone1,0,125.9,22.3,186.0,0.656,high
295,Puri-Zone1,1,116.2,22.7,185.0,0.726,high
295,Puri-Zone1,2,77.3,23.1,189.1,0.357,high
295,Puri-Zone1,3,144.2,24.7,182.0,0.455,high
295,Puri-Zone1,4,104.0,23.6,137.7,0.595,high
295,Puri-Zone1,5,75.6,24.8,105.9,0.651,high
295,Puri-Zone1,6,77.2,25.1,109.7,0.888,high
295,Puri-Zone1,7,81.9,25.9,100.3,0.626,high
295,Puri-Zone1,8,105.0,27.3,110.9,0.695,high
295,Puri-Zone1,9,117.3,26.6,105.0,0.749,high
295,Puri-Zone1,10,105.1,29.5,106.1,0.743,low
295,Puri-Zone1,11,92.2,31.1,109.7,0.48,high
295,Puri-Zone1,12,104.3,33.4,109.0,0.626,high
295,Puri-Zone1,13,69.9,32.5,108.0,0.502,high
295,Puri-Zone1,14,132.9,34.1,110.4,0.789,high
295,Puri-Zone1,15,100.4,36.5,110.0,0.584,high
295,Puri-Zone1,16,72.5,36.9,111.0,0.437,low
295,Puri-Zone1,17,94.5,37.0,95.1,0.651,high
295,Puri-Zone1,18,118.3,37.5,115.7,0.57,high
295,Puri-Zone1,19,114.9,40.1,103.0,0.635,high
295,Puri-Zone1,20,113.4,42.0,109.1,0.784,high
295,Puri-Zone1,21,66.8,41.2,111.9,0.686,medium
295,Puri-Zone1,22,168.6,42.4,94.4,0.597,high
295,Puri-Zone1,23,169.2,41.7,96.7,0.617,high
295,Puri-Zone1,24,223.9,41.5,88.4,0.583,high
295,Puri-Zone1,25,238.0,42.9,88.3,0.494,high
295,Puri-Zone1,26,282.3,43.3,92.1,0.569,high
295,Puri-Zone1,27,270.7,41.6,90.7,0.472,high
295,Puri-Zone1,28,286.8,41.9,83.1,0.678,high
295,Puri-Zone1,29,340.7,40.4,88.9,0.709,high
295,Puri-Zone1,30,335.2,42.2,81.0,0.684,high
295,Puri-Zone1,31,385.5,40.3,84.7,0.719,high
295,Puri-Zone1,32,385.3,40.4,81.3,0.632,high
295,Puri-Zone1,33,344.1,40.2,81.4,0.714,high
295,Puri-Zone1,34,373.5,39.4,77.7,0.37,high
295,Puri-Zone1,35,389.2,37.7,64.0,0.607,high
295,Puri-Zone1,36,358.5,35.0,76.6,0.681,high
295,Puri-Zone1,37,354.0,35.9,92.4,0.557,high
295,Puri-Zone1,38,315.8,36.3,103.7,0.6,high
295,Puri-Zone1,39,351.5,35.2,150.6,0.602,high
295,Puri-Zone1,40,291.4,33.1,171.6,0.621,high
295,Puri-Zone1,41,285.5,31.7,169.0,0.527,high
295,Puri-Zone1,42,247.4,27.8,169.7,0.603,high
295,Puri-Zone1,43,246.9,27.8,159.6,0.709,high
295,Puri-Zone1,44,197.4,26.4,181.7,0.492,high
295,Puri-Zone1,45,159.8,23.8,182.3,0.532,high
295,Puri-Zone1,46,101.3,24.8,181.4,0.612,high
295,Puri-Zone1,47,113.6,24.7,191.0,0.678,low
295,Puri-Zone1,48,105.8,24.6,174.6,0.492,medium
295,Puri-Zone1,49,69.5,24.6,191.0,0.712,high
295,Puri-Zone1,50,75.1,24.2,196.6,0.59,high
295,Puri-Zone1,51,109.4,21.1,192.7,0.636,high
295,Puri-Zone1,52,13.9,21.5,190.0,0.596,medium
296,Puri-Zone1,0,125.9,22.3,186.0,0.81,high
296,Puri-Zone1,1,116.2,22.7,185.0,0.889,high
296,Puri-Zone1,2,77.3,23.1,189.1,0.68,high
296,Puri-Zone1,3,144.2,24.7,182.0,1.0,high
296,Puri-Zone1,4,104.0,23.6,137.7,0.873,high
296,Puri-Zone1,5,75.6,24.8,105.9,0.928,high
296,Puri-Zone1,6,77.2,25.1,109.7,0.9,high
296,Puri-Zone1,7,81.9,25.9,100.3,0.855,high
296,Puri-Zone1,8,105.0,27.3,110.9,0.673,high
296,Puri-Zone1,9,117.3,26.6,105.0,0.7,high
296,Puri-Zone1,10,105.1,29.5,106.1,0.866,high
296,Puri-Zone1,11,92.2,31.1,109.7,0.772,high
296,Puri-Zone1,12,104.3,33.4,109.0,0.649,high
296,Puri-Zone1,13,69.9,32.5,108.0,0.914,high
296,Puri-Zone1,14,132.9,34.1,110.4,0.765,high
296,Puri-Zone1,15,100.4,36.5,110.0,0.957,high
296,Puri-Zone1,16,72.5,36.9,111.0,0.839,high
296,Puri-Zone1,17,94.5,37.0,95.1,0.751,high
296,Puri-Zone1,18,118.3,37.5,115.7,0.836,high
296,Puri-Zone1,19,114.9,40.1,103.0,0.781,high
296,Puri-Zone1,20,113.4,42.0,109.1,0.798,high
296,Puri-Zone1,21,66.8,41.2,111.9,0.79,high
296,Puri-Zone1,22,168.6,42.4,94.4,0.886,high
296,Puri-Zone1,23,169.2,41.7,96.7,0.925,high
296,Puri-Zone1,24,223.9,41.5,88.4,0.831,high
296,Puri-Zone1,25,238.0,42.9,88.3,0.742,high
296,Puri-Zone1,26,282.3,43.3,92.1,0.815,high
296,Puri-Zone1,27,270.7,41.6,90.7,0.939,high
296,Puri-Zone1,28,286.8,41.9,83.1,0.796,high
296,Puri-Zone1,29,340.7,40.4,88.9,0.888,high
296,Puri-Zone1,30,335.2,42.2,81.0,0.826,high
296,Puri-Zone1,31,385.5,40.3,84.7,0.761,high
296,Puri-Zone1,32,385.3,40.4,81.3,0.729,high
296,Puri-Zone1,33,344.1,40.2,81.4,0.868,high
296,Puri-Zone1,34,373.5,39.4,77.7,0.83,high
296,Puri-Zone1,35,389.2,37.7,64.0,0.699,high
296,Puri-Zone1,36,358.5,35.0,76.6,0.884,high
296,Puri-Zone1,37,354.0,35.9,92.4,0.817,high
296,Puri-Zone1,38,315.8,36.3,103.7,0.948,high
296,Puri-Zone1,39,351.5,35.2,150.6,0.645,high
296,Puri-Zone1,40,291.4,33.1,171.6,0.847,high
296,Puri-Zone1,41,285.5,31.7,169.0,0.825,high
296,Puri-Zone1,42,247.4,27.8,169.7,0.841,high
296,Puri-Zone1,43,246.9,27.8,159.6,0.733,high
296,Puri-Zone1,44,197.4,26.4,181.7,0.608,high
296,Puri-Zone1,45,159.8,23.8,182.3,0.722,high
296,Puri-Zone1,46,101.3,24.8,181.4,0.816,high
296,Puri-Zone1,47,113.6,24.7,191.0,0.804,high
296,Puri-Zone1,48,105.8,24.6,174.6,0.88,low
296,Puri-Zone1,49,69.5,24.6,191.0,0.788,high
296,Puri-Zone1,50,75.1,24.2,196.6,0.705,low
296,Puri-Zone1,51,109.4,21.1,192.7,0.873,high
296,Puri-Zone1,52,13.9,21.5,190.0,0.92,medium
297,Cuttack-Zone1,0,20.0,23.7,196.3,1.0,low
297,Cuttack-Zone1,1,53.9,23.0,203.3,1.0,high
297,Cuttack-Zone1,2,39.0,22.9,200.9,0.896,medium
297,Cuttack-Zone1,3,52.1,24.6,189.0,1.0,high
297,Cuttack-Zone1,4,42.3,25.4,151.7,1.0,medium
297,Cuttack-Zone1,5,29.4,25.2,116.0,1.0,medium
297,Cuttack-Zone1,6,33.7,25.9,117.0,0.917,low
297,Cuttack-Zone1,7,32.3,27.7,117.3,1.0,medium
297,Cuttack-Zone1,8,26.4,27.3,120.7,0.78,medium
297,Cuttack-Zone1,9,18.2,26.7,110.9,1.0,low
297,Cuttack-Zone1,10,12.5,29.6,110.7,0.8,low
297,Cuttack-Zone1,11,14.1,32.2,118.6,0.996,low
297,Cuttack-Zone1,12,53.2,30.8,110.4,1.0,high
297,Cuttack-Zone1,13,45.8,31.3,105.1,0.798,medium
297,Cuttack-Zone1,14,12.8,35.2,118.6,0.922,low
297,Cuttack-Zone1,15,68.1,36.8,115.9,0.817,high
297,Cuttack-Zone1,16,12.1,37.5,111.4,0.998,low
297,Cuttack-Zone1,17,63.9,38.5,104.0,0.684,high
297,Cuttack-Zone1,18,62.2,40.9,113.7,0.869,high
297,Cuttack-Zone1,19,33.3,38.5,111.6,0.921,medium
297,Cuttack-Zone1,20,26.4,39.6,116.0,0.876,medium
297,Cuttack-Zone1,21,31.7,41.9,114.3,1.0,medium
297,Cuttack-Zone1,22,62.7,39.8,117.4,0.82,high
297,Cuttack-Zone1,23,79.2,41.7,106.4,1.0,high
297,Cuttack-Zone1,24,159.5,42.0,102.3,0.87,high
297,Cuttack-Zone1,25,246.6,43.2,96.1,0.806,high
297,Cuttack-Zone1,26,198.7,41.4,97.4,1.0,high
297,Cuttack-Zone1,27,282.6,43.4,82.7,0.778,high
297,Cuttack-Zone1,28,235.4,40.8,94.9,0.98,high
297,Cuttack-Zone1,29,238.0,42.0,95.3,0.976,high
297,Cuttack-Zone1,30,288.1,42.8,83.0,1.0,high
297,Cuttack-Zone1,31,263.5,38.7,89.7,1.0,high
297,Cuttack-Zone1,32,334.1,40.7,72.4,0.933,high
297,Cuttack-Zone1,33,337.1,38.6,73.7,0.932,high
297,Cuttack-Zone1,34,302.3,38.0,94.7,0.632,high
297,Cuttack-Zone1,35,285.6,36.6,81.6,1.0,high
297,Cuttack-Zone1,36,313.4,35.3,77.0,0.959,high
297,Cuttack-Zone1,37,325.5,35.0,78.6,0.931,high
297,Cuttack-Zone1,38,264.2,34.8,115.7,0.874,medium
297,Cuttack-Zone1,39,271.7,31.9,178.6,1.0,high
297,Cuttack-Zone1,40,247.0,29.6,171.7,0.993,high
297,Cuttack-Zone1,41,190.4,30.8,175.7,0.994,high
297,Cuttack-Zone1,42,184.7,28.1,171.0,0.901,high
297,Cuttack-Zone1,43,185.3,26.9,174.4,0.983,high
297,Cuttack-Zone1,44,119.5,26.5,181.4,1.0,high
297,Cuttack-Zone1,45,144.4,25.5,180.1,0.909,high
297,Cuttack-Zone1,46,76.7,24.8,191.4,0.992,medium
297,Cuttack-Zone1,47,22.2,23.5,199.6,1.0,medium
297,Cuttack-Zone1,48,49.5,23.0,193.1,1.0,medium
297,Cuttack-Zone1,49,56.2,22.8,188.0,0.998,high
297,Cuttack-Zone1,50,55.0,22.8,190.0,0.774,high
297,Cuttack-Zone1,51,44.3,24.1,197.1,0.904,medium
297,Cuttack-Zone1,52,0.9,17.3,221.0,1.0,medium
298,Rourkela-Zone1,0,12.7,20.9,190.6,0.947,medium
298,Rourkela-Zone1,1,24.9,24.0,193.9,0.74,medium
298,Rourkela-Zone1,2,6.9,24.0,196.0,0.819,medium
298,Rourkela-Zone1,3,44.1,25.1,186.7,0.918,medium
298,Rourkela-Zone1,4,25.7,23.1,141.1,0.898,medium
298,Rourkela-Zone1,5,45.3,27.0,116.6,1.0,medium
298,Rourkela-Zone1,6,0.0,24.7,122.1,1.0,high
298,Rourkela-Zone1,7,13.6,28.2,101.6,1.0,low
298,Rourkela-Zone1,8,7.1,26.4,113.0,0.985,medium
298,Rourkela-Zone1,9,42.5,29.2,118.1,0.933,high
298,Rourkela-Zone1,10,4.4,32.2,114.0,1.0,low
298,Rourkela-Zone1,11,21.1,29.6,108.3,0.929,medium
298,Rourkela-Zone1,12,12.7,32.3,114.6,0.783,low
298,Rourkela-Zone1,13,30.3,35.3,104.7,0.943,low
298,Rourkela-Zone1,14,11.6,36.0,119.1,0.906,low
298,Rourkela-Zone1,15,0.0,34.6,119.1,0.843,low
298,Rourkela-Zone1,16,8.5,36.6,116.0,1.0,low
298,Rourkela-Zone1,17,2.9,37.9,125.0,1.0,low
298,Rourkela-Zone1,18,19.5,39.1,114.0,1.0,medium
298,Rourkela-Zone1,19,16.4,41.1,111.6,0.925,medium
298,Rourkela-Zone1,20,59.8,40.2,117.1,0.796,high
298,Rourkela-Zone1,21,36.3,41.2,110.7,0.88,high
298,Rourkela-Zone1,22,21.3,42.3,109.7,1.0,medium
298,Rourkela-Zone1,23,88.1,42.9,109.4,0.892,high
298,Rourkela-Zone1,24,118.1,43.9,107.7,0.869,high
298,Rourkela-Zone1,25,149.8,44.2,108.3,0.954,high
298,Rourkela-Zone1,26,149.3,42.9,99.3,1.0,high
298,Rourkela-Zone1,27,175.4,44.7,100.0,0.798,high
298,Rourkela-Zone1,28,191.7,40.9,96.9,1.0,high
298,Rourkela-Zone1,29,211.7,41.6,103.4,1.0,high
298,Rourkela-Zone1,30,223.5,41.2,94.6,0.923,high
298,Rourkela-Zone1,31,270.0,41.9,88.4,0.935,high
298,Rourkela-Zone1,32,262.3,41.3,93.0,0.689,high
298,Rourkela-Zone1,33,289.2,40.8,84.9,1.0,high
298,Rourkela-Zone1,34,271.3,38.8,90.9,0.893,high
298,Rourkela-Zone1,35,261.5,36.1,95.7,0.954,high
298,Rourkela-Zone1,36,265.7,34.2,99.6,0.797,high
298,Rourkela-Zone1,37,245.6,34.5,96.6,0.941,high
298,Rourkela-Zone1,38,252.5,34.9,100.7,0.891,high
298,Rourkela-Zone1,39,202.9,31.1,174.0,0.962,high
298,Rourkela-Zone1,40,262.6,29.5,162.4,0.972,high
298,Rourkela-Zone1,41,179.5,28.6,172.4,1.0,high
298,Rourkela-Zone1,42,143.8,27.3,183.1,1.0,high
298,Rourkela-Zone1,43,129.1,29.7,188.0,0.964,high
298,Rourkela-Zone1,44,104.7,25.8,177.6,0.954,high
298,Rourkela-Zone1,45,34.6,25.1,195.7,0.969,medium
298,Rourkela-Zone1,46,27.1,26.8,203.0,0.936,medium
298,Rourkela-Zone1,47,19.4,24.2,203.7,1.0,medium
298,Rourkela-Zone1,48,4.4,22.9,196.4,1.0,medium
298,Rourkela-Zone1,49,16.7,23.5,195.4,1.0,medium
298,Rourkela-Zone1,50,18.1,22.1,190.4,1.0,medium
298,Rourkela-Zone1,51,19.9,26.5,201.4,0.93,medium
298,Rourkela-Zone1,52,0.0,16.7,201.0,1.0,medium
299,Bhubaneswar-Zone1,0,49.0,21.8,193.4,0.938,medium
299,Bhubaneswar-Zone1,1,77.8,23.1,182.0,0.949,high
299,Bhubaneswar-Zone1,2,27.0,23.8,197.1,0.923,medium
299,Bhubaneswar-Zone1,3,32.5,23.1,193.3,0.919,medium
299,Bhubaneswar-Zone1,4,67.9,25.4,131.0,0.702,high
299,Bhubaneswar-Zone1,5,37.2,24.4,116.6,0.975,medium
299,Bhubaneswar-Zone1,6,45.8,26.3,107.7,0.823,medium
299,Bhubaneswar-Zone1,7,109.5,27.1,101.0,0.882,high
299,Bhubaneswar-Zone1,8,26.4,27.9,123.0,0.943,medium
299,Bhubaneswar-Zone1,9,61.9,27.4,112.9,0.993,high
299,Bhubaneswar-Zone1,10,59.1,31.8,121.6,0.797,high
299,Bhubaneswar-Zone1,11,32.6,31.7,106.6,0.827,medium
299,Bhubaneswar-Zone1,12,48.3,31.4,115.1,1.0,medium
299,Bhubaneswar-Zone1,13,55.6,33.5,107.3,0.98,medium
299,Bhubaneswar-Zone1,14,37.3,32.8,121.4,1.0,medium
299,Bhubaneswar-Zone1,15,24.6,36.4,111.0,0.789,medium
299,Bhubaneswar-Zone1,16,91.3,37.6,114.3,1.0,high
299,Bhubaneswar-Zone1,17,48.1,39.2,118.1,0.885,medium
299,Bhubaneswar-Zone1,18,42.5,39.3,118.9,0.833,medium
299,Bhubaneswar-Zone1,19,77.0,39.9,110.1,0.786,high
299,Bhubaneswar-Zone1,20,47.5,40.4,112.1,0.897,high
299,Bhubaneswar-Zone1,21,40.6,40.8,113.6,0.886,medium
299,Bhubaneswar-Zone1,22,106.5,43.3,98.6,0.867,high
299,Bhubaneswar-Zone1,23,108.8,39.8,95.1,0.99,high
299,Bhubaneswar-Zone1,24,131.7,42.3,109.6,0.904,high
299,Bhubaneswar-Zone1,25,172.0,44.7,95.6,0.846,low
299,Bhubaneswar-Zone1,26,233.2,43.0,91.6,0.997,high
299,Bhubaneswar-Zone1,27,239.5,39.7,100.0,0.79,high
299,Bhubaneswar-Zone1,28,277.5,41.6,82.4,0.917,high
299,Bhubaneswar-Zone1,29,266.7,44.0,80.0,0.829,high
299,Bhubaneswar-Zone1,30,288.9,41.6,86.7,0.869,high
299,Bhubaneswar-Zone1,31,315.4,37.7,94.3,0.96,high
299,Bhubaneswar-Zone1,32,347.5,38.7,80.1,0.927,high
299,Bhubaneswar-Zone1,33,310.4,40.2,84.4,0.883,high
299,Bhubaneswar-Zone1,34,360.4,35.9,81.1,0.859,high
299,Bhubaneswar-Zone1,35,379.1,39.7,78.3,0.897,high
299,Bhubaneswar-Zone1,36,336.6,37.5,77.7,0.871,high
299,Bhubaneswar-Zone1,37,342.3,34.8,76.1,0.786,high
299,Bhubaneswar-Zone1,38,316.9,32.3,111.4,1.0,high
299,Bhubaneswar-Zone1,39,305.7,31.8,166.1,0.912,high
299,Bhubaneswar-Zone1,40,248.4,30.8,169.3,1.0,high
299,Bhubaneswar-Zone1,41,221.0,28.0,179.9,0.773,medium
299,Bhubaneswar-Zone1,42,190.3,28.7,179.9,1.0,high
299,Bhubaneswar-Zone1,43,201.3,28.2,167.6,0.887,high
299,Bhubaneswar-Zone1,44,162.7,26.5,180.9,0.906,low
299,Bhubaneswar-Zone1,45,104.4,24.5,193.9,0.58,high
299,Bhubaneswar-Zone1,46,101.0,27.6,195.9,0.883,high
299,Bhubaneswar-Zone1,47,24.5,25.1,193.1,0.936,medium
299,Bhubaneswar-Zone1,48,43.1,26.0,193.1,0.902,medium
299,Bhubaneswar-Zone1,49,36.6,22.9,204.1,0.891,medium
299,Bhubaneswar-Zone1,50,40.1,21.7,205.1,0.775,medium
299,Bhubaneswar-Zone1,51,59.8,22.2,197.9,0.858,high
299,Bhubaneswar-Zone1,52,22.7,20.0,193.0,0.899,medium
